Data_Status,MSN,StateCode,Year,Data
2024F,TEACB,AK,1960,27139
2024F,TEACB,AK,1961,31895
2024F,TEACB,AK,1962,34182
2024F,TEACB,AK,1963,32387
2024F,TEACB,AK,1964,32246
2024F,TEACB,AK,1965,34379
2024F,TEACB,AK,1966,36233
2024F,TEACB,AK,1967,43862
2024F,TEACB,AK,1968,47177
2024F,TEACB,AK,1969,56517
2024F,TEACB,AK,1970,76386
2024F,TEACB,AK,1971,85018
2024F,TEACB,AK,1972,83425
2024F,TEACB,AK,1973,71354
2024F,TEACB,AK,1974,76803
2024F,TEACB,AK,1975,79665
2024F,TEACB,AK,1976,89123
2024F,TEACB,AK,1977,94045
2024F,TEACB,AK,1978,97936
2024F,TEACB,AK,1979,85842
2024F,TEACB,AK,1980,89804
2024F,TEACB,AK,1981,101238
2024F,TEACB,AK,1982,102239
2024F,TEACB,AK,1983,115944
2024F,TEACB,AK,1984,142997
2024F,TEACB,AK,1985,153931
2024F,TEACB,AK,1986,150698
2024F,TEACB,AK,1987,133896
2024F,TEACB,AK,1988,150456
2024F,TEACB,AK,1989,173382
2024F,TEACB,AK,1990,168892
2024F,TEACB,AK,1991,156413
2024F,TEACB,AK,1992,151927
2024F,TEACB,AK,1993,154297
2024F,TEACB,AK,1994,157266
2024F,TEACB,AK,1995,173607
2024F,TEACB,AK,1996,167528
2024F,TEACB,AK,1997,188588
2024F,TEACB,AK,1998,192174
2024F,TEACB,AK,1999,207434
2024F,TEACB,AK,2000,219733
2024F,TEACB,AK,2001,205457
2024F,TEACB,AK,2002,209339
2024F,TEACB,AK,2003,219243
2024F,TEACB,AK,2004,265801
2024F,TEACB,AK,2005,263620
2024F,TEACB,AK,2006,265470
2024F,TEACB,AK,2007,249625
2024F,TEACB,AK,2008,214641
2024F,TEACB,AK,2009,189799
2024F,TEACB,AK,2010,193837
2024F,TEACB,AK,2011,185460
2024F,TEACB,AK,2012,168525
2024F,TEACB,AK,2013,152482
2024F,TEACB,AK,2014,155527
2024F,TEACB,AK,2015,163382
2024F,TEACB,AK,2016,154019
2024F,TEACB,AK,2017,156342
2024F,TEACB,AK,2018,164359
2024F,TEACB,AK,2019,164986
2024F,TEACB,AK,2020,165512
2024F,TEACB,AK,2021,194176
2024F,TEACB,AK,2022,198941
2024F,TEACB,AK,2023,204074
2024F,TEACB,AK,2024,205104
2024F,TEACB,AL,1960,176015
2024F,TEACB,AL,1961,172023
2024F,TEACB,AL,1962,179802
2024F,TEACB,AL,1963,189395
2024F,TEACB,AL,1964,190545
2024F,TEACB,AL,1965,200727
2024F,TEACB,AL,1966,206854
2024F,TEACB,AL,1967,216031
2024F,TEACB,AL,1968,242554
2024F,TEACB,AL,1969,255625
2024F,TEACB,AL,1970,268489
2024F,TEACB,AL,1971,281247
2024F,TEACB,AL,1972,300827
2024F,TEACB,AL,1973,327548
2024F,TEACB,AL,1974,350726
2024F,TEACB,AL,1975,363127
2024F,TEACB,AL,1976,373155
2024F,TEACB,AL,1977,395543
2024F,TEACB,AL,1978,405416
2024F,TEACB,AL,1979,353042
2024F,TEACB,AL,1980,349881
2024F,TEACB,AL,1981,342116
2024F,TEACB,AL,1982,333176
2024F,TEACB,AL,1983,324451
2024F,TEACB,AL,1984,337698
2024F,TEACB,AL,1985,334813
2024F,TEACB,AL,1986,349194
2024F,TEACB,AL,1987,374883
2024F,TEACB,AL,1988,377985
2024F,TEACB,AL,1989,401324
2024F,TEACB,AL,1990,397799
2024F,TEACB,AL,1991,406124
2024F,TEACB,AL,1992,417482
2024F,TEACB,AL,1993,413632
2024F,TEACB,AL,1994,431784
2024F,TEACB,AL,1995,454692
2024F,TEACB,AL,1996,444370
2024F,TEACB,AL,1997,439699
2024F,TEACB,AL,1998,447984
2024F,TEACB,AL,1999,453914
2024F,TEACB,AL,2000,472549
2024F,TEACB,AL,2001,445445
2024F,TEACB,AL,2002,472527
2024F,TEACB,AL,2003,458057
2024F,TEACB,AL,2004,493169
2024F,TEACB,AL,2005,489525
2024F,TEACB,AL,2006,496100
2024F,TEACB,AL,2007,499549
2024F,TEACB,AL,2008,467614
2024F,TEACB,AL,2009,459035
2024F,TEACB,AL,2010,478021
2024F,TEACB,AL,2011,477604
2024F,TEACB,AL,2012,471350
2024F,TEACB,AL,2013,465999
2024F,TEACB,AL,2014,465046
2024F,TEACB,AL,2015,480635
2024F,TEACB,AL,2016,504392
2024F,TEACB,AL,2017,498642
2024F,TEACB,AL,2018,488587
2024F,TEACB,AL,2019,500947
2024F,TEACB,AL,2020,497477
2024F,TEACB,AL,2021,555534
2024F,TEACB,AL,2022,552731
2024F,TEACB,AL,2023,543231
2024F,TEACB,AL,2024,559279
2024F,TEACB,AR,1960,104652
2024F,TEACB,AR,1961,114214
2024F,TEACB,AR,1962,116715
2024F,TEACB,AR,1963,123586
2024F,TEACB,AR,1964,130214
2024F,TEACB,AR,1965,129593
2024F,TEACB,AR,1966,136348
2024F,TEACB,AR,1967,139183
2024F,TEACB,AR,1968,153822
2024F,TEACB,AR,1969,159784
2024F,TEACB,AR,1970,166549
2024F,TEACB,AR,1971,173379
2024F,TEACB,AR,1972,193085
2024F,TEACB,AR,1973,209852
2024F,TEACB,AR,1974,210118
2024F,TEACB,AR,1975,209528
2024F,TEACB,AR,1976,216054
2024F,TEACB,AR,1977,222603
2024F,TEACB,AR,1978,229577
2024F,TEACB,AR,1979,200014
2024F,TEACB,AR,1980,204275
2024F,TEACB,AR,1981,208967
2024F,TEACB,AR,1982,208325
2024F,TEACB,AR,1983,195411
2024F,TEACB,AR,1984,207483
2024F,TEACB,AR,1985,203444
2024F,TEACB,AR,1986,207724
2024F,TEACB,AR,1987,216907
2024F,TEACB,AR,1988,226684
2024F,TEACB,AR,1989,233710
2024F,TEACB,AR,1990,228101
2024F,TEACB,AR,1991,229427
2024F,TEACB,AR,1992,227667
2024F,TEACB,AR,1993,238191
2024F,TEACB,AR,1994,255166
2024F,TEACB,AR,1995,260424
2024F,TEACB,AR,1996,265553
2024F,TEACB,AR,1997,273172
2024F,TEACB,AR,1998,275696
2024F,TEACB,AR,1999,293044
2024F,TEACB,AR,2000,293838
2024F,TEACB,AR,2001,277439
2024F,TEACB,AR,2002,285353
2024F,TEACB,AR,2003,285258
2024F,TEACB,AR,2004,288206
2024F,TEACB,AR,2005,288729
2024F,TEACB,AR,2006,288737
2024F,TEACB,AR,2007,292672
2024F,TEACB,AR,2008,285174
2024F,TEACB,AR,2009,285150
2024F,TEACB,AR,2010,289317
2024F,TEACB,AR,2011,286279
2024F,TEACB,AR,2012,277062
2024F,TEACB,AR,2013,275498
2024F,TEACB,AR,2014,279428
2024F,TEACB,AR,2015,276390
2024F,TEACB,AR,2016,282996
2024F,TEACB,AR,2017,284658
2024F,TEACB,AR,2018,285701
2024F,TEACB,AR,2019,288459
2024F,TEACB,AR,2020,270910
2024F,TEACB,AR,2021,284677
2024F,TEACB,AR,2022,283609
2024F,TEACB,AR,2023,287538
2024F,TEACB,AR,2024,287963
2024F,TEACB,AZ,1960,116689
2024F,TEACB,AZ,1961,121239
2024F,TEACB,AZ,1962,129736
2024F,TEACB,AZ,1963,136740
2024F,TEACB,AZ,1964,143720
2024F,TEACB,AZ,1965,139441
2024F,TEACB,AZ,1966,148689
2024F,TEACB,AZ,1967,159735
2024F,TEACB,AZ,1968,183623
2024F,TEACB,AZ,1969,192910
2024F,TEACB,AZ,1970,194132
2024F,TEACB,AZ,1971,204293
2024F,TEACB,AZ,1972,225168
2024F,TEACB,AZ,1973,243872
2024F,TEACB,AZ,1974,233258
2024F,TEACB,AZ,1975,230139
2024F,TEACB,AZ,1976,235052
2024F,TEACB,AZ,1977,253262
2024F,TEACB,AZ,1978,267033
2024F,TEACB,AZ,1979,274217
2024F,TEACB,AZ,1980,265931
2024F,TEACB,AZ,1981,269191
2024F,TEACB,AZ,1982,261440
2024F,TEACB,AZ,1983,263390
2024F,TEACB,AZ,1984,279869
2024F,TEACB,AZ,1985,293447
2024F,TEACB,AZ,1986,299713
2024F,TEACB,AZ,1987,312326
2024F,TEACB,AZ,1988,322840
2024F,TEACB,AZ,1989,322219
2024F,TEACB,AZ,1990,325563
2024F,TEACB,AZ,1991,332408
2024F,TEACB,AZ,1992,336940
2024F,TEACB,AZ,1993,352581
2024F,TEACB,AZ,1994,366258
2024F,TEACB,AZ,1995,372801
2024F,TEACB,AZ,1996,394105
2024F,TEACB,AZ,1997,394605
2024F,TEACB,AZ,1998,424601
2024F,TEACB,AZ,1999,447923
2024F,TEACB,AZ,2000,459904
2024F,TEACB,AZ,2001,475175
2024F,TEACB,AZ,2002,485228
2024F,TEACB,AZ,2003,500076
2024F,TEACB,AZ,2004,510211
2024F,TEACB,AZ,2005,532716
2024F,TEACB,AZ,2006,549271
2024F,TEACB,AZ,2007,541381
2024F,TEACB,AZ,2008,504995
2024F,TEACB,AZ,2009,476336
2024F,TEACB,AZ,2010,516833
2024F,TEACB,AZ,2011,513616
2024F,TEACB,AZ,2012,503236
2024F,TEACB,AZ,2013,511660
2024F,TEACB,AZ,2014,517644
2024F,TEACB,AZ,2015,527831
2024F,TEACB,AZ,2016,541139
2024F,TEACB,AZ,2017,544625
2024F,TEACB,AZ,2018,555070
2024F,TEACB,AZ,2019,571039
2024F,TEACB,AZ,2020,509595
2024F,TEACB,AZ,2021,566564
2024F,TEACB,AZ,2022,550656
2024F,TEACB,AZ,2023,561819
2024F,TEACB,AZ,2024,577799
2024F,TEACB,CA,1960,1224346
2024F,TEACB,CA,1961,1292619
2024F,TEACB,CA,1962,1316703
2024F,TEACB,CA,1963,1354162
2024F,TEACB,CA,1964,1421143
2024F,TEACB,CA,1965,1491398
2024F,TEACB,CA,1966,1592651
2024F,TEACB,CA,1967,1654310
2024F,TEACB,CA,1968,1779248
2024F,TEACB,CA,1969,1829801
2024F,TEACB,CA,1970,1832625
2024F,TEACB,CA,1971,1909060
2024F,TEACB,CA,1972,1931989
2024F,TEACB,CA,1973,1986920
2024F,TEACB,CA,1974,1899445
2024F,TEACB,CA,1975,1955579
2024F,TEACB,CA,1976,2065224
2024F,TEACB,CA,1977,2206812
2024F,TEACB,CA,1978,2372880
2024F,TEACB,CA,1979,2354257
2024F,TEACB,CA,1980,2363647
2024F,TEACB,CA,1981,2345627
2024F,TEACB,CA,1982,2230627
2024F,TEACB,CA,1983,2253678
2024F,TEACB,CA,1984,2373702
2024F,TEACB,CA,1985,2364263
2024F,TEACB,CA,1986,2447259
2024F,TEACB,CA,1987,2578275
2024F,TEACB,CA,1988,2730003
2024F,TEACB,CA,1989,2816883
2024F,TEACB,CA,1990,2834042
2024F,TEACB,CA,1991,2690888
2024F,TEACB,CA,1992,2680672
2024F,TEACB,CA,1993,2629975
2024F,TEACB,CA,1994,2752103
2024F,TEACB,CA,1995,2816214
2024F,TEACB,CA,1996,2865202
2024F,TEACB,CA,1997,2798951
2024F,TEACB,CA,1998,2806838
2024F,TEACB,CA,1999,2868690
2024F,TEACB,CA,2000,3016982
2024F,TEACB,CA,2001,2966568
2024F,TEACB,CA,2002,3129911
2024F,TEACB,CA,2003,3040202
2024F,TEACB,CA,2004,3192745
2024F,TEACB,CA,2005,3278919
2024F,TEACB,CA,2006,3327189
2024F,TEACB,CA,2007,3354398
2024F,TEACB,CA,2008,3144123
2024F,TEACB,CA,2009,3062269
2024F,TEACB,CA,2010,2934822
2024F,TEACB,CA,2011,2829284
2024F,TEACB,CA,2012,2774561
2024F,TEACB,CA,2013,2776555
2024F,TEACB,CA,2014,2797587
2024F,TEACB,CA,2015,2863796
2024F,TEACB,CA,2016,2968766
2024F,TEACB,CA,2017,3047143
2024F,TEACB,CA,2018,3061412
2024F,TEACB,CA,2019,3058755
2024F,TEACB,CA,2020,2354857
2024F,TEACB,CA,2021,2801111
2024F,TEACB,CA,2022,2917360
2024F,TEACB,CA,2023,3032405
2024F,TEACB,CA,2024,3110544
2024F,TEACB,CO,1960,104450
2024F,TEACB,CO,1961,114878
2024F,TEACB,CO,1962,122860
2024F,TEACB,CO,1963,129258
2024F,TEACB,CO,1964,133723
2024F,TEACB,CO,1965,138618
2024F,TEACB,CO,1966,147575
2024F,TEACB,CO,1967,154378
2024F,TEACB,CO,1968,172368
2024F,TEACB,CO,1969,182623
2024F,TEACB,CO,1970,195193
2024F,TEACB,CO,1971,206248
2024F,TEACB,CO,1972,224073
2024F,TEACB,CO,1973,234426
2024F,TEACB,CO,1974,231020
2024F,TEACB,CO,1975,237340
2024F,TEACB,CO,1976,250996
2024F,TEACB,CO,1977,262260
2024F,TEACB,CO,1978,279228
2024F,TEACB,CO,1979,269764
2024F,TEACB,CO,1980,251120
2024F,TEACB,CO,1981,249246
2024F,TEACB,CO,1982,259137
2024F,TEACB,CO,1983,255521
2024F,TEACB,CO,1984,266929
2024F,TEACB,CO,1985,277566
2024F,TEACB,CO,1986,278417
2024F,TEACB,CO,1987,281120
2024F,TEACB,CO,1988,272773
2024F,TEACB,CO,1989,266101
2024F,TEACB,CO,1990,271483
2024F,TEACB,CO,1991,273879
2024F,TEACB,CO,1992,278016
2024F,TEACB,CO,1993,303181
2024F,TEACB,CO,1994,308186
2024F,TEACB,CO,1995,319504
2024F,TEACB,CO,1996,328226
2024F,TEACB,CO,1997,326348
2024F,TEACB,CO,1998,340750
2024F,TEACB,CO,1999,361724
2024F,TEACB,CO,2000,366110
2024F,TEACB,CO,2001,386387
2024F,TEACB,CO,2002,383284
2024F,TEACB,CO,2003,378045
2024F,TEACB,CO,2004,416502
2024F,TEACB,CO,2005,423024
2024F,TEACB,CO,2006,432154
2024F,TEACB,CO,2007,441956
2024F,TEACB,CO,2008,425012
2024F,TEACB,CO,2009,414356
2024F,TEACB,CO,2010,421455
2024F,TEACB,CO,2011,414394
2024F,TEACB,CO,2012,411182
2024F,TEACB,CO,2013,412323
2024F,TEACB,CO,2014,424426
2024F,TEACB,CO,2015,421873
2024F,TEACB,CO,2016,430633
2024F,TEACB,CO,2017,435024
2024F,TEACB,CO,2018,449912
2024F,TEACB,CO,2019,460739
2024F,TEACB,CO,2020,378714
2024F,TEACB,CO,2021,433675
2024F,TEACB,CO,2022,468548
2024F,TEACB,CO,2023,447930
2024F,TEACB,CO,2024,445986
2024F,TEACB,CT,1960,116898
2024F,TEACB,CT,1961,125496
2024F,TEACB,CT,1962,130768
2024F,TEACB,CT,1963,134750
2024F,TEACB,CT,1964,137397
2024F,TEACB,CT,1965,140533
2024F,TEACB,CT,1966,150121
2024F,TEACB,CT,1967,155282
2024F,TEACB,CT,1968,168490
2024F,TEACB,CT,1969,174636
2024F,TEACB,CT,1970,182566
2024F,TEACB,CT,1971,184357
2024F,TEACB,CT,1972,194609
2024F,TEACB,CT,1973,201251
2024F,TEACB,CT,1974,198339
2024F,TEACB,CT,1975,196470
2024F,TEACB,CT,1976,201295
2024F,TEACB,CT,1977,204071
2024F,TEACB,CT,1978,205676
2024F,TEACB,CT,1979,194654
2024F,TEACB,CT,1980,185174
2024F,TEACB,CT,1981,181361
2024F,TEACB,CT,1982,186080
2024F,TEACB,CT,1983,187348
2024F,TEACB,CT,1984,195062
2024F,TEACB,CT,1985,196759
2024F,TEACB,CT,1986,200195
2024F,TEACB,CT,1987,209097
2024F,TEACB,CT,1988,216609
2024F,TEACB,CT,1989,218201
2024F,TEACB,CT,1990,205529
2024F,TEACB,CT,1991,204102
2024F,TEACB,CT,1992,205609
2024F,TEACB,CT,1993,206060
2024F,TEACB,CT,1994,205590
2024F,TEACB,CT,1995,201738
2024F,TEACB,CT,1996,213178
2024F,TEACB,CT,1997,213989
2024F,TEACB,CT,1998,216761
2024F,TEACB,CT,1999,235201
2024F,TEACB,CT,2000,227972
2024F,TEACB,CT,2001,237681
2024F,TEACB,CT,2002,236689
2024F,TEACB,CT,2003,248567
2024F,TEACB,CT,2004,284554
2024F,TEACB,CT,2005,262573
2024F,TEACB,CT,2006,256817
2024F,TEACB,CT,2007,257409
2024F,TEACB,CT,2008,242885
2024F,TEACB,CT,2009,239036
2024F,TEACB,CT,2010,239264
2024F,TEACB,CT,2011,234772
2024F,TEACB,CT,2012,228819
2024F,TEACB,CT,2013,225222
2024F,TEACB,CT,2014,225434
2024F,TEACB,CT,2015,227274
2024F,TEACB,CT,2016,229217
2024F,TEACB,CT,2017,232204
2024F,TEACB,CT,2018,237505
2024F,TEACB,CT,2019,233450
2024F,TEACB,CT,2020,197141
2024F,TEACB,CT,2021,214891
2024F,TEACB,CT,2022,226027
2024F,TEACB,CT,2023,217319
2024F,TEACB,CT,2024,228936
2024F,TEACB,DC,1960,28772
2024F,TEACB,DC,1961,29535
2024F,TEACB,DC,1962,29525
2024F,TEACB,DC,1963,29602
2024F,TEACB,DC,1964,31091
2024F,TEACB,DC,1965,33820
2024F,TEACB,DC,1966,33780
2024F,TEACB,DC,1967,32459
2024F,TEACB,DC,1968,32904
2024F,TEACB,DC,1969,32675
2024F,TEACB,DC,1970,32848
2024F,TEACB,DC,1971,33280
2024F,TEACB,DC,1972,33608
2024F,TEACB,DC,1973,38665
2024F,TEACB,DC,1974,39736
2024F,TEACB,DC,1975,37069
2024F,TEACB,DC,1976,38014
2024F,TEACB,DC,1977,37622
2024F,TEACB,DC,1978,35130
2024F,TEACB,DC,1979,30224
2024F,TEACB,DC,1980,27291
2024F,TEACB,DC,1981,29213
2024F,TEACB,DC,1982,37666
2024F,TEACB,DC,1983,28944
2024F,TEACB,DC,1984,28083
2024F,TEACB,DC,1985,28088
2024F,TEACB,DC,1986,30293
2024F,TEACB,DC,1987,28582
2024F,TEACB,DC,1988,29736
2024F,TEACB,DC,1989,29175
2024F,TEACB,DC,1990,27384
2024F,TEACB,DC,1991,27379
2024F,TEACB,DC,1992,27703
2024F,TEACB,DC,1993,28088
2024F,TEACB,DC,1994,27332
2024F,TEACB,DC,1995,27134
2024F,TEACB,DC,1996,26155
2024F,TEACB,DC,1997,26629
2024F,TEACB,DC,1998,25977
2024F,TEACB,DC,1999,26574
2024F,TEACB,DC,2000,27806
2024F,TEACB,DC,2001,25901
2024F,TEACB,DC,2002,24567
2024F,TEACB,DC,2003,25311
2024F,TEACB,DC,2004,26883
2024F,TEACB,DC,2005,23385
2024F,TEACB,DC,2006,21361
2024F,TEACB,DC,2007,21141
2024F,TEACB,DC,2008,18649
2024F,TEACB,DC,2009,19531
2024F,TEACB,DC,2010,19040
2024F,TEACB,DC,2011,20967
2024F,TEACB,DC,2012,18856
2024F,TEACB,DC,2013,19174
2024F,TEACB,DC,2014,20634
2024F,TEACB,DC,2015,20034
2024F,TEACB,DC,2016,20943
2024F,TEACB,DC,2017,18090
2024F,TEACB,DC,2018,19940
2024F,TEACB,DC,2019,21500
2024F,TEACB,DC,2020,16434
2024F,TEACB,DC,2021,17817
2024F,TEACB,DC,2022,17716
2024F,TEACB,DC,2023,17401
2024F,TEACB,DC,2024,18723
2024F,TEACB,DE,1960,43735
2024F,TEACB,DE,1961,44020
2024F,TEACB,DE,1962,41960
2024F,TEACB,DE,1963,42957
2024F,TEACB,DE,1964,43653
2024F,TEACB,DE,1965,43432
2024F,TEACB,DE,1966,44193
2024F,TEACB,DE,1967,45334
2024F,TEACB,DE,1968,51755
2024F,TEACB,DE,1969,52631
2024F,TEACB,DE,1970,50326
2024F,TEACB,DE,1971,50851
2024F,TEACB,DE,1972,53261
2024F,TEACB,DE,1973,56942
2024F,TEACB,DE,1974,56886
2024F,TEACB,DE,1975,55048
2024F,TEACB,DE,1976,57596
2024F,TEACB,DE,1977,56927
2024F,TEACB,DE,1978,54928
2024F,TEACB,DE,1979,52434
2024F,TEACB,DE,1980,53979
2024F,TEACB,DE,1981,51388
2024F,TEACB,DE,1982,49564
2024F,TEACB,DE,1983,55479
2024F,TEACB,DE,1984,57524
2024F,TEACB,DE,1985,56930
2024F,TEACB,DE,1986,60237
2024F,TEACB,DE,1987,65275
2024F,TEACB,DE,1988,64373
2024F,TEACB,DE,1989,65685
2024F,TEACB,DE,1990,62955
2024F,TEACB,DE,1991,70337
2024F,TEACB,DE,1992,65057
2024F,TEACB,DE,1993,67786
2024F,TEACB,DE,1994,63155
2024F,TEACB,DE,1995,59981
2024F,TEACB,DE,1996,66267
2024F,TEACB,DE,1997,64816
2024F,TEACB,DE,1998,65432
2024F,TEACB,DE,1999,67935
2024F,TEACB,DE,2000,70445
2024F,TEACB,DE,2001,65429
2024F,TEACB,DE,2002,68667
2024F,TEACB,DE,2003,67455
2024F,TEACB,DE,2004,68855
2024F,TEACB,DE,2005,72667
2024F,TEACB,DE,2006,74446
2024F,TEACB,DE,2007,74895
2024F,TEACB,DE,2008,71238
2024F,TEACB,DE,2009,68878
2024F,TEACB,DE,2010,80560
2024F,TEACB,DE,2011,73704
2024F,TEACB,DE,2012,72444
2024F,TEACB,DE,2013,68370
2024F,TEACB,DE,2014,69094
2024F,TEACB,DE,2015,72597
2024F,TEACB,DE,2016,75699
2024F,TEACB,DE,2017,79745
2024F,TEACB,DE,2018,83724
2024F,TEACB,DE,2019,86814
2024F,TEACB,DE,2020,73104
2024F,TEACB,DE,2021,80021
2024F,TEACB,DE,2022,77524
2024F,TEACB,DE,2023,80663
2024F,TEACB,DE,2024,77928
2024F,TEACB,FL,1960,348001
2024F,TEACB,FL,1961,358850
2024F,TEACB,FL,1962,407087
2024F,TEACB,FL,1963,415833
2024F,TEACB,FL,1964,432389
2024F,TEACB,FL,1965,456712
2024F,TEACB,FL,1966,473137
2024F,TEACB,FL,1967,495399
2024F,TEACB,FL,1968,548917
2024F,TEACB,FL,1969,582377
2024F,TEACB,FL,1970,608352
2024F,TEACB,FL,1971,641555
2024F,TEACB,FL,1972,706248
2024F,TEACB,FL,1973,772004
2024F,TEACB,FL,1974,738593
2024F,TEACB,FL,1975,747689
2024F,TEACB,FL,1976,777288
2024F,TEACB,FL,1977,833098
2024F,TEACB,FL,1978,876871
2024F,TEACB,FL,1979,932217
2024F,TEACB,FL,1980,950588
2024F,TEACB,FL,1981,955122
2024F,TEACB,FL,1982,937880
2024F,TEACB,FL,1983,941159
2024F,TEACB,FL,1984,926838
2024F,TEACB,FL,1985,957694
2024F,TEACB,FL,1986,1008810
2024F,TEACB,FL,1987,1066887
2024F,TEACB,FL,1988,1129005
2024F,TEACB,FL,1989,1139558
2024F,TEACB,FL,1990,1137417
2024F,TEACB,FL,1991,1077903
2024F,TEACB,FL,1992,1113433
2024F,TEACB,FL,1993,1100341
2024F,TEACB,FL,1994,1179538
2024F,TEACB,FL,1995,1211336
2024F,TEACB,FL,1996,1221298
2024F,TEACB,FL,1997,1264799
2024F,TEACB,FL,1998,1284395
2024F,TEACB,FL,1999,1325489
2024F,TEACB,FL,2000,1404072
2024F,TEACB,FL,2001,1383883
2024F,TEACB,FL,2002,1415567
2024F,TEACB,FL,2003,1398564
2024F,TEACB,FL,2004,1546633
2024F,TEACB,FL,2005,1590321
2024F,TEACB,FL,2006,1622964
2024F,TEACB,FL,2007,1597746
2024F,TEACB,FL,2008,1497055
2024F,TEACB,FL,2009,1418387
2024F,TEACB,FL,2010,1555641
2024F,TEACB,FL,2011,1531988
2024F,TEACB,FL,2012,1510185
2024F,TEACB,FL,2013,1535226
2024F,TEACB,FL,2014,1553639
2024F,TEACB,FL,2015,1611393
2024F,TEACB,FL,2016,1647748
2024F,TEACB,FL,2017,1686659
2024F,TEACB,FL,2018,1770889
2024F,TEACB,FL,2019,1744428
2024F,TEACB,FL,2020,1418943
2024F,TEACB,FL,2021,1677480
2024F,TEACB,FL,2022,1744075
2024F,TEACB,FL,2023,1777042
2024F,TEACB,FL,2024,1811013
2024F,TEACB,GA,1960,208533
2024F,TEACB,GA,1961,208089
2024F,TEACB,GA,1962,225338
2024F,TEACB,GA,1963,239176
2024F,TEACB,GA,1964,249133
2024F,TEACB,GA,1965,257459
2024F,TEACB,GA,1966,282715
2024F,TEACB,GA,1967,317508
2024F,TEACB,GA,1968,352836
2024F,TEACB,GA,1969,376949
2024F,TEACB,GA,1970,400637
2024F,TEACB,GA,1971,432077
2024F,TEACB,GA,1972,461433
2024F,TEACB,GA,1973,508272
2024F,TEACB,GA,1974,488267
2024F,TEACB,GA,1975,487288
2024F,TEACB,GA,1976,508176
2024F,TEACB,GA,1977,528643
2024F,TEACB,GA,1978,550247
2024F,TEACB,GA,1979,569712
2024F,TEACB,GA,1980,549560
2024F,TEACB,GA,1981,541819
2024F,TEACB,GA,1982,541852
2024F,TEACB,GA,1983,560948
2024F,TEACB,GA,1984,583649
2024F,TEACB,GA,1985,590584
2024F,TEACB,GA,1986,621760
2024F,TEACB,GA,1987,662416
2024F,TEACB,GA,1988,694396
2024F,TEACB,GA,1989,674359
2024F,TEACB,GA,1990,682461
2024F,TEACB,GA,1991,664978
2024F,TEACB,GA,1992,668773
2024F,TEACB,GA,1993,741521
2024F,TEACB,GA,1994,753095
2024F,TEACB,GA,1995,789846
2024F,TEACB,GA,1996,834713
2024F,TEACB,GA,1997,802959
2024F,TEACB,GA,1998,830734
2024F,TEACB,GA,1999,859973
2024F,TEACB,GA,2000,859647
2024F,TEACB,GA,2001,858332
2024F,TEACB,GA,2002,860650
2024F,TEACB,GA,2003,887886
2024F,TEACB,GA,2004,924990
2024F,TEACB,GA,2005,966031
2024F,TEACB,GA,2006,950315
2024F,TEACB,GA,2007,926070
2024F,TEACB,GA,2008,866234
2024F,TEACB,GA,2009,928537
2024F,TEACB,GA,2010,989215
2024F,TEACB,GA,2011,970495
2024F,TEACB,GA,2012,913952
2024F,TEACB,GA,2013,938008
2024F,TEACB,GA,2014,906300
2024F,TEACB,GA,2015,952410
2024F,TEACB,GA,2016,914215
2024F,TEACB,GA,2017,967886
2024F,TEACB,GA,2018,945576
2024F,TEACB,GA,2019,937137
2024F,TEACB,GA,2020,825806
2024F,TEACB,GA,2021,862159
2024F,TEACB,GA,2022,877379
2024F,TEACB,GA,2023,948760
2024F,TEACB,GA,2024,935190
2024F,TEACB,HI,1960,61778
2024F,TEACB,HI,1961,74032
2024F,TEACB,HI,1962,66104
2024F,TEACB,HI,1963,69466
2024F,TEACB,HI,1964,74849
2024F,TEACB,HI,1965,78979
2024F,TEACB,HI,1966,91537
2024F,TEACB,HI,1967,105098
2024F,TEACB,HI,1968,122002
2024F,TEACB,HI,1969,125141
2024F,TEACB,HI,1970,125344
2024F,TEACB,HI,1971,138833
2024F,TEACB,HI,1972,136476
2024F,TEACB,HI,1973,140854
2024F,TEACB,HI,1974,128660
2024F,TEACB,HI,1975,130543
2024F,TEACB,HI,1976,131684
2024F,TEACB,HI,1977,141346
2024F,TEACB,HI,1978,144630
2024F,TEACB,HI,1979,156359
2024F,TEACB,HI,1980,146713
2024F,TEACB,HI,1981,124102
2024F,TEACB,HI,1982,102196
2024F,TEACB,HI,1983,117875
2024F,TEACB,HI,1984,129351
2024F,TEACB,HI,1985,142888
2024F,TEACB,HI,1986,127072
2024F,TEACB,HI,1987,124138
2024F,TEACB,HI,1988,140944
2024F,TEACB,HI,1989,154497
2024F,TEACB,HI,1990,154545
2024F,TEACB,HI,1991,151201
2024F,TEACB,HI,1992,144127
2024F,TEACB,HI,1993,130086
2024F,TEACB,HI,1994,139865
2024F,TEACB,HI,1995,138041
2024F,TEACB,HI,1996,121533
2024F,TEACB,HI,1997,117181
2024F,TEACB,HI,1998,114518
2024F,TEACB,HI,1999,122989
2024F,TEACB,HI,2000,125096
2024F,TEACB,HI,2001,131917
2024F,TEACB,HI,2002,140056
2024F,TEACB,HI,2003,162796
2024F,TEACB,HI,2004,171909
2024F,TEACB,HI,2005,179105
2024F,TEACB,HI,2006,181296
2024F,TEACB,HI,2007,194353
2024F,TEACB,HI,2008,136430
2024F,TEACB,HI,2009,132826
2024F,TEACB,HI,2010,156899
2024F,TEACB,HI,2011,161563
2024F,TEACB,HI,2012,161352
2024F,TEACB,HI,2013,164751
2024F,TEACB,HI,2014,157674
2024F,TEACB,HI,2015,161104
2024F,TEACB,HI,2016,162720
2024F,TEACB,HI,2017,170030
2024F,TEACB,HI,2018,172656
2024F,TEACB,HI,2019,173984
2024F,TEACB,HI,2020,108898
2024F,TEACB,HI,2021,142672
2024F,TEACB,HI,2022,155979
2024F,TEACB,HI,2023,160674
2024F,TEACB,HI,2024,160947
2024F,TEACB,IA,1960,151001
2024F,TEACB,IA,1961,147507
2024F,TEACB,IA,1962,153878
2024F,TEACB,IA,1963,159082
2024F,TEACB,IA,1964,161376
2024F,TEACB,IA,1965,161744
2024F,TEACB,IA,1966,171703
2024F,TEACB,IA,1967,183403
2024F,TEACB,IA,1968,196338
2024F,TEACB,IA,1969,206896
2024F,TEACB,IA,1970,210247
2024F,TEACB,IA,1971,230011
2024F,TEACB,IA,1972,238881
2024F,TEACB,IA,1973,256476
2024F,TEACB,IA,1974,246911
2024F,TEACB,IA,1975,248508
2024F,TEACB,IA,1976,257384
2024F,TEACB,IA,1977,261075
2024F,TEACB,IA,1978,260059
2024F,TEACB,IA,1979,259122
2024F,TEACB,IA,1980,238037
2024F,TEACB,IA,1981,226744
2024F,TEACB,IA,1982,231164
2024F,TEACB,IA,1983,229299
2024F,TEACB,IA,1984,228259
2024F,TEACB,IA,1985,222333
2024F,TEACB,IA,1986,218170
2024F,TEACB,IA,1987,228123
2024F,TEACB,IA,1988,235332
2024F,TEACB,IA,1989,237178
2024F,TEACB,IA,1990,235625
2024F,TEACB,IA,1991,228184
2024F,TEACB,IA,1992,226937
2024F,TEACB,IA,1993,231808
2024F,TEACB,IA,1994,247614
2024F,TEACB,IA,1995,256890
2024F,TEACB,IA,1996,272661
2024F,TEACB,IA,1997,266370
2024F,TEACB,IA,1998,275603
2024F,TEACB,IA,1999,274154
2024F,TEACB,IA,2000,270870
2024F,TEACB,IA,2001,269728
2024F,TEACB,IA,2002,278502
2024F,TEACB,IA,2003,281575
2024F,TEACB,IA,2004,296307
2024F,TEACB,IA,2005,300759
2024F,TEACB,IA,2006,307447
2024F,TEACB,IA,2007,313018
2024F,TEACB,IA,2008,305880
2024F,TEACB,IA,2009,298557
2024F,TEACB,IA,2010,304935
2024F,TEACB,IA,2011,307516
2024F,TEACB,IA,2012,291775
2024F,TEACB,IA,2013,296977
2024F,TEACB,IA,2014,307827
2024F,TEACB,IA,2015,299540
2024F,TEACB,IA,2016,316201
2024F,TEACB,IA,2017,301184
2024F,TEACB,IA,2018,304218
2024F,TEACB,IA,2019,304554
2024F,TEACB,IA,2020,277457
2024F,TEACB,IA,2021,295630
2024F,TEACB,IA,2022,299296
2024F,TEACB,IA,2023,293248
2024F,TEACB,IA,2024,300391
2024F,TEACB,ID,1960,42448
2024F,TEACB,ID,1961,41866
2024F,TEACB,ID,1962,44468
2024F,TEACB,ID,1963,43894
2024F,TEACB,ID,1964,45479
2024F,TEACB,ID,1965,49550
2024F,TEACB,ID,1966,53667
2024F,TEACB,ID,1967,54383
2024F,TEACB,ID,1968,56019
2024F,TEACB,ID,1969,60261
2024F,TEACB,ID,1970,65806
2024F,TEACB,ID,1971,68285
2024F,TEACB,ID,1972,73323
2024F,TEACB,ID,1973,75193
2024F,TEACB,ID,1974,76433
2024F,TEACB,ID,1975,79098
2024F,TEACB,ID,1976,84321
2024F,TEACB,ID,1977,88129
2024F,TEACB,ID,1978,93007
2024F,TEACB,ID,1979,99686
2024F,TEACB,ID,1980,83315
2024F,TEACB,ID,1981,76720
2024F,TEACB,ID,1982,75113
2024F,TEACB,ID,1983,74453
2024F,TEACB,ID,1984,77642
2024F,TEACB,ID,1985,79813
2024F,TEACB,ID,1986,80510
2024F,TEACB,ID,1987,82283
2024F,TEACB,ID,1988,84336
2024F,TEACB,ID,1989,88615
2024F,TEACB,ID,1990,90874
2024F,TEACB,ID,1991,88787
2024F,TEACB,ID,1992,89674
2024F,TEACB,ID,1993,100692
2024F,TEACB,ID,1994,103105
2024F,TEACB,ID,1995,110452
2024F,TEACB,ID,1996,112208
2024F,TEACB,ID,1997,114869
2024F,TEACB,ID,1998,117181
2024F,TEACB,ID,1999,123440
2024F,TEACB,ID,2000,124232
2024F,TEACB,ID,2001,121405
2024F,TEACB,ID,2002,123256
2024F,TEACB,ID,2003,117135
2024F,TEACB,ID,2004,122155
2024F,TEACB,ID,2005,123130
2024F,TEACB,ID,2006,131162
2024F,TEACB,ID,2007,135467
2024F,TEACB,ID,2008,124001
2024F,TEACB,ID,2009,122820
2024F,TEACB,ID,2010,137576
2024F,TEACB,ID,2011,131707
2024F,TEACB,ID,2012,132983
2024F,TEACB,ID,2013,137267
2024F,TEACB,ID,2014,139683
2024F,TEACB,ID,2015,153791
2024F,TEACB,ID,2016,159115
2024F,TEACB,ID,2017,161226
2024F,TEACB,ID,2018,163676
2024F,TEACB,ID,2019,169189
2024F,TEACB,ID,2020,158519
2024F,TEACB,ID,2021,169330
2024F,TEACB,ID,2022,170772
2024F,TEACB,ID,2023,177048
2024F,TEACB,ID,2024,163051
2024F,TEACB,IL,1960,503946
2024F,TEACB,IL,1961,508325
2024F,TEACB,IL,1962,520468
2024F,TEACB,IL,1963,555233
2024F,TEACB,IL,1964,568519
2024F,TEACB,IL,1965,597149
2024F,TEACB,IL,1966,630403
2024F,TEACB,IL,1967,677242
2024F,TEACB,IL,1968,729817
2024F,TEACB,IL,1969,758377
2024F,TEACB,IL,1970,790577
2024F,TEACB,IL,1971,809827
2024F,TEACB,IL,1972,884523
2024F,TEACB,IL,1973,923133
2024F,TEACB,IL,1974,881281
2024F,TEACB,IL,1975,883637
2024F,TEACB,IL,1976,919415
2024F,TEACB,IL,1977,945472
2024F,TEACB,IL,1978,975791
2024F,TEACB,IL,1979,929761
2024F,TEACB,IL,1980,821194
2024F,TEACB,IL,1981,784170
2024F,TEACB,IL,1982,767374
2024F,TEACB,IL,1983,787395
2024F,TEACB,IL,1984,707116
2024F,TEACB,IL,1985,732784
2024F,TEACB,IL,1986,725445
2024F,TEACB,IL,1987,735070
2024F,TEACB,IL,1988,787300
2024F,TEACB,IL,1989,802004
2024F,TEACB,IL,1990,788223
2024F,TEACB,IL,1991,759395
2024F,TEACB,IL,1992,773488
2024F,TEACB,IL,1993,801107
2024F,TEACB,IL,1994,781817
2024F,TEACB,IL,1995,799891
2024F,TEACB,IL,1996,824320
2024F,TEACB,IL,1997,833935
2024F,TEACB,IL,1998,851800
2024F,TEACB,IL,1999,939312
2024F,TEACB,IL,2000,967815
2024F,TEACB,IL,2001,938563
2024F,TEACB,IL,2002,907445
2024F,TEACB,IL,2003,953325
2024F,TEACB,IL,2004,1004849
2024F,TEACB,IL,2005,1109346
2024F,TEACB,IL,2006,1057334
2024F,TEACB,IL,2007,1059315
2024F,TEACB,IL,2008,1012156
2024F,TEACB,IL,2009,983073
2024F,TEACB,IL,2010,979609
2024F,TEACB,IL,2011,969622
2024F,TEACB,IL,2012,938266
2024F,TEACB,IL,2013,957133
2024F,TEACB,IL,2014,983004
2024F,TEACB,IL,2015,1018840
2024F,TEACB,IL,2016,1017343
2024F,TEACB,IL,2017,1020885
2024F,TEACB,IL,2018,1021491
2024F,TEACB,IL,2019,991984
2024F,TEACB,IL,2020,797168
2024F,TEACB,IL,2021,881014
2024F,TEACB,IL,2022,883298
2024F,TEACB,IL,2023,883789
2024F,TEACB,IL,2024,885849
2024F,TEACB,IN,1960,265282
2024F,TEACB,IN,1961,262745
2024F,TEACB,IN,1962,277217
2024F,TEACB,IN,1963,284318
2024F,TEACB,IN,1964,289382
2024F,TEACB,IN,1965,300042
2024F,TEACB,IN,1966,316147
2024F,TEACB,IN,1967,326392
2024F,TEACB,IN,1968,342193
2024F,TEACB,IN,1969,359239
2024F,TEACB,IN,1970,377796
2024F,TEACB,IN,1971,391294
2024F,TEACB,IN,1972,424550
2024F,TEACB,IN,1973,441971
2024F,TEACB,IN,1974,430689
2024F,TEACB,IN,1975,429976
2024F,TEACB,IN,1976,445748
2024F,TEACB,IN,1977,453325
2024F,TEACB,IN,1978,463957
2024F,TEACB,IN,1979,470907
2024F,TEACB,IN,1980,441657
2024F,TEACB,IN,1981,446984
2024F,TEACB,IN,1982,432620
2024F,TEACB,IN,1983,439574
2024F,TEACB,IN,1984,513196
2024F,TEACB,IN,1985,520787
2024F,TEACB,IN,1986,552469
2024F,TEACB,IN,1987,578042
2024F,TEACB,IN,1988,562368
2024F,TEACB,IN,1989,577378
2024F,TEACB,IN,1990,581671
2024F,TEACB,IN,1991,567838
2024F,TEACB,IN,1992,558793
2024F,TEACB,IN,1993,580695
2024F,TEACB,IN,1994,603534
2024F,TEACB,IN,1995,621793
2024F,TEACB,IN,1996,607596
2024F,TEACB,IN,1997,608934
2024F,TEACB,IN,1998,613596
2024F,TEACB,IN,1999,629855
2024F,TEACB,IN,2000,658503
2024F,TEACB,IN,2001,603605
2024F,TEACB,IN,2002,648263
2024F,TEACB,IN,2003,671900
2024F,TEACB,IN,2004,639315
2024F,TEACB,IN,2005,643978
2024F,TEACB,IN,2006,656485
2024F,TEACB,IN,2007,640866
2024F,TEACB,IN,2008,601516
2024F,TEACB,IN,2009,581169
2024F,TEACB,IN,2010,588612
2024F,TEACB,IN,2011,580779
2024F,TEACB,IN,2012,569045
2024F,TEACB,IN,2013,596117
2024F,TEACB,IN,2014,608587
2024F,TEACB,IN,2015,610988
2024F,TEACB,IN,2016,608689
2024F,TEACB,IN,2017,584070
2024F,TEACB,IN,2018,573956
2024F,TEACB,IN,2019,573050
2024F,TEACB,IN,2020,526297
2024F,TEACB,IN,2021,581133
2024F,TEACB,IN,2022,569930
2024F,TEACB,IN,2023,563541
2024F,TEACB,IN,2024,558081
2024F,TEACB,KS,1960,172858
2024F,TEACB,KS,1961,178233
2024F,TEACB,KS,1962,176565
2024F,TEACB,KS,1963,193960
2024F,TEACB,KS,1964,178331
2024F,TEACB,KS,1965,197148
2024F,TEACB,KS,1966,209458
2024F,TEACB,KS,1967,214514
2024F,TEACB,KS,1968,228465
2024F,TEACB,KS,1969,236882
2024F,TEACB,KS,1970,250710
2024F,TEACB,KS,1971,256558
2024F,TEACB,KS,1972,273146
2024F,TEACB,KS,1973,269163
2024F,TEACB,KS,1974,271331
2024F,TEACB,KS,1975,269148
2024F,TEACB,KS,1976,273595
2024F,TEACB,KS,1977,268827
2024F,TEACB,KS,1978,286644
2024F,TEACB,KS,1979,288878
2024F,TEACB,KS,1980,279218
2024F,TEACB,KS,1981,266030
2024F,TEACB,KS,1982,255159
2024F,TEACB,KS,1983,246221
2024F,TEACB,KS,1984,257072
2024F,TEACB,KS,1985,268172
2024F,TEACB,KS,1986,273068
2024F,TEACB,KS,1987,278352
2024F,TEACB,KS,1988,294398
2024F,TEACB,KS,1989,285614
2024F,TEACB,KS,1990,280304
2024F,TEACB,KS,1991,260471
2024F,TEACB,KS,1992,255948
2024F,TEACB,KS,1993,260226
2024F,TEACB,KS,1994,247301
2024F,TEACB,KS,1995,274175
2024F,TEACB,KS,1996,273318
2024F,TEACB,KS,1997,271115
2024F,TEACB,KS,1998,270026
2024F,TEACB,KS,1999,285477
2024F,TEACB,KS,2000,269988
2024F,TEACB,KS,2001,251272
2024F,TEACB,KS,2002,260517
2024F,TEACB,KS,2003,285798
2024F,TEACB,KS,2004,273211
2024F,TEACB,KS,2005,258139
2024F,TEACB,KS,2006,272628
2024F,TEACB,KS,2007,279286
2024F,TEACB,KS,2008,276138
2024F,TEACB,KS,2009,285202
2024F,TEACB,KS,2010,274905
2024F,TEACB,KS,2011,266804
2024F,TEACB,KS,2012,264818
2024F,TEACB,KS,2013,281891
2024F,TEACB,KS,2014,302112
2024F,TEACB,KS,2015,278611
2024F,TEACB,KS,2016,274368
2024F,TEACB,KS,2017,266821
2024F,TEACB,KS,2018,283440
2024F,TEACB,KS,2019,289758
2024F,TEACB,KS,2020,258047
2024F,TEACB,KS,2021,258257
2024F,TEACB,KS,2022,267919
2024F,TEACB,KS,2023,260069
2024F,TEACB,KS,2024,280412
2024F,TEACB,KY,1960,153635
2024F,TEACB,KY,1961,153410
2024F,TEACB,KY,1962,169687
2024F,TEACB,KY,1963,180892
2024F,TEACB,KY,1964,187832
2024F,TEACB,KY,1965,191777
2024F,TEACB,KY,1966,205416
2024F,TEACB,KY,1967,214533
2024F,TEACB,KY,1968,232321
2024F,TEACB,KY,1969,247884
2024F,TEACB,KY,1970,261341
2024F,TEACB,KY,1971,265443
2024F,TEACB,KY,1972,284282
2024F,TEACB,KY,1973,297055
2024F,TEACB,KY,1974,287068
2024F,TEACB,KY,1975,288098
2024F,TEACB,KY,1976,302855
2024F,TEACB,KY,1977,309564
2024F,TEACB,KY,1978,333814
2024F,TEACB,KY,1979,342198
2024F,TEACB,KY,1980,324017
2024F,TEACB,KY,1981,323231
2024F,TEACB,KY,1982,318534
2024F,TEACB,KY,1983,332803
2024F,TEACB,KY,1984,337644
2024F,TEACB,KY,1985,323387
2024F,TEACB,KY,1986,344232
2024F,TEACB,KY,1987,358877
2024F,TEACB,KY,1988,386223
2024F,TEACB,KY,1989,404451
2024F,TEACB,KY,1990,379595
2024F,TEACB,KY,1991,378096
2024F,TEACB,KY,1992,393921
2024F,TEACB,KY,1993,407849
2024F,TEACB,KY,1994,405793
2024F,TEACB,KY,1995,421760
2024F,TEACB,KY,1996,396465
2024F,TEACB,KY,1997,427334
2024F,TEACB,KY,1998,424989
2024F,TEACB,KY,1999,440965
2024F,TEACB,KY,2000,441204
2024F,TEACB,KY,2001,447987
2024F,TEACB,KY,2002,463151
2024F,TEACB,KY,2003,448292
2024F,TEACB,KY,2004,484305
2024F,TEACB,KY,2005,475769
2024F,TEACB,KY,2006,472622
2024F,TEACB,KY,2007,493644
2024F,TEACB,KY,2008,458120
2024F,TEACB,KY,2009,465322
2024F,TEACB,KY,2010,462197
2024F,TEACB,KY,2011,457559
2024F,TEACB,KY,2012,441921
2024F,TEACB,KY,2013,441075
2024F,TEACB,KY,2014,449768
2024F,TEACB,KY,2015,456328
2024F,TEACB,KY,2016,457090
2024F,TEACB,KY,2017,464921
2024F,TEACB,KY,2018,487767
2024F,TEACB,KY,2019,490746
2024F,TEACB,KY,2020,457247
2024F,TEACB,KY,2021,490957
2024F,TEACB,KY,2022,495047
2024F,TEACB,KY,2023,497386
2024F,TEACB,KY,2024,494891
2024F,TEACB,LA,1960,256905
2024F,TEACB,LA,1961,253675
2024F,TEACB,LA,1962,255742
2024F,TEACB,LA,1963,267068
2024F,TEACB,LA,1964,283663
2024F,TEACB,LA,1965,311111
2024F,TEACB,LA,1966,318855
2024F,TEACB,LA,1967,340707
2024F,TEACB,LA,1968,358472
2024F,TEACB,LA,1969,385711
2024F,TEACB,LA,1970,392146
2024F,TEACB,LA,1971,390656
2024F,TEACB,LA,1972,425490
2024F,TEACB,LA,1973,474447
2024F,TEACB,LA,1974,509270
2024F,TEACB,LA,1975,511105
2024F,TEACB,LA,1976,546640
2024F,TEACB,LA,1977,585306
2024F,TEACB,LA,1978,588506
2024F,TEACB,LA,1979,581420
2024F,TEACB,LA,1980,646698
2024F,TEACB,LA,1981,661771
2024F,TEACB,LA,1982,580651
2024F,TEACB,LA,1983,599633
2024F,TEACB,LA,1984,598752
2024F,TEACB,LA,1985,585793
2024F,TEACB,LA,1986,661326
2024F,TEACB,LA,1987,652239
2024F,TEACB,LA,1988,694274
2024F,TEACB,LA,1989,693329
2024F,TEACB,LA,1990,690571
2024F,TEACB,LA,1991,725546
2024F,TEACB,LA,1992,725753
2024F,TEACB,LA,1993,723701
2024F,TEACB,LA,1994,764489
2024F,TEACB,LA,1995,764491
2024F,TEACB,LA,1996,834585
2024F,TEACB,LA,1997,801668
2024F,TEACB,LA,1998,781161
2024F,TEACB,LA,1999,776293
2024F,TEACB,LA,2000,854201
2024F,TEACB,LA,2001,753067
2024F,TEACB,LA,2002,775108
2024F,TEACB,LA,2003,771855
2024F,TEACB,LA,2004,756496
2024F,TEACB,LA,2005,716705
2024F,TEACB,LA,2006,770687
2024F,TEACB,LA,2007,709979
2024F,TEACB,LA,2008,673653
2024F,TEACB,LA,2009,667221
2024F,TEACB,LA,2010,613529
2024F,TEACB,LA,2011,628256
2024F,TEACB,LA,2012,570627
2024F,TEACB,LA,2013,554690
2024F,TEACB,LA,2014,533790
2024F,TEACB,LA,2015,540344
2024F,TEACB,LA,2016,571359
2024F,TEACB,LA,2017,615926
2024F,TEACB,LA,2018,582153
2024F,TEACB,LA,2019,623705
2024F,TEACB,LA,2020,606535
2024F,TEACB,LA,2021,697704
2024F,TEACB,LA,2022,756681
2024F,TEACB,LA,2023,750541
2024F,TEACB,LA,2024,758732
2024F,TEACB,MA,1960,220059
2024F,TEACB,MA,1961,232478
2024F,TEACB,MA,1962,242058
2024F,TEACB,MA,1963,251890
2024F,TEACB,MA,1964,254782
2024F,TEACB,MA,1965,268450
2024F,TEACB,MA,1966,270994
2024F,TEACB,MA,1967,290528
2024F,TEACB,MA,1968,313600
2024F,TEACB,MA,1969,324120
2024F,TEACB,MA,1970,348733
2024F,TEACB,MA,1971,362407
2024F,TEACB,MA,1972,379789
2024F,TEACB,MA,1973,391231
2024F,TEACB,MA,1974,370961
2024F,TEACB,MA,1975,369272
2024F,TEACB,MA,1976,380611
2024F,TEACB,MA,1977,385205
2024F,TEACB,MA,1978,386691
2024F,TEACB,MA,1979,385547
2024F,TEACB,MA,1980,358149
2024F,TEACB,MA,1981,359009
2024F,TEACB,MA,1982,362259
2024F,TEACB,MA,1983,362303
2024F,TEACB,MA,1984,369960
2024F,TEACB,MA,1985,381362
2024F,TEACB,MA,1986,389008
2024F,TEACB,MA,1987,403411
2024F,TEACB,MA,1988,420513
2024F,TEACB,MA,1989,420076
2024F,TEACB,MA,1990,406700
2024F,TEACB,MA,1991,389292
2024F,TEACB,MA,1992,386615
2024F,TEACB,MA,1993,390999
2024F,TEACB,MA,1994,394323
2024F,TEACB,MA,1995,401534
2024F,TEACB,MA,1996,419235
2024F,TEACB,MA,1997,425548
2024F,TEACB,MA,1998,425955
2024F,TEACB,MA,1999,437719
2024F,TEACB,MA,2000,452568
2024F,TEACB,MA,2001,446628
2024F,TEACB,MA,2002,448305
2024F,TEACB,MA,2003,447291
2024F,TEACB,MA,2004,473356
2024F,TEACB,MA,2005,484809
2024F,TEACB,MA,2006,478177
2024F,TEACB,MA,2007,485980
2024F,TEACB,MA,2008,479010
2024F,TEACB,MA,2009,442847
2024F,TEACB,MA,2010,457490
2024F,TEACB,MA,2011,457134
2024F,TEACB,MA,2012,448447
2024F,TEACB,MA,2013,466608
2024F,TEACB,MA,2014,450650
2024F,TEACB,MA,2015,464590
2024F,TEACB,MA,2016,475269
2024F,TEACB,MA,2017,469328
2024F,TEACB,MA,2018,476551
2024F,TEACB,MA,2019,478671
2024F,TEACB,MA,2020,359850
2024F,TEACB,MA,2021,401756
2024F,TEACB,MA,2022,421119
2024F,TEACB,MA,2023,425206
2024F,TEACB,MA,2024,436254
2024F,TEACB,MD,1960,172907
2024F,TEACB,MD,1961,172641
2024F,TEACB,MD,1962,198166
2024F,TEACB,MD,1963,199621
2024F,TEACB,MD,1964,207162
2024F,TEACB,MD,1965,217118
2024F,TEACB,MD,1966,229080
2024F,TEACB,MD,1967,225512
2024F,TEACB,MD,1968,248291
2024F,TEACB,MD,1969,255378
2024F,TEACB,MD,1970,273132
2024F,TEACB,MD,1971,273569
2024F,TEACB,MD,1972,289740
2024F,TEACB,MD,1973,303286
2024F,TEACB,MD,1974,296987
2024F,TEACB,MD,1975,297309
2024F,TEACB,MD,1976,310253
2024F,TEACB,MD,1977,321158
2024F,TEACB,MD,1978,325814
2024F,TEACB,MD,1979,318489
2024F,TEACB,MD,1980,318805
2024F,TEACB,MD,1981,323647
2024F,TEACB,MD,1982,312820
2024F,TEACB,MD,1983,305619
2024F,TEACB,MD,1984,308145
2024F,TEACB,MD,1985,317567
2024F,TEACB,MD,1986,325804
2024F,TEACB,MD,1987,338488
2024F,TEACB,MD,1988,351104
2024F,TEACB,MD,1989,360576
2024F,TEACB,MD,1990,331309
2024F,TEACB,MD,1991,336614
2024F,TEACB,MD,1992,344049
2024F,TEACB,MD,1993,342219
2024F,TEACB,MD,1994,343230
2024F,TEACB,MD,1995,348942
2024F,TEACB,MD,1996,357895
2024F,TEACB,MD,1997,368557
2024F,TEACB,MD,1998,379089
2024F,TEACB,MD,1999,399939
2024F,TEACB,MD,2000,402622
2024F,TEACB,MD,2001,404613
2024F,TEACB,MD,2002,401206
2024F,TEACB,MD,2003,416798
2024F,TEACB,MD,2004,439181
2024F,TEACB,MD,2005,457206
2024F,TEACB,MD,2006,463661
2024F,TEACB,MD,2007,457708
2024F,TEACB,MD,2008,441441
2024F,TEACB,MD,2009,457224
2024F,TEACB,MD,2010,459544
2024F,TEACB,MD,2011,446961
2024F,TEACB,MD,2012,446268
2024F,TEACB,MD,2013,450701
2024F,TEACB,MD,2014,445367
2024F,TEACB,MD,2015,457444
2024F,TEACB,MD,2016,445479
2024F,TEACB,MD,2017,444439
2024F,TEACB,MD,2018,461692
2024F,TEACB,MD,2019,465744
2024F,TEACB,MD,2020,386637
2024F,TEACB,MD,2021,419949
2024F,TEACB,MD,2022,395697
2024F,TEACB,MD,2023,423798
2024F,TEACB,MD,2024,415363
2024F,TEACB,ME,1960,66698
2024F,TEACB,ME,1961,70106
2024F,TEACB,ME,1962,70398
2024F,TEACB,ME,1963,72081
2024F,TEACB,ME,1964,71079
2024F,TEACB,ME,1965,68812
2024F,TEACB,ME,1966,75656
2024F,TEACB,ME,1967,73728
2024F,TEACB,ME,1968,80026
2024F,TEACB,ME,1969,81208
2024F,TEACB,ME,1970,87633
2024F,TEACB,ME,1971,93187
2024F,TEACB,ME,1972,108008
2024F,TEACB,ME,1973,111181
2024F,TEACB,ME,1974,96675
2024F,TEACB,ME,1975,92405
2024F,TEACB,ME,1976,97198
2024F,TEACB,ME,1977,98683
2024F,TEACB,ME,1978,98767
2024F,TEACB,ME,1979,93555
2024F,TEACB,ME,1980,83348
2024F,TEACB,ME,1981,82477
2024F,TEACB,ME,1982,85807
2024F,TEACB,ME,1983,83798
2024F,TEACB,ME,1984,89155
2024F,TEACB,ME,1985,94003
2024F,TEACB,ME,1986,100742
2024F,TEACB,ME,1987,108321
2024F,TEACB,ME,1988,122448
2024F,TEACB,ME,1989,110119
2024F,TEACB,ME,1990,115386
2024F,TEACB,ME,1991,105823
2024F,TEACB,ME,1992,104061
2024F,TEACB,ME,1993,105456
2024F,TEACB,ME,1994,107390
2024F,TEACB,ME,1995,101923
2024F,TEACB,ME,1996,105327
2024F,TEACB,ME,1997,110610
2024F,TEACB,ME,1998,107844
2024F,TEACB,ME,1999,111710
2024F,TEACB,ME,2000,119837
2024F,TEACB,ME,2001,107048
2024F,TEACB,ME,2002,121971
2024F,TEACB,ME,2003,130785
2024F,TEACB,ME,2004,121273
2024F,TEACB,ME,2005,130753
2024F,TEACB,ME,2006,130856
2024F,TEACB,ME,2007,125218
2024F,TEACB,ME,2008,116554
2024F,TEACB,ME,2009,122085
2024F,TEACB,ME,2010,118218
2024F,TEACB,ME,2011,118094
2024F,TEACB,ME,2012,112687
2024F,TEACB,ME,2013,126086
2024F,TEACB,ME,2014,127404
2024F,TEACB,ME,2015,127853
2024F,TEACB,ME,2016,127846
2024F,TEACB,ME,2017,120783
2024F,TEACB,ME,2018,107452
2024F,TEACB,ME,2019,107078
2024F,TEACB,ME,2020,97981
2024F,TEACB,ME,2021,105558
2024F,TEACB,ME,2022,107942
2024F,TEACB,ME,2023,114798
2024F,TEACB,ME,2024,111454
2024F,TEACB,MI,1960,387276
2024F,TEACB,MI,1961,388661
2024F,TEACB,MI,1962,405870
2024F,TEACB,MI,1963,429765
2024F,TEACB,MI,1964,450804
2024F,TEACB,MI,1965,467377
2024F,TEACB,MI,1966,501020
2024F,TEACB,MI,1967,526853
2024F,TEACB,MI,1968,574018
2024F,TEACB,MI,1969,606128
2024F,TEACB,MI,1970,593490
2024F,TEACB,MI,1971,607502
2024F,TEACB,MI,1972,660210
2024F,TEACB,MI,1973,688431
2024F,TEACB,MI,1974,665594
2024F,TEACB,MI,1975,660805
2024F,TEACB,MI,1976,696664
2024F,TEACB,MI,1977,712202
2024F,TEACB,MI,1978,724044
2024F,TEACB,MI,1979,690809
2024F,TEACB,MI,1980,620136
2024F,TEACB,MI,1981,600307
2024F,TEACB,MI,1982,567289
2024F,TEACB,MI,1983,577010
2024F,TEACB,MI,1984,601213
2024F,TEACB,MI,1985,614673
2024F,TEACB,MI,1986,634968
2024F,TEACB,MI,1987,667095
2024F,TEACB,MI,1988,692249
2024F,TEACB,MI,1989,685553
2024F,TEACB,MI,1990,683927
2024F,TEACB,MI,1991,695925
2024F,TEACB,MI,1992,701059
2024F,TEACB,MI,1993,738726
2024F,TEACB,MI,1994,741774
2024F,TEACB,MI,1995,760951
2024F,TEACB,MI,1996,767783
2024F,TEACB,MI,1997,782989
2024F,TEACB,MI,1998,801137
2024F,TEACB,MI,1999,837783
2024F,TEACB,MI,2000,815945
2024F,TEACB,MI,2001,802845
2024F,TEACB,MI,2002,824666
2024F,TEACB,MI,2003,795737
2024F,TEACB,MI,2004,805703
2024F,TEACB,MI,2005,802986
2024F,TEACB,MI,2006,798033
2024F,TEACB,MI,2007,789065
2024F,TEACB,MI,2008,740330
2024F,TEACB,MI,2009,723116
2024F,TEACB,MI,2010,745887
2024F,TEACB,MI,2011,733275
2024F,TEACB,MI,2012,722084
2024F,TEACB,MI,2013,753437
2024F,TEACB,MI,2014,744873
2024F,TEACB,MI,2015,766828
2024F,TEACB,MI,2016,775929
2024F,TEACB,MI,2017,764580
2024F,TEACB,MI,2018,787990
2024F,TEACB,MI,2019,779255
2024F,TEACB,MI,2020,650279
2024F,TEACB,MI,2021,710011
2024F,TEACB,MI,2022,711833
2024F,TEACB,MI,2023,701504
2024F,TEACB,MI,2024,712640
2024F,TEACB,MN,1960,181361
2024F,TEACB,MN,1961,182477
2024F,TEACB,MN,1962,185949
2024F,TEACB,MN,1963,194347
2024F,TEACB,MN,1964,197456
2024F,TEACB,MN,1965,207273
2024F,TEACB,MN,1966,221296
2024F,TEACB,MN,1967,222770
2024F,TEACB,MN,1968,244657
2024F,TEACB,MN,1969,260291
2024F,TEACB,MN,1970,274085
2024F,TEACB,MN,1971,288738
2024F,TEACB,MN,1972,302868
2024F,TEACB,MN,1973,322903
2024F,TEACB,MN,1974,317686
2024F,TEACB,MN,1975,319516
2024F,TEACB,MN,1976,326930
2024F,TEACB,MN,1977,330760
2024F,TEACB,MN,1978,348762
2024F,TEACB,MN,1979,359554
2024F,TEACB,MN,1980,331579
2024F,TEACB,MN,1981,317753
2024F,TEACB,MN,1982,306687
2024F,TEACB,MN,1983,310839
2024F,TEACB,MN,1984,340655
2024F,TEACB,MN,1985,333044
2024F,TEACB,MN,1986,336886
2024F,TEACB,MN,1987,334133
2024F,TEACB,MN,1988,348749
2024F,TEACB,MN,1989,343924
2024F,TEACB,MN,1990,339237
2024F,TEACB,MN,1991,358208
2024F,TEACB,MN,1992,380355
2024F,TEACB,MN,1993,401059
2024F,TEACB,MN,1994,416902
2024F,TEACB,MN,1995,433207
2024F,TEACB,MN,1996,443367
2024F,TEACB,MN,1997,440457
2024F,TEACB,MN,1998,463324
2024F,TEACB,MN,1999,495464
2024F,TEACB,MN,2000,512778
2024F,TEACB,MN,2001,501577
2024F,TEACB,MN,2002,511621
2024F,TEACB,MN,2003,513789
2024F,TEACB,MN,2004,528861
2024F,TEACB,MN,2005,532600
2024F,TEACB,MN,2006,522965
2024F,TEACB,MN,2007,527440
2024F,TEACB,MN,2008,502182
2024F,TEACB,MN,2009,464077
2024F,TEACB,MN,2010,464794
2024F,TEACB,MN,2011,454445
2024F,TEACB,MN,2012,462333
2024F,TEACB,MN,2013,466112
2024F,TEACB,MN,2014,467837
2024F,TEACB,MN,2015,468028
2024F,TEACB,MN,2016,492068
2024F,TEACB,MN,2017,494763
2024F,TEACB,MN,2018,495140
2024F,TEACB,MN,2019,499569
2024F,TEACB,MN,2020,403937
2024F,TEACB,MN,2021,443512
2024F,TEACB,MN,2022,448341
2024F,TEACB,MN,2023,453437
2024F,TEACB,MN,2024,455386
2024F,TEACB,MO,1960,253771
2024F,TEACB,MO,1961,255853
2024F,TEACB,MO,1962,276086
2024F,TEACB,MO,1963,282147
2024F,TEACB,MO,1964,292306
2024F,TEACB,MO,1965,304630
2024F,TEACB,MO,1966,305174
2024F,TEACB,MO,1967,322431
2024F,TEACB,MO,1968,359165
2024F,TEACB,MO,1969,370069
2024F,TEACB,MO,1970,390887
2024F,TEACB,MO,1971,403843
2024F,TEACB,MO,1972,423903
2024F,TEACB,MO,1973,428118
2024F,TEACB,MO,1974,421345
2024F,TEACB,MO,1975,424725
2024F,TEACB,MO,1976,444349
2024F,TEACB,MO,1977,456659
2024F,TEACB,MO,1978,468827
2024F,TEACB,MO,1979,446792
2024F,TEACB,MO,1980,410564
2024F,TEACB,MO,1981,399232
2024F,TEACB,MO,1982,404843
2024F,TEACB,MO,1983,409781
2024F,TEACB,MO,1984,420918
2024F,TEACB,MO,1985,430001
2024F,TEACB,MO,1986,449790
2024F,TEACB,MO,1987,459201
2024F,TEACB,MO,1988,476640
2024F,TEACB,MO,1989,483578
2024F,TEACB,MO,1990,477139
2024F,TEACB,MO,1991,474217
2024F,TEACB,MO,1992,491151
2024F,TEACB,MO,1993,505757
2024F,TEACB,MO,1994,520026
2024F,TEACB,MO,1995,539986
2024F,TEACB,MO,1996,566693
2024F,TEACB,MO,1997,578788
2024F,TEACB,MO,1998,627746
2024F,TEACB,MO,1999,620741
2024F,TEACB,MO,2000,555305
2024F,TEACB,MO,2001,555082
2024F,TEACB,MO,2002,570978
2024F,TEACB,MO,2003,593174
2024F,TEACB,MO,2004,576862
2024F,TEACB,MO,2005,590732
2024F,TEACB,MO,2006,594669
2024F,TEACB,MO,2007,601368
2024F,TEACB,MO,2008,574146
2024F,TEACB,MO,2009,559822
2024F,TEACB,MO,2010,575746
2024F,TEACB,MO,2011,563480
2024F,TEACB,MO,2012,544421
2024F,TEACB,MO,2013,549624
2024F,TEACB,MO,2014,558195
2024F,TEACB,MO,2015,558993
2024F,TEACB,MO,2016,570037
2024F,TEACB,MO,2017,566039
2024F,TEACB,MO,2018,566383
2024F,TEACB,MO,2019,567848
2024F,TEACB,MO,2020,511386
2024F,TEACB,MO,2021,544647
2024F,TEACB,MO,2022,544705
2024F,TEACB,MO,2023,547438
2024F,TEACB,MO,2024,547398
2024F,TEACB,MS,1960,129284
2024F,TEACB,MS,1961,129426
2024F,TEACB,MS,1962,141230
2024F,TEACB,MS,1963,153210
2024F,TEACB,MS,1964,157763
2024F,TEACB,MS,1965,161776
2024F,TEACB,MS,1966,168991
2024F,TEACB,MS,1967,176286
2024F,TEACB,MS,1968,198757
2024F,TEACB,MS,1969,210252
2024F,TEACB,MS,1970,216001
2024F,TEACB,MS,1971,228125
2024F,TEACB,MS,1972,240855
2024F,TEACB,MS,1973,251348
2024F,TEACB,MS,1974,246921
2024F,TEACB,MS,1975,231074
2024F,TEACB,MS,1976,234643
2024F,TEACB,MS,1977,248691
2024F,TEACB,MS,1978,258179
2024F,TEACB,MS,1979,258528
2024F,TEACB,MS,1980,260868
2024F,TEACB,MS,1981,257914
2024F,TEACB,MS,1982,252704
2024F,TEACB,MS,1983,241494
2024F,TEACB,MS,1984,243198
2024F,TEACB,MS,1985,250723
2024F,TEACB,MS,1986,269475
2024F,TEACB,MS,1987,294124
2024F,TEACB,MS,1988,308474
2024F,TEACB,MS,1989,288807
2024F,TEACB,MS,1990,291495
2024F,TEACB,MS,1991,315059
2024F,TEACB,MS,1992,327507
2024F,TEACB,MS,1993,329774
2024F,TEACB,MS,1994,331430
2024F,TEACB,MS,1995,335696
2024F,TEACB,MS,1996,340820
2024F,TEACB,MS,1997,350986
2024F,TEACB,MS,1998,352206
2024F,TEACB,MS,1999,370166
2024F,TEACB,MS,2000,359299
2024F,TEACB,MS,2001,348225
2024F,TEACB,MS,2002,354483
2024F,TEACB,MS,2003,376156
2024F,TEACB,MS,2004,363594
2024F,TEACB,MS,2005,356824
2024F,TEACB,MS,2006,376574
2024F,TEACB,MS,2007,372737
2024F,TEACB,MS,2008,361046
2024F,TEACB,MS,2009,356078
2024F,TEACB,MS,2010,336408
2024F,TEACB,MS,2011,325772
2024F,TEACB,MS,2012,351987
2024F,TEACB,MS,2013,319115
2024F,TEACB,MS,2014,322977
2024F,TEACB,MS,2015,338217
2024F,TEACB,MS,2016,344560
2024F,TEACB,MS,2017,337111
2024F,TEACB,MS,2018,339251
2024F,TEACB,MS,2019,348065
2024F,TEACB,MS,2020,332443
2024F,TEACB,MS,2021,348408
2024F,TEACB,MS,2022,353479
2024F,TEACB,MS,2023,356637
2024F,TEACB,MS,2024,349460
2024F,TEACB,MT,1960,58237
2024F,TEACB,MT,1961,61779
2024F,TEACB,MT,1962,60378
2024F,TEACB,MT,1963,58193
2024F,TEACB,MT,1964,57799
2024F,TEACB,MT,1965,57766
2024F,TEACB,MT,1966,62119
2024F,TEACB,MT,1967,56816
2024F,TEACB,MT,1968,61677
2024F,TEACB,MT,1969,66235
2024F,TEACB,MT,1970,68133
2024F,TEACB,MT,1971,71279
2024F,TEACB,MT,1972,75979
2024F,TEACB,MT,1973,83795
2024F,TEACB,MT,1974,85511
2024F,TEACB,MT,1975,82156
2024F,TEACB,MT,1976,88270
2024F,TEACB,MT,1977,85826
2024F,TEACB,MT,1978,97496
2024F,TEACB,MT,1979,91657
2024F,TEACB,MT,1980,88911
2024F,TEACB,MT,1981,83829
2024F,TEACB,MT,1982,80847
2024F,TEACB,MT,1983,83360
2024F,TEACB,MT,1984,82805
2024F,TEACB,MT,1985,81484
2024F,TEACB,MT,1986,81233
2024F,TEACB,MT,1987,82080
2024F,TEACB,MT,1988,84305
2024F,TEACB,MT,1989,82922
2024F,TEACB,MT,1990,81965
2024F,TEACB,MT,1991,81075
2024F,TEACB,MT,1992,87906
2024F,TEACB,MT,1993,90766
2024F,TEACB,MT,1994,94515
2024F,TEACB,MT,1995,98500
2024F,TEACB,MT,1996,97001
2024F,TEACB,MT,1997,99053
2024F,TEACB,MT,1998,99527
2024F,TEACB,MT,1999,103986
2024F,TEACB,MT,2000,105831
2024F,TEACB,MT,2001,107460
2024F,TEACB,MT,2002,107757
2024F,TEACB,MT,2003,102752
2024F,TEACB,MT,2004,110574
2024F,TEACB,MT,2005,117882
2024F,TEACB,MT,2006,120856
2024F,TEACB,MT,2007,126825
2024F,TEACB,MT,2008,117756
2024F,TEACB,MT,2009,112363
2024F,TEACB,MT,2010,117157
2024F,TEACB,MT,2011,118155
2024F,TEACB,MT,2012,115231
2024F,TEACB,MT,2013,117736
2024F,TEACB,MT,2014,113190
2024F,TEACB,MT,2015,111483
2024F,TEACB,MT,2016,116303
2024F,TEACB,MT,2017,118256
2024F,TEACB,MT,2018,118872
2024F,TEACB,MT,2019,116909
2024F,TEACB,MT,2020,116813
2024F,TEACB,MT,2021,119445
2024F,TEACB,MT,2022,116261
2024F,TEACB,MT,2023,114615
2024F,TEACB,MT,2024,115051
2024F,TEACB,NC,1960,231966
2024F,TEACB,NC,1961,243042
2024F,TEACB,NC,1962,249869
2024F,TEACB,NC,1963,264626
2024F,TEACB,NC,1964,274217
2024F,TEACB,NC,1965,279390
2024F,TEACB,NC,1966,295241
2024F,TEACB,NC,1967,307337
2024F,TEACB,NC,1968,328939
2024F,TEACB,NC,1969,348128
2024F,TEACB,NC,1970,364046
2024F,TEACB,NC,1971,374922
2024F,TEACB,NC,1972,399104
2024F,TEACB,NC,1973,426207
2024F,TEACB,NC,1974,426363
2024F,TEACB,NC,1975,423769
2024F,TEACB,NC,1976,442970
2024F,TEACB,NC,1977,463617
2024F,TEACB,NC,1978,483389
2024F,TEACB,NC,1979,480386
2024F,TEACB,NC,1980,443752
2024F,TEACB,NC,1981,448448
2024F,TEACB,NC,1982,448510
2024F,TEACB,NC,1983,468538
2024F,TEACB,NC,1984,478735
2024F,TEACB,NC,1985,493450
2024F,TEACB,NC,1986,519831
2024F,TEACB,NC,1987,544494
2024F,TEACB,NC,1988,575667
2024F,TEACB,NC,1989,549735
2024F,TEACB,NC,1990,537113
2024F,TEACB,NC,1991,530406
2024F,TEACB,NC,1992,539320
2024F,TEACB,NC,1993,559650
2024F,TEACB,NC,1994,579176
2024F,TEACB,NC,1995,601138
2024F,TEACB,NC,1996,638394
2024F,TEACB,NC,1997,649491
2024F,TEACB,NC,1998,664594
2024F,TEACB,NC,1999,679167
2024F,TEACB,NC,2000,702536
2024F,TEACB,NC,2001,692594
2024F,TEACB,NC,2002,700812
2024F,TEACB,NC,2003,714602
2024F,TEACB,NC,2004,735540
2024F,TEACB,NC,2005,749003
2024F,TEACB,NC,2006,740177
2024F,TEACB,NC,2007,758883
2024F,TEACB,NC,2008,756870
2024F,TEACB,NC,2009,699847
2024F,TEACB,NC,2010,762643
2024F,TEACB,NC,2011,742682
2024F,TEACB,NC,2012,720800
2024F,TEACB,NC,2013,742652
2024F,TEACB,NC,2014,754662
2024F,TEACB,NC,2015,769894
2024F,TEACB,NC,2016,790751
2024F,TEACB,NC,2017,798967
2024F,TEACB,NC,2018,810890
2024F,TEACB,NC,2019,827380
2024F,TEACB,NC,2020,736214
2024F,TEACB,NC,2021,806409
2024F,TEACB,NC,2022,807362
2024F,TEACB,NC,2023,827063
2024F,TEACB,NC,2024,864077
2024F,TEACB,ND,1960,41695
2024F,TEACB,ND,1961,40677
2024F,TEACB,ND,1962,46790
2024F,TEACB,ND,1963,47514
2024F,TEACB,ND,1964,48313
2024F,TEACB,ND,1965,47312
2024F,TEACB,ND,1966,49886
2024F,TEACB,ND,1967,52606
2024F,TEACB,ND,1968,57642
2024F,TEACB,ND,1969,55525
2024F,TEACB,ND,1970,54265
2024F,TEACB,ND,1971,58251
2024F,TEACB,ND,1972,60802
2024F,TEACB,ND,1973,62694
2024F,TEACB,ND,1974,60288
2024F,TEACB,ND,1975,63051
2024F,TEACB,ND,1976,65875
2024F,TEACB,ND,1977,70600
2024F,TEACB,ND,1978,73158
2024F,TEACB,ND,1979,72991
2024F,TEACB,ND,1980,72472
2024F,TEACB,ND,1981,72620
2024F,TEACB,ND,1982,73199
2024F,TEACB,ND,1983,69206
2024F,TEACB,ND,1984,70543
2024F,TEACB,ND,1985,68752
2024F,TEACB,ND,1986,66907
2024F,TEACB,ND,1987,67693
2024F,TEACB,ND,1988,68573
2024F,TEACB,ND,1989,67317
2024F,TEACB,ND,1990,65276
2024F,TEACB,ND,1991,66390
2024F,TEACB,ND,1992,69684
2024F,TEACB,ND,1993,73265
2024F,TEACB,ND,1994,72715
2024F,TEACB,ND,1995,72855
2024F,TEACB,ND,1996,74552
2024F,TEACB,ND,1997,75700
2024F,TEACB,ND,1998,66695
2024F,TEACB,ND,1999,81957
2024F,TEACB,ND,2000,80608
2024F,TEACB,ND,2001,87888
2024F,TEACB,ND,2002,87647
2024F,TEACB,ND,2003,89093
2024F,TEACB,ND,2004,92139
2024F,TEACB,ND,2005,92015
2024F,TEACB,ND,2006,91178
2024F,TEACB,ND,2007,103217
2024F,TEACB,ND,2008,92914
2024F,TEACB,ND,2009,86879
2024F,TEACB,ND,2010,100697
2024F,TEACB,ND,2011,115678
2024F,TEACB,ND,2012,131173
2024F,TEACB,ND,2013,136692
2024F,TEACB,ND,2014,146030
2024F,TEACB,ND,2015,136092
2024F,TEACB,ND,2016,122632
2024F,TEACB,ND,2017,130890
2024F,TEACB,ND,2018,138265
2024F,TEACB,ND,2019,146033
2024F,TEACB,ND,2020,128597
2024F,TEACB,ND,2021,136039
2024F,TEACB,ND,2022,135784
2024F,TEACB,ND,2023,139215
2024F,TEACB,ND,2024,141694
2024F,TEACB,NE,1960,94221
2024F,TEACB,NE,1961,96624
2024F,TEACB,NE,1962,101163
2024F,TEACB,NE,1963,108334
2024F,TEACB,NE,1964,107127
2024F,TEACB,NE,1965,102134
2024F,TEACB,NE,1966,107674
2024F,TEACB,NE,1967,116443
2024F,TEACB,NE,1968,129823
2024F,TEACB,NE,1969,132426
2024F,TEACB,NE,1970,139324
2024F,TEACB,NE,1971,142822
2024F,TEACB,NE,1972,155550
2024F,TEACB,NE,1973,163493
2024F,TEACB,NE,1974,153188
2024F,TEACB,NE,1975,149936
2024F,TEACB,NE,1976,158184
2024F,TEACB,NE,1977,168375
2024F,TEACB,NE,1978,172968
2024F,TEACB,NE,1979,156116
2024F,TEACB,NE,1980,141002
2024F,TEACB,NE,1981,131799
2024F,TEACB,NE,1982,135509
2024F,TEACB,NE,1983,144332
2024F,TEACB,NE,1984,141399
2024F,TEACB,NE,1985,141050
2024F,TEACB,NE,1986,141525
2024F,TEACB,NE,1987,148017
2024F,TEACB,NE,1988,161225
2024F,TEACB,NE,1989,153416
2024F,TEACB,NE,1990,151842
2024F,TEACB,NE,1991,148328
2024F,TEACB,NE,1992,154150
2024F,TEACB,NE,1993,150645
2024F,TEACB,NE,1994,153903
2024F,TEACB,NE,1995,163477
2024F,TEACB,NE,1996,177952
2024F,TEACB,NE,1997,180913
2024F,TEACB,NE,1998,188843
2024F,TEACB,NE,1999,194152
2024F,TEACB,NE,2000,172532
2024F,TEACB,NE,2001,162378
2024F,TEACB,NE,2002,167079
2024F,TEACB,NE,2003,172437
2024F,TEACB,NE,2004,173748
2024F,TEACB,NE,2005,172778
2024F,TEACB,NE,2006,174783
2024F,TEACB,NE,2007,176955
2024F,TEACB,NE,2008,176571
2024F,TEACB,NE,2009,176668
2024F,TEACB,NE,2010,206535
2024F,TEACB,NE,2011,199959
2024F,TEACB,NE,2012,193183
2024F,TEACB,NE,2013,194009
2024F,TEACB,NE,2014,201084
2024F,TEACB,NE,2015,200774
2024F,TEACB,NE,2016,199248
2024F,TEACB,NE,2017,200753
2024F,TEACB,NE,2018,209483
2024F,TEACB,NE,2019,208868
2024F,TEACB,NE,2020,191304
2024F,TEACB,NE,2021,199085
2024F,TEACB,NE,2022,200447
2024F,TEACB,NE,2023,197082
2024F,TEACB,NE,2024,198332
2024F,TEACB,NH,1960,33680
2024F,TEACB,NH,1961,35122
2024F,TEACB,NH,1962,35657
2024F,TEACB,NH,1963,36650
2024F,TEACB,NH,1964,37780
2024F,TEACB,NH,1965,37345
2024F,TEACB,NH,1966,40709
2024F,TEACB,NH,1967,44988
2024F,TEACB,NH,1968,47517
2024F,TEACB,NH,1969,48630
2024F,TEACB,NH,1970,50712
2024F,TEACB,NH,1971,52923
2024F,TEACB,NH,1972,55069
2024F,TEACB,NH,1973,56834
2024F,TEACB,NH,1974,56615
2024F,TEACB,NH,1975,56621
2024F,TEACB,NH,1976,59805
2024F,TEACB,NH,1977,62329
2024F,TEACB,NH,1978,63585
2024F,TEACB,NH,1979,65314
2024F,TEACB,NH,1980,57873
2024F,TEACB,NH,1981,56210
2024F,TEACB,NH,1982,56118
2024F,TEACB,NH,1983,57206
2024F,TEACB,NH,1984,62668
2024F,TEACB,NH,1985,62955
2024F,TEACB,NH,1986,68908
2024F,TEACB,NH,1987,74832
2024F,TEACB,NH,1988,77318
2024F,TEACB,NH,1989,76524
2024F,TEACB,NH,1990,72989
2024F,TEACB,NH,1991,74312
2024F,TEACB,NH,1992,73745
2024F,TEACB,NH,1993,75190
2024F,TEACB,NH,1994,77427
2024F,TEACB,NH,1995,80643
2024F,TEACB,NH,1996,82930
2024F,TEACB,NH,1997,87422
2024F,TEACB,NH,1998,95884
2024F,TEACB,NH,1999,99555
2024F,TEACB,NH,2000,101593
2024F,TEACB,NH,2001,101738
2024F,TEACB,NH,2002,113407
2024F,TEACB,NH,2003,106264
2024F,TEACB,NH,2004,108874
2024F,TEACB,NH,2005,103959
2024F,TEACB,NH,2006,103970
2024F,TEACB,NH,2007,105708
2024F,TEACB,NH,2008,103300
2024F,TEACB,NH,2009,102856
2024F,TEACB,NH,2010,105145
2024F,TEACB,NH,2011,102555
2024F,TEACB,NH,2012,100094
2024F,TEACB,NH,2013,101229
2024F,TEACB,NH,2014,102407
2024F,TEACB,NH,2015,101686
2024F,TEACB,NH,2016,101569
2024F,TEACB,NH,2017,102063
2024F,TEACB,NH,2018,103181
2024F,TEACB,NH,2019,103093
2024F,TEACB,NH,2020,88990
2024F,TEACB,NH,2021,98846
2024F,TEACB,NH,2022,100372
2024F,TEACB,NH,2023,102296
2024F,TEACB,NH,2024,104316
2024F,TEACB,NJ,1960,337957
2024F,TEACB,NJ,1961,330035
2024F,TEACB,NJ,1962,364881
2024F,TEACB,NJ,1963,383313
2024F,TEACB,NJ,1964,399699
2024F,TEACB,NJ,1965,399649
2024F,TEACB,NJ,1966,417858
2024F,TEACB,NJ,1967,438637
2024F,TEACB,NJ,1968,463976
2024F,TEACB,NJ,1969,465559
2024F,TEACB,NJ,1970,493104
2024F,TEACB,NJ,1971,510282
2024F,TEACB,NJ,1972,556325
2024F,TEACB,NJ,1973,558938
2024F,TEACB,NJ,1974,528711
2024F,TEACB,NJ,1975,519423
2024F,TEACB,NJ,1976,549074
2024F,TEACB,NJ,1977,549866
2024F,TEACB,NJ,1978,568577
2024F,TEACB,NJ,1979,552331
2024F,TEACB,NJ,1980,566314
2024F,TEACB,NJ,1981,614941
2024F,TEACB,NJ,1982,714713
2024F,TEACB,NJ,1983,764774
2024F,TEACB,NJ,1984,797481
2024F,TEACB,NJ,1985,796740
2024F,TEACB,NJ,1986,826164
2024F,TEACB,NJ,1987,840506
2024F,TEACB,NJ,1988,803645
2024F,TEACB,NJ,1989,827047
2024F,TEACB,NJ,1990,798476
2024F,TEACB,NJ,1991,808040
2024F,TEACB,NJ,1992,811423
2024F,TEACB,NJ,1993,770234
2024F,TEACB,NJ,1994,843802
2024F,TEACB,NJ,1995,857719
2024F,TEACB,NJ,1996,827562
2024F,TEACB,NJ,1997,837040
2024F,TEACB,NJ,1998,849859
2024F,TEACB,NJ,1999,848821
2024F,TEACB,NJ,2000,905840
2024F,TEACB,NJ,2001,881416
2024F,TEACB,NJ,2002,888669
2024F,TEACB,NJ,2003,869522
2024F,TEACB,NJ,2004,901123
2024F,TEACB,NJ,2005,974377
2024F,TEACB,NJ,2006,978213
2024F,TEACB,NJ,2007,1028825
2024F,TEACB,NJ,2008,1035031
2024F,TEACB,NJ,2009,885467
2024F,TEACB,NJ,2010,787836
2024F,TEACB,NJ,2011,790687
2024F,TEACB,NJ,2012,753749
2024F,TEACB,NJ,2013,758327
2024F,TEACB,NJ,2014,746320
2024F,TEACB,NJ,2015,743148
2024F,TEACB,NJ,2016,775261
2024F,TEACB,NJ,2017,739242
2024F,TEACB,NJ,2018,763621
2024F,TEACB,NJ,2019,718669
2024F,TEACB,NJ,2020,576204
2024F,TEACB,NJ,2021,628879
2024F,TEACB,NJ,2022,647036
2024F,TEACB,NJ,2023,670115
2024F,TEACB,NJ,2024,667407
2024F,TEACB,NM,1960,91495
2024F,TEACB,NM,1961,101786
2024F,TEACB,NM,1962,108739
2024F,TEACB,NM,1963,111915
2024F,TEACB,NM,1964,109081
2024F,TEACB,NM,1965,114959
2024F,TEACB,NM,1966,112959
2024F,TEACB,NM,1967,117206
2024F,TEACB,NM,1968,128538
2024F,TEACB,NM,1969,133432
2024F,TEACB,NM,1970,138476
2024F,TEACB,NM,1971,142560
2024F,TEACB,NM,1972,159294
2024F,TEACB,NM,1973,158879
2024F,TEACB,NM,1974,160039
2024F,TEACB,NM,1975,158105
2024F,TEACB,NM,1976,163095
2024F,TEACB,NM,1977,164222
2024F,TEACB,NM,1978,173990
2024F,TEACB,NM,1979,173599
2024F,TEACB,NM,1980,176352
2024F,TEACB,NM,1981,193266
2024F,TEACB,NM,1982,174915
2024F,TEACB,NM,1983,158784
2024F,TEACB,NM,1984,141950
2024F,TEACB,NM,1985,163649
2024F,TEACB,NM,1986,170061
2024F,TEACB,NM,1987,177792
2024F,TEACB,NM,1988,192216
2024F,TEACB,NM,1989,205982
2024F,TEACB,NM,1990,230438
2024F,TEACB,NM,1991,225511
2024F,TEACB,NM,1992,211705
2024F,TEACB,NM,1993,223530
2024F,TEACB,NM,1994,213109
2024F,TEACB,NM,1995,195058
2024F,TEACB,NM,1996,186613
2024F,TEACB,NM,1997,233533
2024F,TEACB,NM,1998,230985
2024F,TEACB,NM,1999,230756
2024F,TEACB,NM,2000,226271
2024F,TEACB,NM,2001,229944
2024F,TEACB,NM,2002,225558
2024F,TEACB,NM,2003,218337
2024F,TEACB,NM,2004,225743
2024F,TEACB,NM,2005,219213
2024F,TEACB,NM,2006,227066
2024F,TEACB,NM,2007,217882
2024F,TEACB,NM,2008,201680
2024F,TEACB,NM,2009,197832
2024F,TEACB,NM,2010,195789
2024F,TEACB,NM,2011,201356
2024F,TEACB,NM,2012,201841
2024F,TEACB,NM,2013,202940
2024F,TEACB,NM,2014,209278
2024F,TEACB,NM,2015,212151
2024F,TEACB,NM,2016,207923
2024F,TEACB,NM,2017,221771
2024F,TEACB,NM,2018,229088
2024F,TEACB,NM,2019,233100
2024F,TEACB,NM,2020,218398
2024F,TEACB,NM,2021,238292
2024F,TEACB,NM,2022,230728
2024F,TEACB,NM,2023,228625
2024F,TEACB,NM,2024,222637
2024F,TEACB,NV,1960,42128
2024F,TEACB,NV,1961,46495
2024F,TEACB,NV,1962,52523
2024F,TEACB,NV,1963,55192
2024F,TEACB,NV,1964,59623
2024F,TEACB,NV,1965,55891
2024F,TEACB,NV,1966,56519
2024F,TEACB,NV,1967,60568
2024F,TEACB,NV,1968,70357
2024F,TEACB,NV,1969,72607
2024F,TEACB,NV,1970,73099
2024F,TEACB,NV,1971,75199
2024F,TEACB,NV,1972,81261
2024F,TEACB,NV,1973,88446
2024F,TEACB,NV,1974,87395
2024F,TEACB,NV,1975,92134
2024F,TEACB,NV,1976,96458
2024F,TEACB,NV,1977,102370
2024F,TEACB,NV,1978,113267
2024F,TEACB,NV,1979,113529
2024F,TEACB,NV,1980,116207
2024F,TEACB,NV,1981,114936
2024F,TEACB,NV,1982,113046
2024F,TEACB,NV,1983,115444
2024F,TEACB,NV,1984,110017
2024F,TEACB,NV,1985,111173
2024F,TEACB,NV,1986,115443
2024F,TEACB,NV,1987,126816
2024F,TEACB,NV,1988,131203
2024F,TEACB,NV,1989,132861
2024F,TEACB,NV,1990,132736
2024F,TEACB,NV,1991,138198
2024F,TEACB,NV,1992,141152
2024F,TEACB,NV,1993,146016
2024F,TEACB,NV,1994,154154
2024F,TEACB,NV,1995,161155
2024F,TEACB,NV,1996,178132
2024F,TEACB,NV,1997,177800
2024F,TEACB,NV,1998,183785
2024F,TEACB,NV,1999,196380
2024F,TEACB,NV,2000,204781
2024F,TEACB,NV,2001,205057
2024F,TEACB,NV,2002,208479
2024F,TEACB,NV,2003,214561
2024F,TEACB,NV,2004,228031
2024F,TEACB,NV,2005,237970
2024F,TEACB,NV,2006,253153
2024F,TEACB,NV,2007,255864
2024F,TEACB,NV,2008,231262
2024F,TEACB,NV,2009,210191
2024F,TEACB,NV,2010,253508
2024F,TEACB,NV,2011,249173
2024F,TEACB,NV,2012,248723
2024F,TEACB,NV,2013,253652
2024F,TEACB,NV,2014,253813
2024F,TEACB,NV,2015,257339
2024F,TEACB,NV,2016,268336
2024F,TEACB,NV,2017,278259
2024F,TEACB,NV,2018,278870
2024F,TEACB,NV,2019,278993
2024F,TEACB,NV,2020,226809
2024F,TEACB,NV,2021,260174
2024F,TEACB,NV,2022,276403
2024F,TEACB,NV,2023,267273
2024F,TEACB,NV,2024,271754
2024F,TEACB,NY,1960,798991
2024F,TEACB,NY,1961,817690
2024F,TEACB,NY,1962,814306
2024F,TEACB,NY,1963,834563
2024F,TEACB,NY,1964,856273
2024F,TEACB,NY,1965,881479
2024F,TEACB,NY,1966,927999
2024F,TEACB,NY,1967,979823
2024F,TEACB,NY,1968,1014732
2024F,TEACB,NY,1969,1072914
2024F,TEACB,NY,1970,1096026
2024F,TEACB,NY,1971,1133043
2024F,TEACB,NY,1972,1130470
2024F,TEACB,NY,1973,1182571
2024F,TEACB,NY,1974,1066921
2024F,TEACB,NY,1975,1047313
2024F,TEACB,NY,1976,1106424
2024F,TEACB,NY,1977,1093209
2024F,TEACB,NY,1978,1100762
2024F,TEACB,NY,1979,1087004
2024F,TEACB,NY,1980,1025285
2024F,TEACB,NY,1981,959685
2024F,TEACB,NY,1982,860423
2024F,TEACB,NY,1983,786603
2024F,TEACB,NY,1984,722037
2024F,TEACB,NY,1985,843105
2024F,TEACB,NY,1986,859382
2024F,TEACB,NY,1987,907929
2024F,TEACB,NY,1988,867379
2024F,TEACB,NY,1989,873244
2024F,TEACB,NY,1990,924917
2024F,TEACB,NY,1991,899701
2024F,TEACB,NY,1992,877100
2024F,TEACB,NY,1993,891037
2024F,TEACB,NY,1994,879781
2024F,TEACB,NY,1995,907434
2024F,TEACB,NY,1996,948753
2024F,TEACB,NY,1997,947881
2024F,TEACB,NY,1998,955660
2024F,TEACB,NY,1999,963720
2024F,TEACB,NY,2000,967958
2024F,TEACB,NY,2001,965181
2024F,TEACB,NY,2002,986922
2024F,TEACB,NY,2003,1055750
2024F,TEACB,NY,2004,1099622
2024F,TEACB,NY,2005,1064648
2024F,TEACB,NY,2006,1086815
2024F,TEACB,NY,2007,1084612
2024F,TEACB,NY,2008,1082585
2024F,TEACB,NY,2009,1059090
2024F,TEACB,NY,2010,1208518
2024F,TEACB,NY,2011,1136669
2024F,TEACB,NY,2012,1109575
2024F,TEACB,NY,2013,1122577
2024F,TEACB,NY,2014,1184937
2024F,TEACB,NY,2015,1160064
2024F,TEACB,NY,2016,1203985
2024F,TEACB,NY,2017,1213471
2024F,TEACB,NY,2018,1223999
2024F,TEACB,NY,2019,1194077
2024F,TEACB,NY,2020,905783
2024F,TEACB,NY,2021,1043294
2024F,TEACB,NY,2022,1126921
2024F,TEACB,NY,2023,1153332
2024F,TEACB,NY,2024,1153386
2024F,TEACB,OH,1960,485351
2024F,TEACB,OH,1961,476674
2024F,TEACB,OH,1962,501737
2024F,TEACB,OH,1963,512660
2024F,TEACB,OH,1964,532666
2024F,TEACB,OH,1965,547041
2024F,TEACB,OH,1966,576454
2024F,TEACB,OH,1967,589544
2024F,TEACB,OH,1968,627031
2024F,TEACB,OH,1969,652827
2024F,TEACB,OH,1970,673772
2024F,TEACB,OH,1971,690765
2024F,TEACB,OH,1972,745062
2024F,TEACB,OH,1973,775848
2024F,TEACB,OH,1974,752257
2024F,TEACB,OH,1975,762026
2024F,TEACB,OH,1976,799373
2024F,TEACB,OH,1977,815803
2024F,TEACB,OH,1978,837738
2024F,TEACB,OH,1979,814919
2024F,TEACB,OH,1980,787355
2024F,TEACB,OH,1981,763779
2024F,TEACB,OH,1982,735829
2024F,TEACB,OH,1983,737986
2024F,TEACB,OH,1984,749567
2024F,TEACB,OH,1985,758239
2024F,TEACB,OH,1986,785393
2024F,TEACB,OH,1987,811168
2024F,TEACB,OH,1988,818474
2024F,TEACB,OH,1989,824496
2024F,TEACB,OH,1990,803347
2024F,TEACB,OH,1991,794154
2024F,TEACB,OH,1992,787552
2024F,TEACB,OH,1993,823219
2024F,TEACB,OH,1994,838456
2024F,TEACB,OH,1995,852975
2024F,TEACB,OH,1996,884383
2024F,TEACB,OH,1997,914027
2024F,TEACB,OH,1998,930740
2024F,TEACB,OH,1999,958094
2024F,TEACB,OH,2000,984879
2024F,TEACB,OH,2001,977977
2024F,TEACB,OH,2002,984683
2024F,TEACB,OH,2003,992395
2024F,TEACB,OH,2004,1014172
2024F,TEACB,OH,2005,1012397
2024F,TEACB,OH,2006,1020964
2024F,TEACB,OH,2007,1028108
2024F,TEACB,OH,2008,982904
2024F,TEACB,OH,2009,923372
2024F,TEACB,OH,2010,895807
2024F,TEACB,OH,2011,883850
2024F,TEACB,OH,2012,856705
2024F,TEACB,OH,2013,871745
2024F,TEACB,OH,2014,892100
2024F,TEACB,OH,2015,893339
2024F,TEACB,OH,2016,889167
2024F,TEACB,OH,2017,897238
2024F,TEACB,OH,2018,902719
2024F,TEACB,OH,2019,888579
2024F,TEACB,OH,2020,813222
2024F,TEACB,OH,2021,875005
2024F,TEACB,OH,2022,872840
2024F,TEACB,OH,2023,877644
2024F,TEACB,OH,2024,890236
2024F,TEACB,OK,1960,150704
2024F,TEACB,OK,1961,156466
2024F,TEACB,OK,1962,164839
2024F,TEACB,OK,1963,173978
2024F,TEACB,OK,1964,177495
2024F,TEACB,OK,1965,181452
2024F,TEACB,OK,1966,191749
2024F,TEACB,OK,1967,199061
2024F,TEACB,OK,1968,215738
2024F,TEACB,OK,1969,221482
2024F,TEACB,OK,1970,241452
2024F,TEACB,OK,1971,247329
2024F,TEACB,OK,1972,262416
2024F,TEACB,OK,1973,272534
2024F,TEACB,OK,1974,269250
2024F,TEACB,OK,1975,278451
2024F,TEACB,OK,1976,298112
2024F,TEACB,OK,1977,312494
2024F,TEACB,OK,1978,320848
2024F,TEACB,OK,1979,318780
2024F,TEACB,OK,1980,308459
2024F,TEACB,OK,1981,330085
2024F,TEACB,OK,1982,350617
2024F,TEACB,OK,1983,345022
2024F,TEACB,OK,1984,345747
2024F,TEACB,OK,1985,340783
2024F,TEACB,OK,1986,324441
2024F,TEACB,OK,1987,331045
2024F,TEACB,OK,1988,337054
2024F,TEACB,OK,1989,356262
2024F,TEACB,OK,1990,340214
2024F,TEACB,OK,1991,348184
2024F,TEACB,OK,1992,374952
2024F,TEACB,OK,1993,363564
2024F,TEACB,OK,1994,376090
2024F,TEACB,OK,1995,359989
2024F,TEACB,OK,1996,381541
2024F,TEACB,OK,1997,375036
2024F,TEACB,OK,1998,382455
2024F,TEACB,OK,1999,400473
2024F,TEACB,OK,2000,425637
2024F,TEACB,OK,2001,465132
2024F,TEACB,OK,2002,435147
2024F,TEACB,OK,2003,444995
2024F,TEACB,OK,2004,412077
2024F,TEACB,OK,2005,438226
2024F,TEACB,OK,2006,449611
2024F,TEACB,OK,2007,459317
2024F,TEACB,OK,2008,461917
2024F,TEACB,OK,2009,442475
2024F,TEACB,OK,2010,454513
2024F,TEACB,OK,2011,443663
2024F,TEACB,OK,2012,445997
2024F,TEACB,OK,2013,443456
2024F,TEACB,OK,2014,480282
2024F,TEACB,OK,2015,470115
2024F,TEACB,OK,2016,470328
2024F,TEACB,OK,2017,479167
2024F,TEACB,OK,2018,488576
2024F,TEACB,OK,2019,475984
2024F,TEACB,OK,2020,427568
2024F,TEACB,OK,2021,455235
2024F,TEACB,OK,2022,456645
2024F,TEACB,OK,2023,459690
2024F,TEACB,OK,2024,462259
2024F,TEACB,OR,1960,111092
2024F,TEACB,OR,1961,115567
2024F,TEACB,OR,1962,119261
2024F,TEACB,OR,1963,122235
2024F,TEACB,OR,1964,126944
2024F,TEACB,OR,1965,133578
2024F,TEACB,OR,1966,146168
2024F,TEACB,OR,1967,151597
2024F,TEACB,OR,1968,171929
2024F,TEACB,OR,1969,175449
2024F,TEACB,OR,1970,182682
2024F,TEACB,OR,1971,191250
2024F,TEACB,OR,1972,206121
2024F,TEACB,OR,1973,219989
2024F,TEACB,OR,1974,210357
2024F,TEACB,OR,1975,213818
2024F,TEACB,OR,1976,226422
2024F,TEACB,OR,1977,241437
2024F,TEACB,OR,1978,264161
2024F,TEACB,OR,1979,271247
2024F,TEACB,OR,1980,239648
2024F,TEACB,OR,1981,249758
2024F,TEACB,OR,1982,250383
2024F,TEACB,OR,1983,236388
2024F,TEACB,OR,1984,231840
2024F,TEACB,OR,1985,241257
2024F,TEACB,OR,1986,246074
2024F,TEACB,OR,1987,263019
2024F,TEACB,OR,1988,281170
2024F,TEACB,OR,1989,284154
2024F,TEACB,OR,1990,280194
2024F,TEACB,OR,1991,301116
2024F,TEACB,OR,1992,304209
2024F,TEACB,OR,1993,292748
2024F,TEACB,OR,1994,301233
2024F,TEACB,OR,1995,296990
2024F,TEACB,OR,1996,307947
2024F,TEACB,OR,1997,310753
2024F,TEACB,OR,1998,326079
2024F,TEACB,OR,1999,328916
2024F,TEACB,OR,2000,319886
2024F,TEACB,OR,2001,306165
2024F,TEACB,OR,2002,312277
2024F,TEACB,OR,2003,310200
2024F,TEACB,OR,2004,321785
2024F,TEACB,OR,2005,330194
2024F,TEACB,OR,2006,338297
2024F,TEACB,OR,2007,344449
2024F,TEACB,OR,2008,324027
2024F,TEACB,OR,2009,325517
2024F,TEACB,OR,2010,317616
2024F,TEACB,OR,2011,302539
2024F,TEACB,OR,2012,297912
2024F,TEACB,OR,2013,300267
2024F,TEACB,OR,2014,303121
2024F,TEACB,OR,2015,298895
2024F,TEACB,OR,2016,300243
2024F,TEACB,OR,2017,308368
2024F,TEACB,OR,2018,317241
2024F,TEACB,OR,2019,311756
2024F,TEACB,OR,2020,278751
2024F,TEACB,OR,2021,302063
2024F,TEACB,OR,2022,306117
2024F,TEACB,OR,2023,321826
2024F,TEACB,OR,2024,322860
2024F,TEACB,PA,1960,535692
2024F,TEACB,PA,1961,515493
2024F,TEACB,PA,1962,531568
2024F,TEACB,PA,1963,554094
2024F,TEACB,PA,1964,565983
2024F,TEACB,PA,1965,571089
2024F,TEACB,PA,1966,592897
2024F,TEACB,PA,1967,627774
2024F,TEACB,PA,1968,677724
2024F,TEACB,PA,1969,688075
2024F,TEACB,PA,1970,717976
2024F,TEACB,PA,1971,746453
2024F,TEACB,PA,1972,799027
2024F,TEACB,PA,1973,813116
2024F,TEACB,PA,1974,782416
2024F,TEACB,PA,1975,769147
2024F,TEACB,PA,1976,838028
2024F,TEACB,PA,1977,857038
2024F,TEACB,PA,1978,866683
2024F,TEACB,PA,1979,850396
2024F,TEACB,PA,1980,817577
2024F,TEACB,PA,1981,775996
2024F,TEACB,PA,1982,729733
2024F,TEACB,PA,1983,741641
2024F,TEACB,PA,1984,757863
2024F,TEACB,PA,1985,762969
2024F,TEACB,PA,1986,792878
2024F,TEACB,PA,1987,838811
2024F,TEACB,PA,1988,870235
2024F,TEACB,PA,1989,819622
2024F,TEACB,PA,1990,842516
2024F,TEACB,PA,1991,840002
2024F,TEACB,PA,1992,856819
2024F,TEACB,PA,1993,877788
2024F,TEACB,PA,1994,886345
2024F,TEACB,PA,1995,901532
2024F,TEACB,PA,1996,896228
2024F,TEACB,PA,1997,933731
2024F,TEACB,PA,1998,956920
2024F,TEACB,PA,1999,967862
2024F,TEACB,PA,2000,998648
2024F,TEACB,PA,2001,995624
2024F,TEACB,PA,2002,999656
2024F,TEACB,PA,2003,987860
2024F,TEACB,PA,2004,1016272
2024F,TEACB,PA,2005,1033389
2024F,TEACB,PA,2006,1028040
2024F,TEACB,PA,2007,1022236
2024F,TEACB,PA,2008,972080
2024F,TEACB,PA,2009,963067
2024F,TEACB,PA,2010,958159
2024F,TEACB,PA,2011,955384
2024F,TEACB,PA,2012,939391
2024F,TEACB,PA,2013,938851
2024F,TEACB,PA,2014,937879
2024F,TEACB,PA,2015,915714
2024F,TEACB,PA,2016,901303
2024F,TEACB,PA,2017,909415
2024F,TEACB,PA,2018,907945
2024F,TEACB,PA,2019,920268
2024F,TEACB,PA,2020,783677
2024F,TEACB,PA,2021,847914
2024F,TEACB,PA,2022,853310
2024F,TEACB,PA,2023,840817
2024F,TEACB,PA,2024,842111
2024F,TEACB,RI,1960,61311
2024F,TEACB,RI,1961,53281
2024F,TEACB,RI,1962,52092
2024F,TEACB,RI,1963,53405
2024F,TEACB,RI,1964,49676
2024F,TEACB,RI,1965,53889
2024F,TEACB,RI,1966,56047
2024F,TEACB,RI,1967,63794
2024F,TEACB,RI,1968,59019
2024F,TEACB,RI,1969,58304
2024F,TEACB,RI,1970,63334
2024F,TEACB,RI,1971,67447
2024F,TEACB,RI,1972,65334
2024F,TEACB,RI,1973,60210
2024F,TEACB,RI,1974,58376
2024F,TEACB,RI,1975,56998
2024F,TEACB,RI,1976,55344
2024F,TEACB,RI,1977,55427
2024F,TEACB,RI,1978,54546
2024F,TEACB,RI,1979,54400
2024F,TEACB,RI,1980,52167
2024F,TEACB,RI,1981,51201
2024F,TEACB,RI,1982,50621
2024F,TEACB,RI,1983,50925
2024F,TEACB,RI,1984,54087
2024F,TEACB,RI,1985,50730
2024F,TEACB,RI,1986,56422
2024F,TEACB,RI,1987,60804
2024F,TEACB,RI,1988,61893
2024F,TEACB,RI,1989,60866
2024F,TEACB,RI,1990,57830
2024F,TEACB,RI,1991,57997
2024F,TEACB,RI,1992,56859
2024F,TEACB,RI,1993,57039
2024F,TEACB,RI,1994,56070
2024F,TEACB,RI,1995,57906
2024F,TEACB,RI,1996,58610
2024F,TEACB,RI,1997,64938
2024F,TEACB,RI,1998,62809
2024F,TEACB,RI,1999,65366
2024F,TEACB,RI,2000,65131
2024F,TEACB,RI,2001,65691
2024F,TEACB,RI,2002,65012
2024F,TEACB,RI,2003,63895
2024F,TEACB,RI,2004,62107
2024F,TEACB,RI,2005,62124
2024F,TEACB,RI,2006,64686
2024F,TEACB,RI,2007,63800
2024F,TEACB,RI,2008,60525
2024F,TEACB,RI,2009,62360
2024F,TEACB,RI,2010,62545
2024F,TEACB,RI,2011,59433
2024F,TEACB,RI,2012,56586
2024F,TEACB,RI,2013,56998
2024F,TEACB,RI,2014,60995
2024F,TEACB,RI,2015,60633
2024F,TEACB,RI,2016,56858
2024F,TEACB,RI,2017,57825
2024F,TEACB,RI,2018,59938
2024F,TEACB,RI,2019,59273
2024F,TEACB,RI,2020,50377
2024F,TEACB,RI,2021,54819
2024F,TEACB,RI,2022,57405
2024F,TEACB,RI,2023,58293
2024F,TEACB,RI,2024,61823
2024F,TEACB,SC,1960,126208
2024F,TEACB,SC,1961,129567
2024F,TEACB,SC,1962,142484
2024F,TEACB,SC,1963,151254
2024F,TEACB,SC,1964,145094
2024F,TEACB,SC,1965,147298
2024F,TEACB,SC,1966,157498
2024F,TEACB,SC,1967,159278
2024F,TEACB,SC,1968,179569
2024F,TEACB,SC,1969,185719
2024F,TEACB,SC,1970,198589
2024F,TEACB,SC,1971,207758
2024F,TEACB,SC,1972,217321
2024F,TEACB,SC,1973,234328
2024F,TEACB,SC,1974,229943
2024F,TEACB,SC,1975,229440
2024F,TEACB,SC,1976,245155
2024F,TEACB,SC,1977,253229
2024F,TEACB,SC,1978,265931
2024F,TEACB,SC,1979,263808
2024F,TEACB,SC,1980,248132
2024F,TEACB,SC,1981,246357
2024F,TEACB,SC,1982,246668
2024F,TEACB,SC,1983,252018
2024F,TEACB,SC,1984,263410
2024F,TEACB,SC,1985,265569
2024F,TEACB,SC,1986,274879
2024F,TEACB,SC,1987,271519
2024F,TEACB,SC,1988,298884
2024F,TEACB,SC,1989,289639
2024F,TEACB,SC,1990,308567
2024F,TEACB,SC,1991,318063
2024F,TEACB,SC,1992,306881
2024F,TEACB,SC,1993,311468
2024F,TEACB,SC,1994,317872
2024F,TEACB,SC,1995,318370
2024F,TEACB,SC,1996,325962
2024F,TEACB,SC,1997,340229
2024F,TEACB,SC,1998,359539
2024F,TEACB,SC,1999,370957
2024F,TEACB,SC,2000,378736
2024F,TEACB,SC,2001,382142
2024F,TEACB,SC,2002,390077
2024F,TEACB,SC,2003,393802
2024F,TEACB,SC,2004,447857
2024F,TEACB,SC,2005,426870
2024F,TEACB,SC,2006,446165
2024F,TEACB,SC,2007,444228
2024F,TEACB,SC,2008,434250
2024F,TEACB,SC,2009,444773
2024F,TEACB,SC,2010,459078
2024F,TEACB,SC,2011,450875
2024F,TEACB,SC,2012,437040
2024F,TEACB,SC,2013,453551
2024F,TEACB,SC,2014,445734
2024F,TEACB,SC,2015,468067
2024F,TEACB,SC,2016,482168
2024F,TEACB,SC,2017,490315
2024F,TEACB,SC,2018,489394
2024F,TEACB,SC,2019,482520
2024F,TEACB,SC,2020,433328
2024F,TEACB,SC,2021,478443
2024F,TEACB,SC,2022,466876
2024F,TEACB,SC,2023,474476
2024F,TEACB,SC,2024,478031
2024F,TEACB,SD,1960,41074
2024F,TEACB,SD,1961,43017
2024F,TEACB,SD,1962,45861
2024F,TEACB,SD,1963,47646
2024F,TEACB,SD,1964,46663
2024F,TEACB,SD,1965,45202
2024F,TEACB,SD,1966,47210
2024F,TEACB,SD,1967,47932
2024F,TEACB,SD,1968,51664
2024F,TEACB,SD,1969,51576
2024F,TEACB,SD,1970,53555
2024F,TEACB,SD,1971,58358
2024F,TEACB,SD,1972,61204
2024F,TEACB,SD,1973,61434
2024F,TEACB,SD,1974,60379
2024F,TEACB,SD,1975,62018
2024F,TEACB,SD,1976,65702
2024F,TEACB,SD,1977,68191
2024F,TEACB,SD,1978,69568
2024F,TEACB,SD,1979,70279
2024F,TEACB,SD,1980,63204
2024F,TEACB,SD,1981,60032
2024F,TEACB,SD,1982,61601
2024F,TEACB,SD,1983,59941
2024F,TEACB,SD,1984,61918
2024F,TEACB,SD,1985,65547
2024F,TEACB,SD,1986,60615
2024F,TEACB,SD,1987,62356
2024F,TEACB,SD,1988,64623
2024F,TEACB,SD,1989,64771
2024F,TEACB,SD,1990,65961
2024F,TEACB,SD,1991,64087
2024F,TEACB,SD,1992,72993
2024F,TEACB,SD,1993,73241
2024F,TEACB,SD,1994,78214
2024F,TEACB,SD,1995,79805
2024F,TEACB,SD,1996,79338
2024F,TEACB,SD,1997,77445
2024F,TEACB,SD,1998,79996
2024F,TEACB,SD,1999,83197
2024F,TEACB,SD,2000,84690
2024F,TEACB,SD,2001,83080
2024F,TEACB,SD,2002,90616
2024F,TEACB,SD,2003,85129
2024F,TEACB,SD,2004,86430
2024F,TEACB,SD,2005,88241
2024F,TEACB,SD,2006,88181
2024F,TEACB,SD,2007,92002
2024F,TEACB,SD,2008,87191
2024F,TEACB,SD,2009,89558
2024F,TEACB,SD,2010,94292
2024F,TEACB,SD,2011,94187
2024F,TEACB,SD,2012,98661
2024F,TEACB,SD,2013,96216
2024F,TEACB,SD,2014,99127
2024F,TEACB,SD,2015,101446
2024F,TEACB,SD,2016,100754
2024F,TEACB,SD,2017,100054
2024F,TEACB,SD,2018,101175
2024F,TEACB,SD,2019,100245
2024F,TEACB,SD,2020,97397
2024F,TEACB,SD,2021,102498
2024F,TEACB,SD,2022,102141
2024F,TEACB,SD,2023,98950
2024F,TEACB,SD,2024,99707
2024F,TEACB,TN,1960,174077
2024F,TEACB,TN,1961,189698
2024F,TEACB,TN,1962,201900
2024F,TEACB,TN,1963,215915
2024F,TEACB,TN,1964,221891
2024F,TEACB,TN,1965,230861
2024F,TEACB,TN,1966,248978
2024F,TEACB,TN,1967,257828
2024F,TEACB,TN,1968,277502
2024F,TEACB,TN,1969,296060
2024F,TEACB,TN,1970,308383
2024F,TEACB,TN,1971,325417
2024F,TEACB,TN,1972,355659
2024F,TEACB,TN,1973,388248
2024F,TEACB,TN,1974,380946
2024F,TEACB,TN,1975,390254
2024F,TEACB,TN,1976,406098
2024F,TEACB,TN,1977,418416
2024F,TEACB,TN,1978,443273
2024F,TEACB,TN,1979,450307
2024F,TEACB,TN,1980,408896
2024F,TEACB,TN,1981,408735
2024F,TEACB,TN,1982,398309
2024F,TEACB,TN,1983,396070
2024F,TEACB,TN,1984,426527
2024F,TEACB,TN,1985,434199
2024F,TEACB,TN,1986,465660
2024F,TEACB,TN,1987,458225
2024F,TEACB,TN,1988,466234
2024F,TEACB,TN,1989,477732
2024F,TEACB,TN,1990,466321
2024F,TEACB,TN,1991,440683
2024F,TEACB,TN,1992,460343
2024F,TEACB,TN,1993,485212
2024F,TEACB,TN,1994,499427
2024F,TEACB,TN,1995,523839
2024F,TEACB,TN,1996,541590
2024F,TEACB,TN,1997,546092
2024F,TEACB,TN,1998,556277
2024F,TEACB,TN,1999,574004
2024F,TEACB,TN,2000,583020
2024F,TEACB,TN,2001,579913
2024F,TEACB,TN,2002,613313
2024F,TEACB,TN,2003,629701
2024F,TEACB,TN,2004,630251
2024F,TEACB,TN,2005,645154
2024F,TEACB,TN,2006,648674
2024F,TEACB,TN,2007,651672
2024F,TEACB,TN,2008,611706
2024F,TEACB,TN,2009,595879
2024F,TEACB,TN,2010,617130
2024F,TEACB,TN,2011,614392
2024F,TEACB,TN,2012,594524
2024F,TEACB,TN,2013,598926
2024F,TEACB,TN,2014,613239
2024F,TEACB,TN,2015,621346
2024F,TEACB,TN,2016,634163
2024F,TEACB,TN,2017,640109
2024F,TEACB,TN,2018,647938
2024F,TEACB,TN,2019,668034
2024F,TEACB,TN,2020,615782
2024F,TEACB,TN,2021,669754
2024F,TEACB,TN,2022,665643
2024F,TEACB,TN,2023,664140
2024F,TEACB,TN,2024,660853
2024F,TEACB,TX,1960,797661
2024F,TEACB,TX,1961,814145
2024F,TEACB,TX,1962,835619
2024F,TEACB,TX,1963,860527
2024F,TEACB,TX,1964,888449
2024F,TEACB,TX,1965,919603
2024F,TEACB,TX,1966,950843
2024F,TEACB,TX,1967,1002771
2024F,TEACB,TX,1968,1096279
2024F,TEACB,TX,1969,1159513
2024F,TEACB,TX,1970,1212068
2024F,TEACB,TX,1971,1258232
2024F,TEACB,TX,1972,1360829
2024F,TEACB,TX,1973,1486367
2024F,TEACB,TX,1974,1509541
2024F,TEACB,TX,1975,1562028
2024F,TEACB,TX,1976,1614344
2024F,TEACB,TX,1977,1728153
2024F,TEACB,TX,1978,1826422
2024F,TEACB,TX,1979,1880719
2024F,TEACB,TX,1980,1802055
2024F,TEACB,TX,1981,1826225
2024F,TEACB,TX,1982,1883216
2024F,TEACB,TX,1983,1880769
2024F,TEACB,TX,1984,1960057
2024F,TEACB,TX,1985,2027528
2024F,TEACB,TX,1986,2073455
2024F,TEACB,TX,1987,2032666
2024F,TEACB,TX,1988,2146110
2024F,TEACB,TX,1989,2150031
2024F,TEACB,TX,1990,2155244
2024F,TEACB,TX,1991,2103266
2024F,TEACB,TX,1992,2149543
2024F,TEACB,TX,1993,2135807
2024F,TEACB,TX,1994,2196665
2024F,TEACB,TX,1995,2165210
2024F,TEACB,TX,1996,2338876
2024F,TEACB,TX,1997,2402607
2024F,TEACB,TX,1998,2524138
2024F,TEACB,TX,1999,2509764
2024F,TEACB,TX,2000,2563154
2024F,TEACB,TX,2001,2674517
2024F,TEACB,TX,2002,2768700
2024F,TEACB,TX,2003,2669825
2024F,TEACB,TX,2004,2698061
2024F,TEACB,TX,2005,2722999
2024F,TEACB,TX,2006,2855226
2024F,TEACB,TX,2007,2885494
2024F,TEACB,TX,2008,2801454
2024F,TEACB,TX,2009,2690457
2024F,TEACB,TX,2010,2665194
2024F,TEACB,TX,2011,2688648
2024F,TEACB,TX,2012,2698257
2024F,TEACB,TX,2013,2955104
2024F,TEACB,TX,2014,2938998
2024F,TEACB,TX,2015,2994617
2024F,TEACB,TX,2016,3088180
2024F,TEACB,TX,2017,3117200
2024F,TEACB,TX,2018,3229203
2024F,TEACB,TX,2019,3342633
2024F,TEACB,TX,2020,2851114
2024F,TEACB,TX,2021,3172383
2024F,TEACB,TX,2022,3311900
2024F,TEACB,TX,2023,3356244
2024F,TEACB,TX,2024,3390708
2024F,TEACB,US,1960,10591837
2024F,TEACB,US,1961,10764688
2024F,TEACB,US,1962,11215042
2024F,TEACB,US,1963,11650946
2024F,TEACB,US,1964,11994851
2024F,TEACB,US,1965,12429817
2024F,TEACB,US,1966,13097008
2024F,TEACB,US,1967,13747348
2024F,TEACB,US,1968,14860830
2024F,TEACB,US,1969,15500626
2024F,TEACB,US,1970,16090272
2024F,TEACB,US,1971,16722042
2024F,TEACB,US,1972,17712544
2024F,TEACB,US,1973,18611887
2024F,TEACB,US,1974,18115798
2024F,TEACB,US,1975,18241426
2024F,TEACB,US,1976,19097982
2024F,TEACB,US,1977,19820369
2024F,TEACB,US,1978,20616503
2024F,TEACB,US,1979,20469674
2024F,TEACB,US,1980,19693802
2024F,TEACB,US,1981,19512436
2024F,TEACB,US,1982,19087509
2024F,TEACB,US,1983,19172278
2024F,TEACB,US,1984,19651104
2024F,TEACB,US,1985,20085521
2024F,TEACB,US,1986,20786542
2024F,TEACB,US,1987,21467884
2024F,TEACB,US,1988,22316398
2024F,TEACB,US,1989,22474916
2024F,TEACB,US,1990,22418621
2024F,TEACB,US,1991,22115350
2024F,TEACB,US,1992,22413573
2024F,TEACB,US,1993,22670634
2024F,TEACB,US,1994,23317614
2024F,TEACB,US,1995,23813549
2024F,TEACB,US,1996,24419614
2024F,TEACB,US,1997,24730098
2024F,TEACB,US,1998,25223704
2024F,TEACB,US,1999,25915603
2024F,TEACB,US,2000,26516575
2024F,TEACB,US,2001,26237033
2024F,TEACB,US,2002,26807877
2024F,TEACB,US,2003,26883791
2024F,TEACB,US,2004,27831132
2024F,TEACB,US,2005,28266529
2024F,TEACB,US,2006,28705361
2024F,TEACB,US,2007,28825239
2024F,TEACB,US,2008,27437929
2024F,TEACB,US,2009,26608680
2024F,TEACB,US,2010,26982443
2024F,TEACB,US,2011,26587905
2024F,TEACB,US,2012,26117405
2024F,TEACB,US,2013,26603427
2024F,TEACB,US,2014,26863293
2024F,TEACB,US,2015,27236009
2024F,TEACB,US,2016,27782517
2024F,TEACB,US,2017,28011526
2024F,TEACB,US,2018,28461154
2024F,TEACB,US,2019,28581114
2024F,TEACB,US,2020,24355779
2024F,TEACB,US,2021,27063003
2024F,TEACB,US,2022,27663288
2024F,TEACB,US,2023,28051412
2024F,TEACB,US,2024,28305193
2024F,TEACB,UT,1960,64511
2024F,TEACB,UT,1961,60626
2024F,TEACB,UT,1962,65915
2024F,TEACB,UT,1963,66515
2024F,TEACB,UT,1964,66941
2024F,TEACB,UT,1965,70642
2024F,TEACB,UT,1966,78749
2024F,TEACB,UT,1967,77711
2024F,TEACB,UT,1968,83491
2024F,TEACB,UT,1969,87960
2024F,TEACB,UT,1970,91544
2024F,TEACB,UT,1971,98351
2024F,TEACB,UT,1972,103196
2024F,TEACB,UT,1973,109665
2024F,TEACB,UT,1974,112423
2024F,TEACB,UT,1975,113847
2024F,TEACB,UT,1976,116248
2024F,TEACB,UT,1977,121394
2024F,TEACB,UT,1978,130166
2024F,TEACB,UT,1979,131650
2024F,TEACB,UT,1980,126763
2024F,TEACB,UT,1981,122808
2024F,TEACB,UT,1982,121883
2024F,TEACB,UT,1983,126099
2024F,TEACB,UT,1984,128479
2024F,TEACB,UT,1985,132132
2024F,TEACB,UT,1986,141909
2024F,TEACB,UT,1987,146203
2024F,TEACB,UT,1988,151122
2024F,TEACB,UT,1989,143100
2024F,TEACB,UT,1990,148687
2024F,TEACB,UT,1991,154513
2024F,TEACB,UT,1992,157455
2024F,TEACB,UT,1993,163603
2024F,TEACB,UT,1994,166811
2024F,TEACB,UT,1995,181276
2024F,TEACB,UT,1996,189839
2024F,TEACB,UT,1997,197637
2024F,TEACB,UT,1998,202063
2024F,TEACB,UT,1999,209020
2024F,TEACB,UT,2000,220789
2024F,TEACB,UT,2001,212266
2024F,TEACB,UT,2002,219785
2024F,TEACB,UT,2003,223913
2024F,TEACB,UT,2004,232664
2024F,TEACB,UT,2005,236791
2024F,TEACB,UT,2006,260515
2024F,TEACB,UT,2007,259908
2024F,TEACB,UT,2008,240235
2024F,TEACB,UT,2009,231584
2024F,TEACB,UT,2010,226280
2024F,TEACB,UT,2011,242485
2024F,TEACB,UT,2012,235175
2024F,TEACB,UT,2013,240005
2024F,TEACB,UT,2014,242344
2024F,TEACB,UT,2015,250143
2024F,TEACB,UT,2016,255489
2024F,TEACB,UT,2017,259717
2024F,TEACB,UT,2018,276040
2024F,TEACB,UT,2019,272445
2024F,TEACB,UT,2020,252959
2024F,TEACB,UT,2021,269066
2024F,TEACB,UT,2022,281283
2024F,TEACB,UT,2023,276335
2024F,TEACB,UT,2024,287832
2024F,TEACB,VA,1960,290155
2024F,TEACB,VA,1961,271498
2024F,TEACB,VA,1962,279501
2024F,TEACB,VA,1963,294215
2024F,TEACB,VA,1964,309745
2024F,TEACB,VA,1965,332226
2024F,TEACB,VA,1966,349062
2024F,TEACB,VA,1967,376536
2024F,TEACB,VA,1968,389886
2024F,TEACB,VA,1969,421502
2024F,TEACB,VA,1970,446103
2024F,TEACB,VA,1971,469468
2024F,TEACB,VA,1972,484381
2024F,TEACB,VA,1973,499236
2024F,TEACB,VA,1974,474824
2024F,TEACB,VA,1975,467402
2024F,TEACB,VA,1976,489360
2024F,TEACB,VA,1977,501270
2024F,TEACB,VA,1978,513369
2024F,TEACB,VA,1979,502922
2024F,TEACB,VA,1980,481807
2024F,TEACB,VA,1981,483845
2024F,TEACB,VA,1982,466091
2024F,TEACB,VA,1983,476808
2024F,TEACB,VA,1984,482446
2024F,TEACB,VA,1985,502735
2024F,TEACB,VA,1986,531461
2024F,TEACB,VA,1987,568731
2024F,TEACB,VA,1988,600367
2024F,TEACB,VA,1989,577191
2024F,TEACB,VA,1990,583572
2024F,TEACB,VA,1991,569474
2024F,TEACB,VA,1992,565605
2024F,TEACB,VA,1993,574939
2024F,TEACB,VA,1994,586919
2024F,TEACB,VA,1995,596472
2024F,TEACB,VA,1996,605177
2024F,TEACB,VA,1997,623570
2024F,TEACB,VA,1998,633793
2024F,TEACB,VA,1999,646505
2024F,TEACB,VA,2000,682814
2024F,TEACB,VA,2001,684012
2024F,TEACB,VA,2002,688174
2024F,TEACB,VA,2003,715484
2024F,TEACB,VA,2004,769981
2024F,TEACB,VA,2005,781764
2024F,TEACB,VA,2006,805002
2024F,TEACB,VA,2007,806845
2024F,TEACB,VA,2008,749511
2024F,TEACB,VA,2009,727600
2024F,TEACB,VA,2010,765516
2024F,TEACB,VA,2011,735982
2024F,TEACB,VA,2012,741767
2024F,TEACB,VA,2013,743063
2024F,TEACB,VA,2014,767786
2024F,TEACB,VA,2015,762564
2024F,TEACB,VA,2016,786399
2024F,TEACB,VA,2017,793873
2024F,TEACB,VA,2018,809827
2024F,TEACB,VA,2019,821927
2024F,TEACB,VA,2020,692798
2024F,TEACB,VA,2021,740332
2024F,TEACB,VA,2022,735925
2024F,TEACB,VA,2023,766105
2024F,TEACB,VA,2024,759652
2024F,TEACB,VT,1960,19285
2024F,TEACB,VT,1961,18903
2024F,TEACB,VT,1962,19451
2024F,TEACB,VT,1963,19720
2024F,TEACB,VT,1964,20186
2024F,TEACB,VT,1965,21156
2024F,TEACB,VT,1966,22648
2024F,TEACB,VT,1967,24252
2024F,TEACB,VT,1968,25602
2024F,TEACB,VT,1969,26604
2024F,TEACB,VT,1970,29255
2024F,TEACB,VT,1971,30302
2024F,TEACB,VT,1972,32532
2024F,TEACB,VT,1973,33907
2024F,TEACB,VT,1974,33188
2024F,TEACB,VT,1975,33366
2024F,TEACB,VT,1976,35461
2024F,TEACB,VT,1977,37970
2024F,TEACB,VT,1978,38017
2024F,TEACB,VT,1979,36867
2024F,TEACB,VT,1980,33912
2024F,TEACB,VT,1981,34053
2024F,TEACB,VT,1982,31745
2024F,TEACB,VT,1983,34097
2024F,TEACB,VT,1984,36467
2024F,TEACB,VT,1985,36959
2024F,TEACB,VT,1986,37654
2024F,TEACB,VT,1987,42609
2024F,TEACB,VT,1988,44201
2024F,TEACB,VT,1989,42008
2024F,TEACB,VT,1990,42074
2024F,TEACB,VT,1991,42481
2024F,TEACB,VT,1992,44946
2024F,TEACB,VT,1993,47312
2024F,TEACB,VT,1994,47859
2024F,TEACB,VT,1995,49731
2024F,TEACB,VT,1996,51665
2024F,TEACB,VT,1997,50799
2024F,TEACB,VT,1998,50106
2024F,TEACB,VT,1999,52481
2024F,TEACB,VT,2000,51827
2024F,TEACB,VT,2001,51852
2024F,TEACB,VT,2002,51049
2024F,TEACB,VT,2003,51875
2024F,TEACB,VT,2004,53308
2024F,TEACB,VT,2005,54027
2024F,TEACB,VT,2006,54254
2024F,TEACB,VT,2007,53356
2024F,TEACB,VT,2008,50626
2024F,TEACB,VT,2009,52089
2024F,TEACB,VT,2010,50268
2024F,TEACB,VT,2011,49014
2024F,TEACB,VT,2012,47930
2024F,TEACB,VT,2013,48693
2024F,TEACB,VT,2014,48289
2024F,TEACB,VT,2015,48695
2024F,TEACB,VT,2016,49056
2024F,TEACB,VT,2017,47809
2024F,TEACB,VT,2018,44661
2024F,TEACB,VT,2019,46381
2024F,TEACB,VT,2020,39059
2024F,TEACB,VT,2021,42485
2024F,TEACB,VT,2022,42233
2024F,TEACB,VT,2023,42460
2024F,TEACB,VT,2024,42532
2024F,TEACB,WA,1960,180036
2024F,TEACB,WA,1961,184219
2024F,TEACB,WA,1962,191594
2024F,TEACB,WA,1963,193700
2024F,TEACB,WA,1964,200150
2024F,TEACB,WA,1965,206177
2024F,TEACB,WA,1966,224453
2024F,TEACB,WA,1967,248014
2024F,TEACB,WA,1968,282701
2024F,TEACB,WA,1969,290038
2024F,TEACB,WA,1970,291218
2024F,TEACB,WA,1971,298118
2024F,TEACB,WA,1972,302950
2024F,TEACB,WA,1973,329183
2024F,TEACB,WA,1974,329108
2024F,TEACB,WA,1975,351937
2024F,TEACB,WA,1976,367995
2024F,TEACB,WA,1977,378494
2024F,TEACB,WA,1978,406591
2024F,TEACB,WA,1979,437456
2024F,TEACB,WA,1980,416127
2024F,TEACB,WA,1981,405569
2024F,TEACB,WA,1982,379960
2024F,TEACB,WA,1983,366333
2024F,TEACB,WA,1984,392825
2024F,TEACB,WA,1985,414158
2024F,TEACB,WA,1986,482614
2024F,TEACB,WA,1987,497324
2024F,TEACB,WA,1988,520170
2024F,TEACB,WA,1989,561286
2024F,TEACB,WA,1990,570855
2024F,TEACB,WA,1991,579560
2024F,TEACB,WA,1992,645979
2024F,TEACB,WA,1993,592415
2024F,TEACB,WA,1994,609347
2024F,TEACB,WA,1995,633374
2024F,TEACB,WA,1996,622436
2024F,TEACB,WA,1997,638399
2024F,TEACB,WA,1998,603293
2024F,TEACB,WA,1999,614612
2024F,TEACB,WA,2000,626321
2024F,TEACB,WA,2001,599224
2024F,TEACB,WA,2002,583748
2024F,TEACB,WA,2003,584995
2024F,TEACB,WA,2004,603848
2024F,TEACB,WA,2005,612808
2024F,TEACB,WA,2006,628816
2024F,TEACB,WA,2007,667128
2024F,TEACB,WA,2008,606986
2024F,TEACB,WA,2009,597383
2024F,TEACB,WA,2010,555817
2024F,TEACB,WA,2011,570687
2024F,TEACB,WA,2012,572306
2024F,TEACB,WA,2013,585623
2024F,TEACB,WA,2014,573336
2024F,TEACB,WA,2015,612432
2024F,TEACB,WA,2016,681124
2024F,TEACB,WA,2017,656902
2024F,TEACB,WA,2018,657093
2024F,TEACB,WA,2019,677656
2024F,TEACB,WA,2020,507324
2024F,TEACB,WA,2021,603217
2024F,TEACB,WA,2022,621861
2024F,TEACB,WA,2023,620655
2024F,TEACB,WA,2024,638893
2024F,TEACB,WI,1960,179925
2024F,TEACB,WI,1961,178398
2024F,TEACB,WI,1962,186286
2024F,TEACB,WI,1963,193358
2024F,TEACB,WI,1964,198182
2024F,TEACB,WI,1965,202452
2024F,TEACB,WI,1966,215119
2024F,TEACB,WI,1967,222717
2024F,TEACB,WI,1968,238768
2024F,TEACB,WI,1969,254799
2024F,TEACB,WI,1970,271267
2024F,TEACB,WI,1971,283044
2024F,TEACB,WI,1972,300747
2024F,TEACB,WI,1973,313343
2024F,TEACB,WI,1974,311658
2024F,TEACB,WI,1975,318552
2024F,TEACB,WI,1976,332023
2024F,TEACB,WI,1977,343009
2024F,TEACB,WI,1978,360252
2024F,TEACB,WI,1979,354661
2024F,TEACB,WI,1980,328937
2024F,TEACB,WI,1981,320729
2024F,TEACB,WI,1982,303312
2024F,TEACB,WI,1983,305153
2024F,TEACB,WI,1984,304796
2024F,TEACB,WI,1985,311118
2024F,TEACB,WI,1986,317003
2024F,TEACB,WI,1987,319153
2024F,TEACB,WI,1988,341123
2024F,TEACB,WI,1989,343688
2024F,TEACB,WI,1990,341152
2024F,TEACB,WI,1991,340589
2024F,TEACB,WI,1992,346888
2024F,TEACB,WI,1993,356002
2024F,TEACB,WI,1994,379489
2024F,TEACB,WI,1995,387380
2024F,TEACB,WI,1996,395039
2024F,TEACB,WI,1997,397553
2024F,TEACB,WI,1998,416933
2024F,TEACB,WI,1999,427108
2024F,TEACB,WI,2000,419128
2024F,TEACB,WI,2001,420910
2024F,TEACB,WI,2002,426125
2024F,TEACB,WI,2003,419979
2024F,TEACB,WI,2004,436778
2024F,TEACB,WI,2005,435814
2024F,TEACB,WI,2006,439465
2024F,TEACB,WI,2007,442207
2024F,TEACB,WI,2008,432050
2024F,TEACB,WI,2009,421723
2024F,TEACB,WI,2010,434976
2024F,TEACB,WI,2011,420278
2024F,TEACB,WI,2012,419142
2024F,TEACB,WI,2013,416145
2024F,TEACB,WI,2014,445979
2024F,TEACB,WI,2015,440875
2024F,TEACB,WI,2016,438024
2024F,TEACB,WI,2017,431941
2024F,TEACB,WI,2018,457769
2024F,TEACB,WI,2019,452929
2024F,TEACB,WI,2020,404510
2024F,TEACB,WI,2021,434438
2024F,TEACB,WI,2022,441054
2024F,TEACB,WI,2023,436483
2024F,TEACB,WI,2024,416623
2024F,TEACB,WV,1960,84624
2024F,TEACB,WV,1961,79495
2024F,TEACB,WV,1962,80104
2024F,TEACB,WV,1963,86105
2024F,TEACB,WV,1964,89808
2024F,TEACB,WV,1965,97881
2024F,TEACB,WV,1966,101521
2024F,TEACB,WV,1967,101783
2024F,TEACB,WV,1968,108551
2024F,TEACB,WV,1969,93096
2024F,TEACB,WV,1970,108454
2024F,TEACB,WV,1971,116907
2024F,TEACB,WV,1972,126479
2024F,TEACB,WV,1973,138959
2024F,TEACB,WV,1974,135849
2024F,TEACB,WV,1975,139406
2024F,TEACB,WV,1976,142708
2024F,TEACB,WV,1977,151070
2024F,TEACB,WV,1978,154215
2024F,TEACB,WV,1979,152872
2024F,TEACB,WV,1980,146605
2024F,TEACB,WV,1981,143411
2024F,TEACB,WV,1982,137495
2024F,TEACB,WV,1983,147345
2024F,TEACB,WV,1984,156917
2024F,TEACB,WV,1985,155590
2024F,TEACB,WV,1986,139565
2024F,TEACB,WV,1987,145124
2024F,TEACB,WV,1988,149467
2024F,TEACB,WV,1989,150231
2024F,TEACB,WV,1990,146864
2024F,TEACB,WV,1991,144778
2024F,TEACB,WV,1992,159657
2024F,TEACB,WV,1993,165632
2024F,TEACB,WV,1994,177018
2024F,TEACB,WV,1995,177819
2024F,TEACB,WV,1996,162736
2024F,TEACB,WV,1997,176591
2024F,TEACB,WV,1998,184117
2024F,TEACB,WV,1999,179513
2024F,TEACB,WV,2000,185760
2024F,TEACB,WV,2001,182830
2024F,TEACB,WV,2002,182011
2024F,TEACB,WV,2003,170247
2024F,TEACB,WV,2004,179123
2024F,TEACB,WV,2005,180447
2024F,TEACB,WV,2006,179417
2024F,TEACB,WV,2007,177621
2024F,TEACB,WV,2008,160442
2024F,TEACB,WV,2009,166934
2024F,TEACB,WV,2010,171559
2024F,TEACB,WV,2011,165754
2024F,TEACB,WV,2012,174645
2024F,TEACB,WV,2013,169276
2024F,TEACB,WV,2014,169944
2024F,TEACB,WV,2015,173708
2024F,TEACB,WV,2016,182561
2024F,TEACB,WV,2017,172036
2024F,TEACB,WV,2018,192714
2024F,TEACB,WV,2019,185470
2024F,TEACB,WV,2020,170234
2024F,TEACB,WV,2021,196280
2024F,TEACB,WV,2022,192606
2024F,TEACB,WV,2023,198257
2024F,TEACB,WV,2024,180032
2024F,TEACB,WY,1960,41322
2024F,TEACB,WY,1961,40098
2024F,TEACB,WY,1962,43961
2024F,TEACB,WY,1963,40499
2024F,TEACB,WY,1964,39029
2024F,TEACB,WY,1965,44301
2024F,TEACB,WY,1966,44954
2024F,TEACB,WY,1967,54471
2024F,TEACB,WY,1968,54341
2024F,TEACB,WY,1969,57799
2024F,TEACB,WY,1970,57405
2024F,TEACB,WY,1971,61918
2024F,TEACB,WY,1972,61663
2024F,TEACB,WY,1973,67768
2024F,TEACB,WY,1974,69252
2024F,TEACB,WY,1975,66067
2024F,TEACB,WY,1976,71190
2024F,TEACB,WY,1977,75273
2024F,TEACB,WY,1978,85116
2024F,TEACB,WY,1979,87482
2024F,TEACB,WY,1980,88441
2024F,TEACB,WY,1981,88739
2024F,TEACB,WY,1982,79562
2024F,TEACB,WY,1983,67063
2024F,TEACB,WY,1984,68415
2024F,TEACB,WY,1985,68801
2024F,TEACB,WY,1986,63799
2024F,TEACB,WY,1987,77408
2024F,TEACB,WY,1988,83531
2024F,TEACB,WY,1989,84494
2024F,TEACB,WY,1990,81244
2024F,TEACB,WY,1991,75947
2024F,TEACB,WY,1992,79985
2024F,TEACB,WY,1993,84504
2024F,TEACB,WY,1994,83152
2024F,TEACB,WY,1995,95893
2024F,TEACB,WY,1996,95955
2024F,TEACB,WY,1997,97960
2024F,TEACB,WY,1998,101099
2024F,TEACB,WY,1999,115332
2024F,TEACB,WY,2000,108883
2024F,TEACB,WY,2001,110784
2024F,TEACB,WY,2002,109864
2024F,TEACB,WY,2003,121106
2024F,TEACB,WY,2004,115099
2024F,TEACB,WY,2005,119086
2024F,TEACB,WY,2006,122420
2024F,TEACB,WY,2007,125815
2024F,TEACB,WY,2008,123832
2024F,TEACB,WY,2009,119964
2024F,TEACB,WY,2010,121508
2024F,TEACB,WY,2011,112292
2024F,TEACB,WY,2012,117815
2024F,TEACB,WY,2013,113594
2024F,TEACB,WY,2014,117910
2024F,TEACB,WY,2015,111677
2024F,TEACB,WY,2016,112854
2024F,TEACB,WY,2017,112759
2024F,TEACB,WY,2018,116163
2024F,TEACB,WY,2019,116439
2024F,TEACB,WY,2020,107394
2024F,TEACB,WY,2021,109123
2024F,TEACB,WY,2022,105280
2024F,TEACB,WY,2023,107362
2024F,TEACB,WY,2024,110328
2024F,TECCB,AK,1960,6592
2024F,TECCB,AK,1961,6976
2024F,TECCB,AK,1962,7129
2024F,TECCB,AK,1963,9246
2024F,TECCB,AK,1964,12021
2024F,TECCB,AK,1965,14210
2024F,TECCB,AK,1966,15066
2024F,TECCB,AK,1967,17018
2024F,TECCB,AK,1968,18316
2024F,TECCB,AK,1969,25989
2024F,TECCB,AK,1970,28705
2024F,TECCB,AK,1971,31762
2024F,TECCB,AK,1972,36289
2024F,TECCB,AK,1973,33124
2024F,TECCB,AK,1974,34856
2024F,TECCB,AK,1975,32959
2024F,TECCB,AK,1976,33710
2024F,TECCB,AK,1977,36678
2024F,TECCB,AK,1978,37081
2024F,TECCB,AK,1979,35123
2024F,TECCB,AK,1980,32854
2024F,TECCB,AK,1981,36536
2024F,TECCB,AK,1982,46028
2024F,TECCB,AK,1983,49306
2024F,TECCB,AK,1984,61051
2024F,TECCB,AK,1985,55609
2024F,TECCB,AK,1986,95073
2024F,TECCB,AK,1987,86044
2024F,TECCB,AK,1988,49560
2024F,TECCB,AK,1989,50130
2024F,TECCB,AK,1990,57482
2024F,TECCB,AK,1991,56909
2024F,TECCB,AK,1992,59008
2024F,TECCB,AK,1993,60012
2024F,TECCB,AK,1994,61142
2024F,TECCB,AK,1995,61712
2024F,TECCB,AK,1996,66173
2024F,TECCB,AK,1997,64360
2024F,TECCB,AK,1998,65886
2024F,TECCB,AK,1999,68465
2024F,TECCB,AK,2000,66776
2024F,TECCB,AK,2001,62031
2024F,TECCB,AK,2002,55830
2024F,TECCB,AK,2003,53845
2024F,TECCB,AK,2004,59006
2024F,TECCB,AK,2005,58006
2024F,TECCB,AK,2006,63939
2024F,TECCB,AK,2007,59337
2024F,TECCB,AK,2008,61038
2024F,TECCB,AK,2009,57997
2024F,TECCB,AK,2010,62668
2024F,TECCB,AK,2011,66951
2024F,TECCB,AK,2012,65188
2024F,TECCB,AK,2013,58570
2024F,TECCB,AK,2014,58601
2024F,TECCB,AK,2015,62345
2024F,TECCB,AK,2016,53891
2024F,TECCB,AK,2017,53602
2024F,TECCB,AK,2018,52109
2024F,TECCB,AK,2019,52027
2024F,TECCB,AK,2020,52392
2024F,TECCB,AK,2021,55766
2024F,TECCB,AK,2022,54796
2024F,TECCB,AK,2023,57045
2024F,TECCB,AK,2024,56804
2024F,TECCB,AL,1960,53463
2024F,TECCB,AL,1961,61026
2024F,TECCB,AL,1962,67369
2024F,TECCB,AL,1963,73550
2024F,TECCB,AL,1964,77567
2024F,TECCB,AL,1965,77062
2024F,TECCB,AL,1966,80697
2024F,TECCB,AL,1967,80030
2024F,TECCB,AL,1968,90700
2024F,TECCB,AL,1969,100346
2024F,TECCB,AL,1970,104587
2024F,TECCB,AL,1971,106981
2024F,TECCB,AL,1972,114157
2024F,TECCB,AL,1973,117343
2024F,TECCB,AL,1974,119155
2024F,TECCB,AL,1975,114160
2024F,TECCB,AL,1976,118290
2024F,TECCB,AL,1977,122796
2024F,TECCB,AL,1978,120916
2024F,TECCB,AL,1979,123247
2024F,TECCB,AL,1980,120278
2024F,TECCB,AL,1981,137009
2024F,TECCB,AL,1982,135738
2024F,TECCB,AL,1983,139201
2024F,TECCB,AL,1984,126261
2024F,TECCB,AL,1985,133517
2024F,TECCB,AL,1986,135950
2024F,TECCB,AL,1987,139710
2024F,TECCB,AL,1988,149408
2024F,TECCB,AL,1989,160778
2024F,TECCB,AL,1990,158669
2024F,TECCB,AL,1991,155364
2024F,TECCB,AL,1992,153440
2024F,TECCB,AL,1993,157551
2024F,TECCB,AL,1994,160410
2024F,TECCB,AL,1995,165013
2024F,TECCB,AL,1996,178579
2024F,TECCB,AL,1997,213223
2024F,TECCB,AL,1998,219459
2024F,TECCB,AL,1999,232322
2024F,TECCB,AL,2000,243953
2024F,TECCB,AL,2001,233910
2024F,TECCB,AL,2002,240358
2024F,TECCB,AL,2003,235720
2024F,TECCB,AL,2004,246269
2024F,TECCB,AL,2005,249452
2024F,TECCB,AL,2006,260306
2024F,TECCB,AL,2007,271789
2024F,TECCB,AL,2008,264633
2024F,TECCB,AL,2009,243888
2024F,TECCB,AL,2010,261483
2024F,TECCB,AL,2011,248475
2024F,TECCB,AL,2012,237919
2024F,TECCB,AL,2013,243971
2024F,TECCB,AL,2014,252887
2024F,TECCB,AL,2015,253858
2024F,TECCB,AL,2016,255557
2024F,TECCB,AL,2017,244860
2024F,TECCB,AL,2018,252383
2024F,TECCB,AL,2019,246511
2024F,TECCB,AL,2020,224442
2024F,TECCB,AL,2021,236984
2024F,TECCB,AL,2022,244935
2024F,TECCB,AL,2023,237952
2024F,TECCB,AL,2024,241935
2024F,TECCB,AR,1960,34197
2024F,TECCB,AR,1961,34966
2024F,TECCB,AR,1962,38969
2024F,TECCB,AR,1963,42222
2024F,TECCB,AR,1964,45565
2024F,TECCB,AR,1965,51259
2024F,TECCB,AR,1966,58633
2024F,TECCB,AR,1967,63505
2024F,TECCB,AR,1968,68785
2024F,TECCB,AR,1969,73741
2024F,TECCB,AR,1970,75954
2024F,TECCB,AR,1971,69406
2024F,TECCB,AR,1972,75113
2024F,TECCB,AR,1973,80521
2024F,TECCB,AR,1974,79122
2024F,TECCB,AR,1975,91612
2024F,TECCB,AR,1976,94700
2024F,TECCB,AR,1977,99626
2024F,TECCB,AR,1978,100141
2024F,TECCB,AR,1979,98039
2024F,TECCB,AR,1980,94304
2024F,TECCB,AR,1981,83521
2024F,TECCB,AR,1982,86299
2024F,TECCB,AR,1983,102607
2024F,TECCB,AR,1984,97206
2024F,TECCB,AR,1985,95470
2024F,TECCB,AR,1986,88956
2024F,TECCB,AR,1987,91355
2024F,TECCB,AR,1988,97165
2024F,TECCB,AR,1989,101062
2024F,TECCB,AR,1990,99369
2024F,TECCB,AR,1991,101538
2024F,TECCB,AR,1992,98928
2024F,TECCB,AR,1993,108386
2024F,TECCB,AR,1994,110434
2024F,TECCB,AR,1995,115772
2024F,TECCB,AR,1996,120617
2024F,TECCB,AR,1997,119820
2024F,TECCB,AR,1998,127703
2024F,TECCB,AR,1999,130354
2024F,TECCB,AR,2000,142474
2024F,TECCB,AR,2001,146067
2024F,TECCB,AR,2002,146019
2024F,TECCB,AR,2003,149592
2024F,TECCB,AR,2004,147995
2024F,TECCB,AR,2005,157852
2024F,TECCB,AR,2006,155943
2024F,TECCB,AR,2007,157748
2024F,TECCB,AR,2008,159838
2024F,TECCB,AR,2009,158754
2024F,TECCB,AR,2010,169410
2024F,TECCB,AR,2011,170557
2024F,TECCB,AR,2012,167414
2024F,TECCB,AR,2013,172998
2024F,TECCB,AR,2014,178727
2024F,TECCB,AR,2015,174121
2024F,TECCB,AR,2016,170622
2024F,TECCB,AR,2017,169426
2024F,TECCB,AR,2018,180744
2024F,TECCB,AR,2019,175320
2024F,TECCB,AR,2020,164343
2024F,TECCB,AR,2021,172350
2024F,TECCB,AR,2022,173393
2024F,TECCB,AR,2023,169647
2024F,TECCB,AR,2024,169256
2024F,TECCB,AZ,1960,61977
2024F,TECCB,AZ,1961,46333
2024F,TECCB,AZ,1962,44417
2024F,TECCB,AZ,1963,48892
2024F,TECCB,AZ,1964,60563
2024F,TECCB,AZ,1965,53957
2024F,TECCB,AZ,1966,55388
2024F,TECCB,AZ,1967,64024
2024F,TECCB,AZ,1968,67059
2024F,TECCB,AZ,1969,73841
2024F,TECCB,AZ,1970,76116
2024F,TECCB,AZ,1971,85616
2024F,TECCB,AZ,1972,94847
2024F,TECCB,AZ,1973,106025
2024F,TECCB,AZ,1974,111599
2024F,TECCB,AZ,1975,113605
2024F,TECCB,AZ,1976,124374
2024F,TECCB,AZ,1977,132174
2024F,TECCB,AZ,1978,127109
2024F,TECCB,AZ,1979,125358
2024F,TECCB,AZ,1980,129584
2024F,TECCB,AZ,1981,128340
2024F,TECCB,AZ,1982,128235
2024F,TECCB,AZ,1983,127642
2024F,TECCB,AZ,1984,143595
2024F,TECCB,AZ,1985,158577
2024F,TECCB,AZ,1986,162675
2024F,TECCB,AZ,1987,181112
2024F,TECCB,AZ,1988,188167
2024F,TECCB,AZ,1989,200433
2024F,TECCB,AZ,1990,201733
2024F,TECCB,AZ,1991,197551
2024F,TECCB,AZ,1992,204194
2024F,TECCB,AZ,1993,206417
2024F,TECCB,AZ,1994,217890
2024F,TECCB,AZ,1995,226931
2024F,TECCB,AZ,1996,241058
2024F,TECCB,AZ,1997,245102
2024F,TECCB,AZ,1998,263165
2024F,TECCB,AZ,1999,276403
2024F,TECCB,AZ,2000,297677
2024F,TECCB,AZ,2001,296835
2024F,TECCB,AZ,2002,296714
2024F,TECCB,AZ,2003,296826
2024F,TECCB,AZ,2004,301398
2024F,TECCB,AZ,2005,310534
2024F,TECCB,AZ,2006,319900
2024F,TECCB,AZ,2007,329184
2024F,TECCB,AZ,2008,329560
2024F,TECCB,AZ,2009,321410
2024F,TECCB,AZ,2010,321789
2024F,TECCB,AZ,2011,328873
2024F,TECCB,AZ,2012,327537
2024F,TECCB,AZ,2013,332975
2024F,TECCB,AZ,2014,323017
2024F,TECCB,AZ,2015,327685
2024F,TECCB,AZ,2016,330002
2024F,TECCB,AZ,2017,330238
2024F,TECCB,AZ,2018,327557
2024F,TECCB,AZ,2019,325399
2024F,TECCB,AZ,2020,310608
2024F,TECCB,AZ,2021,317891
2024F,TECCB,AZ,2022,337261
2024F,TECCB,AZ,2023,344637
2024F,TECCB,AZ,2024,368396
2024F,TECCB,CA,1960,401576
2024F,TECCB,CA,1961,447848
2024F,TECCB,CA,1962,470712
2024F,TECCB,CA,1963,490944
2024F,TECCB,CA,1964,509866
2024F,TECCB,CA,1965,534413
2024F,TECCB,CA,1966,580656
2024F,TECCB,CA,1967,596253
2024F,TECCB,CA,1968,641819
2024F,TECCB,CA,1969,667364
2024F,TECCB,CA,1970,720198
2024F,TECCB,CA,1971,776059
2024F,TECCB,CA,1972,797528
2024F,TECCB,CA,1973,823001
2024F,TECCB,CA,1974,787448
2024F,TECCB,CA,1975,901199
2024F,TECCB,CA,1976,914220
2024F,TECCB,CA,1977,946773
2024F,TECCB,CA,1978,946009
2024F,TECCB,CA,1979,991937
2024F,TECCB,CA,1980,1025994
2024F,TECCB,CA,1981,1072952
2024F,TECCB,CA,1982,1015290
2024F,TECCB,CA,1983,934639
2024F,TECCB,CA,1984,997960
2024F,TECCB,CA,1985,1015022
2024F,TECCB,CA,1986,1006044
2024F,TECCB,CA,1987,1077424
2024F,TECCB,CA,1988,1150696
2024F,TECCB,CA,1989,1211972
2024F,TECCB,CA,1990,1177528
2024F,TECCB,CA,1991,1167898
2024F,TECCB,CA,1992,1172523
2024F,TECCB,CA,1993,1064083
2024F,TECCB,CA,1994,1094515
2024F,TECCB,CA,1995,1071643
2024F,TECCB,CA,1996,1050147
2024F,TECCB,CA,1997,1112879
2024F,TECCB,CA,1998,1228356
2024F,TECCB,CA,1999,1166609
2024F,TECCB,CA,2000,1195092
2024F,TECCB,CA,2001,1309918
2024F,TECCB,CA,2002,1282989
2024F,TECCB,CA,2003,1244763
2024F,TECCB,CA,2004,1355747
2024F,TECCB,CA,2005,1295011
2024F,TECCB,CA,2006,1308405
2024F,TECCB,CA,2007,1377978
2024F,TECCB,CA,2008,1419732
2024F,TECCB,CA,2009,1353185
2024F,TECCB,CA,2010,1331349
2024F,TECCB,CA,2011,1316978
2024F,TECCB,CA,2012,1310024
2024F,TECCB,CA,2013,1253839
2024F,TECCB,CA,2014,1253279
2024F,TECCB,CA,2015,1286920
2024F,TECCB,CA,2016,1226186
2024F,TECCB,CA,2017,1187925
2024F,TECCB,CA,2018,1247418
2024F,TECCB,CA,2019,1192673
2024F,TECCB,CA,2020,1124296
2024F,TECCB,CA,2021,1156382
2024F,TECCB,CA,2022,1193155
2024F,TECCB,CA,2023,1157654
2024F,TECCB,CA,2024,1184912
2024F,TECCB,CO,1960,53823
2024F,TECCB,CO,1961,57218
2024F,TECCB,CO,1962,61019
2024F,TECCB,CO,1963,60401
2024F,TECCB,CO,1964,69421
2024F,TECCB,CO,1965,73164
2024F,TECCB,CO,1966,80416
2024F,TECCB,CO,1967,79831
2024F,TECCB,CO,1968,93746
2024F,TECCB,CO,1969,102639
2024F,TECCB,CO,1970,112292
2024F,TECCB,CO,1971,120361
2024F,TECCB,CO,1972,128419
2024F,TECCB,CO,1973,138440
2024F,TECCB,CO,1974,137678
2024F,TECCB,CO,1975,138523
2024F,TECCB,CO,1976,134235
2024F,TECCB,CO,1977,135869
2024F,TECCB,CO,1978,139366
2024F,TECCB,CO,1979,145977
2024F,TECCB,CO,1980,148266
2024F,TECCB,CO,1981,150706
2024F,TECCB,CO,1982,174555
2024F,TECCB,CO,1983,181935
2024F,TECCB,CO,1984,197115
2024F,TECCB,CO,1985,202033
2024F,TECCB,CO,1986,192494
2024F,TECCB,CO,1987,199330
2024F,TECCB,CO,1988,214283
2024F,TECCB,CO,1989,221696
2024F,TECCB,CO,1990,237282
2024F,TECCB,CO,1991,246667
2024F,TECCB,CO,1992,244964
2024F,TECCB,CO,1993,253513
2024F,TECCB,CO,1994,233663
2024F,TECCB,CO,1995,236409
2024F,TECCB,CO,1996,250930
2024F,TECCB,CO,1997,251553
2024F,TECCB,CO,1998,262645
2024F,TECCB,CO,1999,274152
2024F,TECCB,CO,2000,286926
2024F,TECCB,CO,2001,292452
2024F,TECCB,CO,2002,302196
2024F,TECCB,CO,2003,293355
2024F,TECCB,CO,2004,287807
2024F,TECCB,CO,2005,288371
2024F,TECCB,CO,2006,287147
2024F,TECCB,CO,2007,285231
2024F,TECCB,CO,2008,288167
2024F,TECCB,CO,2009,283773
2024F,TECCB,CO,2010,274039
2024F,TECCB,CO,2011,268409
2024F,TECCB,CO,2012,258130
2024F,TECCB,CO,2013,264653
2024F,TECCB,CO,2014,260450
2024F,TECCB,CO,2015,267082
2024F,TECCB,CO,2016,261345
2024F,TECCB,CO,2017,261120
2024F,TECCB,CO,2018,262942
2024F,TECCB,CO,2019,270411
2024F,TECCB,CO,2020,245097
2024F,TECCB,CO,2021,248979
2024F,TECCB,CO,2022,251820
2024F,TECCB,CO,2023,244472
2024F,TECCB,CO,2024,238434
2024F,TECCB,CT,1960,60514
2024F,TECCB,CT,1961,61949
2024F,TECCB,CT,1962,63587
2024F,TECCB,CT,1963,66515
2024F,TECCB,CT,1964,67687
2024F,TECCB,CT,1965,69416
2024F,TECCB,CT,1966,73371
2024F,TECCB,CT,1967,76696
2024F,TECCB,CT,1968,84969
2024F,TECCB,CT,1969,89343
2024F,TECCB,CT,1970,98680
2024F,TECCB,CT,1971,103307
2024F,TECCB,CT,1972,111439
2024F,TECCB,CT,1973,115902
2024F,TECCB,CT,1974,111329
2024F,TECCB,CT,1975,109874
2024F,TECCB,CT,1976,118211
2024F,TECCB,CT,1977,122318
2024F,TECCB,CT,1978,124915
2024F,TECCB,CT,1979,130171
2024F,TECCB,CT,1980,123183
2024F,TECCB,CT,1981,127763
2024F,TECCB,CT,1982,129335
2024F,TECCB,CT,1983,138423
2024F,TECCB,CT,1984,147575
2024F,TECCB,CT,1985,152306
2024F,TECCB,CT,1986,155707
2024F,TECCB,CT,1987,161214
2024F,TECCB,CT,1988,166624
2024F,TECCB,CT,1989,179903
2024F,TECCB,CT,1990,184536
2024F,TECCB,CT,1991,184290
2024F,TECCB,CT,1992,193350
2024F,TECCB,CT,1993,188172
2024F,TECCB,CT,1994,196908
2024F,TECCB,CT,1995,193893
2024F,TECCB,CT,1996,204644
2024F,TECCB,CT,1997,206784
2024F,TECCB,CT,1998,211883
2024F,TECCB,CT,1999,218035
2024F,TECCB,CT,2000,218880
2024F,TECCB,CT,2001,213047
2024F,TECCB,CT,2002,207411
2024F,TECCB,CT,2003,222716
2024F,TECCB,CT,2004,205826
2024F,TECCB,CT,2005,206106
2024F,TECCB,CT,2006,193517
2024F,TECCB,CT,2007,210248
2024F,TECCB,CT,2008,193683
2024F,TECCB,CT,2009,185549
2024F,TECCB,CT,2010,189464
2024F,TECCB,CT,2011,182826
2024F,TECCB,CT,2012,182503
2024F,TECCB,CT,2013,186886
2024F,TECCB,CT,2014,190790
2024F,TECCB,CT,2015,198143
2024F,TECCB,CT,2016,188379
2024F,TECCB,CT,2017,186251
2024F,TECCB,CT,2018,190669
2024F,TECCB,CT,2019,185419
2024F,TECCB,CT,2020,168072
2024F,TECCB,CT,2021,178940
2024F,TECCB,CT,2022,179172
2024F,TECCB,CT,2023,174570
2024F,TECCB,CT,2024,177835
2024F,TECCB,DC,1960,30819
2024F,TECCB,DC,1961,29058
2024F,TECCB,DC,1962,31178
2024F,TECCB,DC,1963,33246
2024F,TECCB,DC,1964,39402
2024F,TECCB,DC,1965,52634
2024F,TECCB,DC,1966,55056
2024F,TECCB,DC,1967,64007
2024F,TECCB,DC,1968,64970
2024F,TECCB,DC,1969,68042
2024F,TECCB,DC,1970,72330
2024F,TECCB,DC,1971,69827
2024F,TECCB,DC,1972,64555
2024F,TECCB,DC,1973,64015
2024F,TECCB,DC,1974,53329
2024F,TECCB,DC,1975,49588
2024F,TECCB,DC,1976,49246
2024F,TECCB,DC,1977,47851
2024F,TECCB,DC,1978,47598
2024F,TECCB,DC,1979,45624
2024F,TECCB,DC,1980,46407
2024F,TECCB,DC,1981,45045
2024F,TECCB,DC,1982,49584
2024F,TECCB,DC,1983,56055
2024F,TECCB,DC,1984,67943
2024F,TECCB,DC,1985,66687
2024F,TECCB,DC,1986,72107
2024F,TECCB,DC,1987,73789
2024F,TECCB,DC,1988,72393
2024F,TECCB,DC,1989,75839
2024F,TECCB,DC,1990,82197
2024F,TECCB,DC,1991,86058
2024F,TECCB,DC,1992,86899
2024F,TECCB,DC,1993,91120
2024F,TECCB,DC,1994,121228
2024F,TECCB,DC,1995,122618
2024F,TECCB,DC,1996,115283
2024F,TECCB,DC,1997,114361
2024F,TECCB,DC,1998,118386
2024F,TECCB,DC,1999,118628
2024F,TECCB,DC,2000,125490
2024F,TECCB,DC,2001,125069
2024F,TECCB,DC,2002,124814
2024F,TECCB,DC,2003,120000
2024F,TECCB,DC,2004,125964
2024F,TECCB,DC,2005,129762
2024F,TECCB,DC,2006,123028
2024F,TECCB,DC,2007,127406
2024F,TECCB,DC,2008,120479
2024F,TECCB,DC,2009,118591
2024F,TECCB,DC,2010,120132
2024F,TECCB,DC,2011,112694
2024F,TECCB,DC,2012,105061
2024F,TECCB,DC,2013,104946
2024F,TECCB,DC,2014,105592
2024F,TECCB,DC,2015,102132
2024F,TECCB,DC,2016,100274
2024F,TECCB,DC,2017,95859
2024F,TECCB,DC,2018,97618
2024F,TECCB,DC,2019,94183
2024F,TECCB,DC,2020,77545
2024F,TECCB,DC,2021,80742
2024F,TECCB,DC,2022,82645
2024F,TECCB,DC,2023,80548
2024F,TECCB,DC,2024,81297
2024F,TECCB,DE,1960,20194
2024F,TECCB,DE,1961,18269
2024F,TECCB,DE,1962,19363
2024F,TECCB,DE,1963,21341
2024F,TECCB,DE,1964,21281
2024F,TECCB,DE,1965,24628
2024F,TECCB,DE,1966,25984
2024F,TECCB,DE,1967,22762
2024F,TECCB,DE,1968,23757
2024F,TECCB,DE,1969,26621
2024F,TECCB,DE,1970,28636
2024F,TECCB,DE,1971,29559
2024F,TECCB,DE,1972,31361
2024F,TECCB,DE,1973,33932
2024F,TECCB,DE,1974,27959
2024F,TECCB,DE,1975,29518
2024F,TECCB,DE,1976,31515
2024F,TECCB,DE,1977,33497
2024F,TECCB,DE,1978,30668
2024F,TECCB,DE,1979,36432
2024F,TECCB,DE,1980,50902
2024F,TECCB,DE,1981,35925
2024F,TECCB,DE,1982,30128
2024F,TECCB,DE,1983,23323
2024F,TECCB,DE,1984,25303
2024F,TECCB,DE,1985,25085
2024F,TECCB,DE,1986,26173
2024F,TECCB,DE,1987,29277
2024F,TECCB,DE,1988,31609
2024F,TECCB,DE,1989,33182
2024F,TECCB,DE,1990,37214
2024F,TECCB,DE,1991,40119
2024F,TECCB,DE,1992,39385
2024F,TECCB,DE,1993,39858
2024F,TECCB,DE,1994,38843
2024F,TECCB,DE,1995,41012
2024F,TECCB,DE,1996,43761
2024F,TECCB,DE,1997,45818
2024F,TECCB,DE,1998,46201
2024F,TECCB,DE,1999,48209
2024F,TECCB,DE,2000,58203
2024F,TECCB,DE,2001,51501
2024F,TECCB,DE,2002,56938
2024F,TECCB,DE,2003,56104
2024F,TECCB,DE,2004,56460
2024F,TECCB,DE,2005,58032
2024F,TECCB,DE,2006,57109
2024F,TECCB,DE,2007,59528
2024F,TECCB,DE,2008,60531
2024F,TECCB,DE,2009,61582
2024F,TECCB,DE,2010,61812
2024F,TECCB,DE,2011,57267
2024F,TECCB,DE,2012,55396
2024F,TECCB,DE,2013,55229
2024F,TECCB,DE,2014,55957
2024F,TECCB,DE,2015,55537
2024F,TECCB,DE,2016,54712
2024F,TECCB,DE,2017,54304
2024F,TECCB,DE,2018,59432
2024F,TECCB,DE,2019,58338
2024F,TECCB,DE,2020,48217
2024F,TECCB,DE,2021,52155
2024F,TECCB,DE,2022,52404
2024F,TECCB,DE,2023,49613
2024F,TECCB,DE,2024,51825
2024F,TECCB,FL,1960,98129
2024F,TECCB,FL,1961,104098
2024F,TECCB,FL,1962,118409
2024F,TECCB,FL,1963,127793
2024F,TECCB,FL,1964,140753
2024F,TECCB,FL,1965,145032
2024F,TECCB,FL,1966,153938
2024F,TECCB,FL,1967,175425
2024F,TECCB,FL,1968,189906
2024F,TECCB,FL,1969,212358
2024F,TECCB,FL,1970,240963
2024F,TECCB,FL,1971,258547
2024F,TECCB,FL,1972,279592
2024F,TECCB,FL,1973,307525
2024F,TECCB,FL,1974,314884
2024F,TECCB,FL,1975,313804
2024F,TECCB,FL,1976,338761
2024F,TECCB,FL,1977,363067
2024F,TECCB,FL,1978,361673
2024F,TECCB,FL,1979,365915
2024F,TECCB,FL,1980,365333
2024F,TECCB,FL,1981,401284
2024F,TECCB,FL,1982,396187
2024F,TECCB,FL,1983,427120
2024F,TECCB,FL,1984,460707
2024F,TECCB,FL,1985,530760
2024F,TECCB,FL,1986,557964
2024F,TECCB,FL,1987,581915
2024F,TECCB,FL,1988,615383
2024F,TECCB,FL,1989,653801
2024F,TECCB,FL,1990,728487
2024F,TECCB,FL,1991,737565
2024F,TECCB,FL,1992,740375
2024F,TECCB,FL,1993,741524
2024F,TECCB,FL,1994,753533
2024F,TECCB,FL,1995,789265
2024F,TECCB,FL,1996,801471
2024F,TECCB,FL,1997,821667
2024F,TECCB,FL,1998,870599
2024F,TECCB,FL,1999,896032
2024F,TECCB,FL,2000,946225
2024F,TECCB,FL,2001,948088
2024F,TECCB,FL,2002,988593
2024F,TECCB,FL,2003,989207
2024F,TECCB,FL,2004,1015940
2024F,TECCB,FL,2005,1025417
2024F,TECCB,FL,2006,1028418
2024F,TECCB,FL,2007,1034978
2024F,TECCB,FL,2008,1027676
2024F,TECCB,FL,2009,1001087
2024F,TECCB,FL,2010,984792
2024F,TECCB,FL,2011,961565
2024F,TECCB,FL,2012,950022
2024F,TECCB,FL,2013,960904
2024F,TECCB,FL,2014,968957
2024F,TECCB,FL,2015,1007063
2024F,TECCB,FL,2016,1006889
2024F,TECCB,FL,2017,982682
2024F,TECCB,FL,2018,978605
2024F,TECCB,FL,2019,953181
2024F,TECCB,FL,2020,890041
2024F,TECCB,FL,2021,917223
2024F,TECCB,FL,2022,930707
2024F,TECCB,FL,2023,911850
2024F,TECCB,FL,2024,922680
2024F,TECCB,GA,1960,62746
2024F,TECCB,GA,1961,64169
2024F,TECCB,GA,1962,71975
2024F,TECCB,GA,1963,75586
2024F,TECCB,GA,1964,79884
2024F,TECCB,GA,1965,85605
2024F,TECCB,GA,1966,92636
2024F,TECCB,GA,1967,99721
2024F,TECCB,GA,1968,115198
2024F,TECCB,GA,1969,127890
2024F,TECCB,GA,1970,137981
2024F,TECCB,GA,1971,148249
2024F,TECCB,GA,1972,162008
2024F,TECCB,GA,1973,174771
2024F,TECCB,GA,1974,170066
2024F,TECCB,GA,1975,180143
2024F,TECCB,GA,1976,193555
2024F,TECCB,GA,1977,212968
2024F,TECCB,GA,1978,197065
2024F,TECCB,GA,1979,196346
2024F,TECCB,GA,1980,197000
2024F,TECCB,GA,1981,207866
2024F,TECCB,GA,1982,209739
2024F,TECCB,GA,1983,221814
2024F,TECCB,GA,1984,243570
2024F,TECCB,GA,1985,249468
2024F,TECCB,GA,1986,257346
2024F,TECCB,GA,1987,274921
2024F,TECCB,GA,1988,291880
2024F,TECCB,GA,1989,305525
2024F,TECCB,GA,1990,307978
2024F,TECCB,GA,1991,311034
2024F,TECCB,GA,1992,320129
2024F,TECCB,GA,1993,340911
2024F,TECCB,GA,1994,349791
2024F,TECCB,GA,1995,382777
2024F,TECCB,GA,1996,407899
2024F,TECCB,GA,1997,424566
2024F,TECCB,GA,1998,435705
2024F,TECCB,GA,1999,440986
2024F,TECCB,GA,2000,485961
2024F,TECCB,GA,2001,484635
2024F,TECCB,GA,2002,476244
2024F,TECCB,GA,2003,493149
2024F,TECCB,GA,2004,524957
2024F,TECCB,GA,2005,534184
2024F,TECCB,GA,2006,537940
2024F,TECCB,GA,2007,558011
2024F,TECCB,GA,2008,558815
2024F,TECCB,GA,2009,541529
2024F,TECCB,GA,2010,571123
2024F,TECCB,GA,2011,552169
2024F,TECCB,GA,2012,526489
2024F,TECCB,GA,2013,517353
2024F,TECCB,GA,2014,536337
2024F,TECCB,GA,2015,539775
2024F,TECCB,GA,2016,541917
2024F,TECCB,GA,2017,517781
2024F,TECCB,GA,2018,531115
2024F,TECCB,GA,2019,521336
2024F,TECCB,GA,2020,473585
2024F,TECCB,GA,2021,494375
2024F,TECCB,GA,2022,528553
2024F,TECCB,GA,2023,540712
2024F,TECCB,GA,2024,585718
2024F,TECCB,HI,1960,5253
2024F,TECCB,HI,1961,5537
2024F,TECCB,HI,1962,5719
2024F,TECCB,HI,1963,6211
2024F,TECCB,HI,1964,6813
2024F,TECCB,HI,1965,6994
2024F,TECCB,HI,1966,7622
2024F,TECCB,HI,1967,8339
2024F,TECCB,HI,1968,9204
2024F,TECCB,HI,1969,10672
2024F,TECCB,HI,1970,12489
2024F,TECCB,HI,1971,12491
2024F,TECCB,HI,1972,13711
2024F,TECCB,HI,1973,14517
2024F,TECCB,HI,1974,14305
2024F,TECCB,HI,1975,14508
2024F,TECCB,HI,1976,16354
2024F,TECCB,HI,1977,17935
2024F,TECCB,HI,1978,18474
2024F,TECCB,HI,1979,19683
2024F,TECCB,HI,1980,20042
2024F,TECCB,HI,1981,18075
2024F,TECCB,HI,1982,16818
2024F,TECCB,HI,1983,17152
2024F,TECCB,HI,1984,18279
2024F,TECCB,HI,1985,18328
2024F,TECCB,HI,1986,20887
2024F,TECCB,HI,1987,23718
2024F,TECCB,HI,1988,36893
2024F,TECCB,HI,1989,35963
2024F,TECCB,HI,1990,37113
2024F,TECCB,HI,1991,28700
2024F,TECCB,HI,1992,38546
2024F,TECCB,HI,1993,30373
2024F,TECCB,HI,1994,34484
2024F,TECCB,HI,1995,34002
2024F,TECCB,HI,1996,33401
2024F,TECCB,HI,1997,34861
2024F,TECCB,HI,1998,45266
2024F,TECCB,HI,1999,35377
2024F,TECCB,HI,2000,36581
2024F,TECCB,HI,2001,35984
2024F,TECCB,HI,2002,39111
2024F,TECCB,HI,2003,37002
2024F,TECCB,HI,2004,40633
2024F,TECCB,HI,2005,39265
2024F,TECCB,HI,2006,39851
2024F,TECCB,HI,2007,39064
2024F,TECCB,HI,2008,39626
2024F,TECCB,HI,2009,39442
2024F,TECCB,HI,2010,38808
2024F,TECCB,HI,2011,39424
2024F,TECCB,HI,2012,36894
2024F,TECCB,HI,2013,37802
2024F,TECCB,HI,2014,37866
2024F,TECCB,HI,2015,38003
2024F,TECCB,HI,2016,37868
2024F,TECCB,HI,2017,38874
2024F,TECCB,HI,2018,38572
2024F,TECCB,HI,2019,39029
2024F,TECCB,HI,2020,35044
2024F,TECCB,HI,2021,36401
2024F,TECCB,HI,2022,36798
2024F,TECCB,HI,2023,35652
2024F,TECCB,HI,2024,35704
2024F,TECCB,IA,1960,66018
2024F,TECCB,IA,1961,68167
2024F,TECCB,IA,1962,73827
2024F,TECCB,IA,1963,73922
2024F,TECCB,IA,1964,76713
2024F,TECCB,IA,1965,81712
2024F,TECCB,IA,1966,86098
2024F,TECCB,IA,1967,90079
2024F,TECCB,IA,1968,95490
2024F,TECCB,IA,1969,101530
2024F,TECCB,IA,1970,107641
2024F,TECCB,IA,1971,111153
2024F,TECCB,IA,1972,117270
2024F,TECCB,IA,1973,121866
2024F,TECCB,IA,1974,123480
2024F,TECCB,IA,1975,132150
2024F,TECCB,IA,1976,134542
2024F,TECCB,IA,1977,135796
2024F,TECCB,IA,1978,129276
2024F,TECCB,IA,1979,144205
2024F,TECCB,IA,1980,119619
2024F,TECCB,IA,1981,129418
2024F,TECCB,IA,1982,134505
2024F,TECCB,IA,1983,135751
2024F,TECCB,IA,1984,127912
2024F,TECCB,IA,1985,119693
2024F,TECCB,IA,1986,112698
2024F,TECCB,IA,1987,111141
2024F,TECCB,IA,1988,124453
2024F,TECCB,IA,1989,123242
2024F,TECCB,IA,1990,133727
2024F,TECCB,IA,1991,143653
2024F,TECCB,IA,1992,136775
2024F,TECCB,IA,1993,149468
2024F,TECCB,IA,1994,145810
2024F,TECCB,IA,1995,151434
2024F,TECCB,IA,1996,156969
2024F,TECCB,IA,1997,161686
2024F,TECCB,IA,1998,159498
2024F,TECCB,IA,1999,170641
2024F,TECCB,IA,2000,171942
2024F,TECCB,IA,2001,180427
2024F,TECCB,IA,2002,186111
2024F,TECCB,IA,2003,191105
2024F,TECCB,IA,2004,181647
2024F,TECCB,IA,2005,180709
2024F,TECCB,IA,2006,188090
2024F,TECCB,IA,2007,193096
2024F,TECCB,IA,2008,200502
2024F,TECCB,IA,2009,193963
2024F,TECCB,IA,2010,190976
2024F,TECCB,IA,2011,189970
2024F,TECCB,IA,2012,177530
2024F,TECCB,IA,2013,191146
2024F,TECCB,IA,2014,188239
2024F,TECCB,IA,2015,175333
2024F,TECCB,IA,2016,161666
2024F,TECCB,IA,2017,159789
2024F,TECCB,IA,2018,170649
2024F,TECCB,IA,2019,166693
2024F,TECCB,IA,2020,140658
2024F,TECCB,IA,2021,143924
2024F,TECCB,IA,2022,159006
2024F,TECCB,IA,2023,140482
2024F,TECCB,IA,2024,133505
2024F,TECCB,ID,1960,23343
2024F,TECCB,ID,1961,27162
2024F,TECCB,ID,1962,28780
2024F,TECCB,ID,1963,29231
2024F,TECCB,ID,1964,30833
2024F,TECCB,ID,1965,27234
2024F,TECCB,ID,1966,31119
2024F,TECCB,ID,1967,31399
2024F,TECCB,ID,1968,34477
2024F,TECCB,ID,1969,34985
2024F,TECCB,ID,1970,33461
2024F,TECCB,ID,1971,39477
2024F,TECCB,ID,1972,43283
2024F,TECCB,ID,1973,44879
2024F,TECCB,ID,1974,45811
2024F,TECCB,ID,1975,56325
2024F,TECCB,ID,1976,55902
2024F,TECCB,ID,1977,60882
2024F,TECCB,ID,1978,53837
2024F,TECCB,ID,1979,58641
2024F,TECCB,ID,1980,55758
2024F,TECCB,ID,1981,60549
2024F,TECCB,ID,1982,59821
2024F,TECCB,ID,1983,55825
2024F,TECCB,ID,1984,57028
2024F,TECCB,ID,1985,61082
2024F,TECCB,ID,1986,57236
2024F,TECCB,ID,1987,58660
2024F,TECCB,ID,1988,65314
2024F,TECCB,ID,1989,67720
2024F,TECCB,ID,1990,54126
2024F,TECCB,ID,1991,56415
2024F,TECCB,ID,1992,64960
2024F,TECCB,ID,1993,55746
2024F,TECCB,ID,1994,65622
2024F,TECCB,ID,1995,56360
2024F,TECCB,ID,1996,59546
2024F,TECCB,ID,1997,56706
2024F,TECCB,ID,1998,61278
2024F,TECCB,ID,1999,67016
2024F,TECCB,ID,2000,79249
2024F,TECCB,ID,2001,78497
2024F,TECCB,ID,2002,77622
2024F,TECCB,ID,2003,61140
2024F,TECCB,ID,2004,63663
2024F,TECCB,ID,2005,65797
2024F,TECCB,ID,2006,63380
2024F,TECCB,ID,2007,70079
2024F,TECCB,ID,2008,70656
2024F,TECCB,ID,2009,65080
2024F,TECCB,ID,2010,65485
2024F,TECCB,ID,2011,59705
2024F,TECCB,ID,2012,61394
2024F,TECCB,ID,2013,68566
2024F,TECCB,ID,2014,65760
2024F,TECCB,ID,2015,69170
2024F,TECCB,ID,2016,68305
2024F,TECCB,ID,2017,68330
2024F,TECCB,ID,2018,66679
2024F,TECCB,ID,2019,70590
2024F,TECCB,ID,2020,68343
2024F,TECCB,ID,2021,72073
2024F,TECCB,ID,2022,77118
2024F,TECCB,ID,2023,76431
2024F,TECCB,ID,2024,79421
2024F,TECCB,IL,1960,301296
2024F,TECCB,IL,1961,314574
2024F,TECCB,IL,1962,335997
2024F,TECCB,IL,1963,341097
2024F,TECCB,IL,1964,362011
2024F,TECCB,IL,1965,403989
2024F,TECCB,IL,1966,457732
2024F,TECCB,IL,1967,485218
2024F,TECCB,IL,1968,493149
2024F,TECCB,IL,1969,522474
2024F,TECCB,IL,1970,532649
2024F,TECCB,IL,1971,544776
2024F,TECCB,IL,1972,570472
2024F,TECCB,IL,1973,580901
2024F,TECCB,IL,1974,579433
2024F,TECCB,IL,1975,589084
2024F,TECCB,IL,1976,638483
2024F,TECCB,IL,1977,654794
2024F,TECCB,IL,1978,679368
2024F,TECCB,IL,1979,640627
2024F,TECCB,IL,1980,603546
2024F,TECCB,IL,1981,613110
2024F,TECCB,IL,1982,604265
2024F,TECCB,IL,1983,606901
2024F,TECCB,IL,1984,636403
2024F,TECCB,IL,1985,592387
2024F,TECCB,IL,1986,575235
2024F,TECCB,IL,1987,585459
2024F,TECCB,IL,1988,634210
2024F,TECCB,IL,1989,624906
2024F,TECCB,IL,1990,691370
2024F,TECCB,IL,1991,704530
2024F,TECCB,IL,1992,681633
2024F,TECCB,IL,1993,721950
2024F,TECCB,IL,1994,735125
2024F,TECCB,IL,1995,758634
2024F,TECCB,IL,1996,776121
2024F,TECCB,IL,1997,775074
2024F,TECCB,IL,1998,764257
2024F,TECCB,IL,1999,806750
2024F,TECCB,IL,2000,838885
2024F,TECCB,IL,2001,826591
2024F,TECCB,IL,2002,829484
2024F,TECCB,IL,2003,791677
2024F,TECCB,IL,2004,759975
2024F,TECCB,IL,2005,778678
2024F,TECCB,IL,2006,780840
2024F,TECCB,IL,2007,798044
2024F,TECCB,IL,2008,814812
2024F,TECCB,IL,2009,796145
2024F,TECCB,IL,2010,774107
2024F,TECCB,IL,2011,778002
2024F,TECCB,IL,2012,751348
2024F,TECCB,IL,2013,788242
2024F,TECCB,IL,2014,804010
2024F,TECCB,IL,2015,775924
2024F,TECCB,IL,2016,779719
2024F,TECCB,IL,2017,774890
2024F,TECCB,IL,2018,803060
2024F,TECCB,IL,2019,785712
2024F,TECCB,IL,2020,714989
2024F,TECCB,IL,2021,730864
2024F,TECCB,IL,2022,744587
2024F,TECCB,IL,2023,685758
2024F,TECCB,IL,2024,664329
2024F,TECCB,IN,1960,102549
2024F,TECCB,IN,1961,104644
2024F,TECCB,IN,1962,110502
2024F,TECCB,IN,1963,114789
2024F,TECCB,IN,1964,118722
2024F,TECCB,IN,1965,127194
2024F,TECCB,IN,1966,136797
2024F,TECCB,IN,1967,146406
2024F,TECCB,IN,1968,155539
2024F,TECCB,IN,1969,168918
2024F,TECCB,IN,1970,180735
2024F,TECCB,IN,1971,191667
2024F,TECCB,IN,1972,210393
2024F,TECCB,IN,1973,204014
2024F,TECCB,IN,1974,203319
2024F,TECCB,IN,1975,210825
2024F,TECCB,IN,1976,218042
2024F,TECCB,IN,1977,219789
2024F,TECCB,IN,1978,216497
2024F,TECCB,IN,1979,217302
2024F,TECCB,IN,1980,214844
2024F,TECCB,IN,1981,200720
2024F,TECCB,IN,1982,213245
2024F,TECCB,IN,1983,227239
2024F,TECCB,IN,1984,236432
2024F,TECCB,IN,1985,228637
2024F,TECCB,IN,1986,224329
2024F,TECCB,IN,1987,227867
2024F,TECCB,IN,1988,261205
2024F,TECCB,IN,1989,273825
2024F,TECCB,IN,1990,277867
2024F,TECCB,IN,1991,285187
2024F,TECCB,IN,1992,285573
2024F,TECCB,IN,1993,302917
2024F,TECCB,IN,1994,303980
2024F,TECCB,IN,1995,315010
2024F,TECCB,IN,1996,324282
2024F,TECCB,IN,1997,321314
2024F,TECCB,IN,1998,323078
2024F,TECCB,IN,1999,330125
2024F,TECCB,IN,2000,350409
2024F,TECCB,IN,2001,391321
2024F,TECCB,IN,2002,348625
2024F,TECCB,IN,2003,369012
2024F,TECCB,IN,2004,368377
2024F,TECCB,IN,2005,366509
2024F,TECCB,IN,2006,353184
2024F,TECCB,IN,2007,376908
2024F,TECCB,IN,2008,399103
2024F,TECCB,IN,2009,380983
2024F,TECCB,IN,2010,378923
2024F,TECCB,IN,2011,371272
2024F,TECCB,IN,2012,354667
2024F,TECCB,IN,2013,377612
2024F,TECCB,IN,2014,383778
2024F,TECCB,IN,2015,366133
2024F,TECCB,IN,2016,359136
2024F,TECCB,IN,2017,345837
2024F,TECCB,IN,2018,367192
2024F,TECCB,IN,2019,355358
2024F,TECCB,IN,2020,323303
2024F,TECCB,IN,2021,346493
2024F,TECCB,IN,2022,356454
2024F,TECCB,IN,2023,333800
2024F,TECCB,IN,2024,329360
2024F,TECCB,KS,1960,65118
2024F,TECCB,KS,1961,45816
2024F,TECCB,KS,1962,54783
2024F,TECCB,KS,1963,54917
2024F,TECCB,KS,1964,66406
2024F,TECCB,KS,1965,70655
2024F,TECCB,KS,1966,65928
2024F,TECCB,KS,1967,71145
2024F,TECCB,KS,1968,84122
2024F,TECCB,KS,1969,95253
2024F,TECCB,KS,1970,98514
2024F,TECCB,KS,1971,104170
2024F,TECCB,KS,1972,113222
2024F,TECCB,KS,1973,106381
2024F,TECCB,KS,1974,106693
2024F,TECCB,KS,1975,114273
2024F,TECCB,KS,1976,123718
2024F,TECCB,KS,1977,123190
2024F,TECCB,KS,1978,139660
2024F,TECCB,KS,1979,137066
2024F,TECCB,KS,1980,136107
2024F,TECCB,KS,1981,131089
2024F,TECCB,KS,1982,134479
2024F,TECCB,KS,1983,137139
2024F,TECCB,KS,1984,146161
2024F,TECCB,KS,1985,147326
2024F,TECCB,KS,1986,144016
2024F,TECCB,KS,1987,147367
2024F,TECCB,KS,1988,157660
2024F,TECCB,KS,1989,158960
2024F,TECCB,KS,1990,177404
2024F,TECCB,KS,1991,186564
2024F,TECCB,KS,1992,178110
2024F,TECCB,KS,1993,184989
2024F,TECCB,KS,1994,184823
2024F,TECCB,KS,1995,188555
2024F,TECCB,KS,1996,204352
2024F,TECCB,KS,1997,196837
2024F,TECCB,KS,1998,199023
2024F,TECCB,KS,1999,194262
2024F,TECCB,KS,2000,207255
2024F,TECCB,KS,2001,203031
2024F,TECCB,KS,2002,208709
2024F,TECCB,KS,2003,208525
2024F,TECCB,KS,2004,209796
2024F,TECCB,KS,2005,206727
2024F,TECCB,KS,2006,206089
2024F,TECCB,KS,2007,210655
2024F,TECCB,KS,2008,214729
2024F,TECCB,KS,2009,205562
2024F,TECCB,KS,2010,208513
2024F,TECCB,KS,2011,207706
2024F,TECCB,KS,2012,196273
2024F,TECCB,KS,2013,190927
2024F,TECCB,KS,2014,192902
2024F,TECCB,KS,2015,195525
2024F,TECCB,KS,2016,188189
2024F,TECCB,KS,2017,178115
2024F,TECCB,KS,2018,186017
2024F,TECCB,KS,2019,180472
2024F,TECCB,KS,2020,166562
2024F,TECCB,KS,2021,169592
2024F,TECCB,KS,2022,175150
2024F,TECCB,KS,2023,170959
2024F,TECCB,KS,2024,162775
2024F,TECCB,KY,1960,49395
2024F,TECCB,KY,1961,55520
2024F,TECCB,KY,1962,57118
2024F,TECCB,KY,1963,59704
2024F,TECCB,KY,1964,53412
2024F,TECCB,KY,1965,56742
2024F,TECCB,KY,1966,58515
2024F,TECCB,KY,1967,72992
2024F,TECCB,KY,1968,81787
2024F,TECCB,KY,1969,91078
2024F,TECCB,KY,1970,95591
2024F,TECCB,KY,1971,95851
2024F,TECCB,KY,1972,100939
2024F,TECCB,KY,1973,110086
2024F,TECCB,KY,1974,113986
2024F,TECCB,KY,1975,121441
2024F,TECCB,KY,1976,148224
2024F,TECCB,KY,1977,156902
2024F,TECCB,KY,1978,154851
2024F,TECCB,KY,1979,155129
2024F,TECCB,KY,1980,157030
2024F,TECCB,KY,1981,146139
2024F,TECCB,KY,1982,144058
2024F,TECCB,KY,1983,152702
2024F,TECCB,KY,1984,153939
2024F,TECCB,KY,1985,150787
2024F,TECCB,KY,1986,151494
2024F,TECCB,KY,1987,152920
2024F,TECCB,KY,1988,167118
2024F,TECCB,KY,1989,172443
2024F,TECCB,KY,1990,174083
2024F,TECCB,KY,1991,185741
2024F,TECCB,KY,1992,184368
2024F,TECCB,KY,1993,190589
2024F,TECCB,KY,1994,195421
2024F,TECCB,KY,1995,204481
2024F,TECCB,KY,1996,208407
2024F,TECCB,KY,1997,224235
2024F,TECCB,KY,1998,224186
2024F,TECCB,KY,1999,241384
2024F,TECCB,KY,2000,250190
2024F,TECCB,KY,2001,245828
2024F,TECCB,KY,2002,261706
2024F,TECCB,KY,2003,255626
2024F,TECCB,KY,2004,261514
2024F,TECCB,KY,2005,268267
2024F,TECCB,KY,2006,261755
2024F,TECCB,KY,2007,271438
2024F,TECCB,KY,2008,268147
2024F,TECCB,KY,2009,252825
2024F,TECCB,KY,2010,260330
2024F,TECCB,KY,2011,249280
2024F,TECCB,KY,2012,248194
2024F,TECCB,KY,2013,279176
2024F,TECCB,KY,2014,259641
2024F,TECCB,KY,2015,259935
2024F,TECCB,KY,2016,264991
2024F,TECCB,KY,2017,248751
2024F,TECCB,KY,2018,260145
2024F,TECCB,KY,2019,252132
2024F,TECCB,KY,2020,223389
2024F,TECCB,KY,2021,234692
2024F,TECCB,KY,2022,248840
2024F,TECCB,KY,2023,237208
2024F,TECCB,KY,2024,250456
2024F,TECCB,LA,1960,65624
2024F,TECCB,LA,1961,74509
2024F,TECCB,LA,1962,71118
2024F,TECCB,LA,1963,79154
2024F,TECCB,LA,1964,85551
2024F,TECCB,LA,1965,85217
2024F,TECCB,LA,1966,93623
2024F,TECCB,LA,1967,125346
2024F,TECCB,LA,1968,141266
2024F,TECCB,LA,1969,150646
2024F,TECCB,LA,1970,176095
2024F,TECCB,LA,1971,179399
2024F,TECCB,LA,1972,190289
2024F,TECCB,LA,1973,200413
2024F,TECCB,LA,1974,203796
2024F,TECCB,LA,1975,175840
2024F,TECCB,LA,1976,184413
2024F,TECCB,LA,1977,218296
2024F,TECCB,LA,1978,246891
2024F,TECCB,LA,1979,348033
2024F,TECCB,LA,1980,270745
2024F,TECCB,LA,1981,301707
2024F,TECCB,LA,1982,291903
2024F,TECCB,LA,1983,204737
2024F,TECCB,LA,1984,215081
2024F,TECCB,LA,1985,224645
2024F,TECCB,LA,1986,219181
2024F,TECCB,LA,1987,205825
2024F,TECCB,LA,1988,206844
2024F,TECCB,LA,1989,210924
2024F,TECCB,LA,1990,189509
2024F,TECCB,LA,1991,191263
2024F,TECCB,LA,1992,188924
2024F,TECCB,LA,1993,191618
2024F,TECCB,LA,1994,199682
2024F,TECCB,LA,1995,204223
2024F,TECCB,LA,1996,207959
2024F,TECCB,LA,1997,209366
2024F,TECCB,LA,1998,219358
2024F,TECCB,LA,1999,216130
2024F,TECCB,LA,2000,236056
2024F,TECCB,LA,2001,216876
2024F,TECCB,LA,2002,226616
2024F,TECCB,LA,2003,218484
2024F,TECCB,LA,2004,224137
2024F,TECCB,LA,2005,231018
2024F,TECCB,LA,2006,205433
2024F,TECCB,LA,2007,281775
2024F,TECCB,LA,2008,266394
2024F,TECCB,LA,2009,272908
2024F,TECCB,LA,2010,278665
2024F,TECCB,LA,2011,277271
2024F,TECCB,LA,2012,274247
2024F,TECCB,LA,2013,265398
2024F,TECCB,LA,2014,263837
2024F,TECCB,LA,2015,266625
2024F,TECCB,LA,2016,261972
2024F,TECCB,LA,2017,262407
2024F,TECCB,LA,2018,262915
2024F,TECCB,LA,2019,253634
2024F,TECCB,LA,2020,228907
2024F,TECCB,LA,2021,238191
2024F,TECCB,LA,2022,238746
2024F,TECCB,LA,2023,227183
2024F,TECCB,LA,2024,226037
2024F,TECCB,MA,1960,186925
2024F,TECCB,MA,1961,190612
2024F,TECCB,MA,1962,199565
2024F,TECCB,MA,1963,189161
2024F,TECCB,MA,1964,199895
2024F,TECCB,MA,1965,233552
2024F,TECCB,MA,1966,239904
2024F,TECCB,MA,1967,265209
2024F,TECCB,MA,1968,272333
2024F,TECCB,MA,1969,276616
2024F,TECCB,MA,1970,293016
2024F,TECCB,MA,1971,299525
2024F,TECCB,MA,1972,310217
2024F,TECCB,MA,1973,324575
2024F,TECCB,MA,1974,296991
2024F,TECCB,MA,1975,294444
2024F,TECCB,MA,1976,313758
2024F,TECCB,MA,1977,313328
2024F,TECCB,MA,1978,310594
2024F,TECCB,MA,1979,265108
2024F,TECCB,MA,1980,268168
2024F,TECCB,MA,1981,244736
2024F,TECCB,MA,1982,264321
2024F,TECCB,MA,1983,239550
2024F,TECCB,MA,1984,258036
2024F,TECCB,MA,1985,265796
2024F,TECCB,MA,1986,283886
2024F,TECCB,MA,1987,291286
2024F,TECCB,MA,1988,312922
2024F,TECCB,MA,1989,337201
2024F,TECCB,MA,1990,348591
2024F,TECCB,MA,1991,353031
2024F,TECCB,MA,1992,358352
2024F,TECCB,MA,1993,348336
2024F,TECCB,MA,1994,369378
2024F,TECCB,MA,1995,373589
2024F,TECCB,MA,1996,377667
2024F,TECCB,MA,1997,385928
2024F,TECCB,MA,1998,375943
2024F,TECCB,MA,1999,344446
2024F,TECCB,MA,2000,375990
2024F,TECCB,MA,2001,364175
2024F,TECCB,MA,2002,367015
2024F,TECCB,MA,2003,379060
2024F,TECCB,MA,2004,375084
2024F,TECCB,MA,2005,373098
2024F,TECCB,MA,2006,348591
2024F,TECCB,MA,2007,361770
2024F,TECCB,MA,2008,353231
2024F,TECCB,MA,2009,267421
2024F,TECCB,MA,2010,283989
2024F,TECCB,MA,2011,271209
2024F,TECCB,MA,2012,262892
2024F,TECCB,MA,2013,293151
2024F,TECCB,MA,2014,381141
2024F,TECCB,MA,2015,387244
2024F,TECCB,MA,2016,375067
2024F,TECCB,MA,2017,378418
2024F,TECCB,MA,2018,383707
2024F,TECCB,MA,2019,382693
2024F,TECCB,MA,2020,338584
2024F,TECCB,MA,2021,347129
2024F,TECCB,MA,2022,367102
2024F,TECCB,MA,2023,356848
2024F,TECCB,MA,2024,348137
2024F,TECCB,MD,1960,69881
2024F,TECCB,MD,1961,68629
2024F,TECCB,MD,1962,70497
2024F,TECCB,MD,1963,75730
2024F,TECCB,MD,1964,81418
2024F,TECCB,MD,1965,86301
2024F,TECCB,MD,1966,93318
2024F,TECCB,MD,1967,100331
2024F,TECCB,MD,1968,106402
2024F,TECCB,MD,1969,114980
2024F,TECCB,MD,1970,123938
2024F,TECCB,MD,1971,136735
2024F,TECCB,MD,1972,144330
2024F,TECCB,MD,1973,152232
2024F,TECCB,MD,1974,143960
2024F,TECCB,MD,1975,144324
2024F,TECCB,MD,1976,153948
2024F,TECCB,MD,1977,154224
2024F,TECCB,MD,1978,153713
2024F,TECCB,MD,1979,163211
2024F,TECCB,MD,1980,156090
2024F,TECCB,MD,1981,146875
2024F,TECCB,MD,1982,150257
2024F,TECCB,MD,1983,160273
2024F,TECCB,MD,1984,150734
2024F,TECCB,MD,1985,144241
2024F,TECCB,MD,1986,149606
2024F,TECCB,MD,1987,168023
2024F,TECCB,MD,1988,168236
2024F,TECCB,MD,1989,166090
2024F,TECCB,MD,1990,172041
2024F,TECCB,MD,1991,187765
2024F,TECCB,MD,1992,196472
2024F,TECCB,MD,1993,204530
2024F,TECCB,MD,1994,229038
2024F,TECCB,MD,1995,345722
2024F,TECCB,MD,1996,336681
2024F,TECCB,MD,1997,341801
2024F,TECCB,MD,1998,363178
2024F,TECCB,MD,1999,370076
2024F,TECCB,MD,2000,383340
2024F,TECCB,MD,2001,387415
2024F,TECCB,MD,2002,330797
2024F,TECCB,MD,2003,281661
2024F,TECCB,MD,2004,285057
2024F,TECCB,MD,2005,291586
2024F,TECCB,MD,2006,412371
2024F,TECCB,MD,2007,422622
2024F,TECCB,MD,2008,416570
2024F,TECCB,MD,2009,411295
2024F,TECCB,MD,2010,419981
2024F,TECCB,MD,2011,409923
2024F,TECCB,MD,2012,402405
2024F,TECCB,MD,2013,407045
2024F,TECCB,MD,2014,408403
2024F,TECCB,MD,2015,410767
2024F,TECCB,MD,2016,403644
2024F,TECCB,MD,2017,383787
2024F,TECCB,MD,2018,387615
2024F,TECCB,MD,2019,376707
2024F,TECCB,MD,2020,334877
2024F,TECCB,MD,2021,344086
2024F,TECCB,MD,2022,351022
2024F,TECCB,MD,2023,338381
2024F,TECCB,MD,2024,346723
2024F,TECCB,ME,1960,16065
2024F,TECCB,ME,1961,17625
2024F,TECCB,ME,1962,17873
2024F,TECCB,ME,1963,19015
2024F,TECCB,ME,1964,19043
2024F,TECCB,ME,1965,19236
2024F,TECCB,ME,1966,18961
2024F,TECCB,ME,1967,19328
2024F,TECCB,ME,1968,20232
2024F,TECCB,ME,1969,22103
2024F,TECCB,ME,1970,24133
2024F,TECCB,ME,1971,27332
2024F,TECCB,ME,1972,29323
2024F,TECCB,ME,1973,29434
2024F,TECCB,ME,1974,28427
2024F,TECCB,ME,1975,30597
2024F,TECCB,ME,1976,35527
2024F,TECCB,ME,1977,37868
2024F,TECCB,ME,1978,36492
2024F,TECCB,ME,1979,33270
2024F,TECCB,ME,1980,36398
2024F,TECCB,ME,1981,34516
2024F,TECCB,ME,1982,35157
2024F,TECCB,ME,1983,36825
2024F,TECCB,ME,1984,43370
2024F,TECCB,ME,1985,41190
2024F,TECCB,ME,1986,49144
2024F,TECCB,ME,1987,46275
2024F,TECCB,ME,1988,58041
2024F,TECCB,ME,1989,60278
2024F,TECCB,ME,1990,53390
2024F,TECCB,ME,1991,53523
2024F,TECCB,ME,1992,49547
2024F,TECCB,ME,1993,51507
2024F,TECCB,ME,1994,49900
2024F,TECCB,ME,1995,39293
2024F,TECCB,ME,1996,48166
2024F,TECCB,ME,1997,43704
2024F,TECCB,ME,1998,45120
2024F,TECCB,ME,1999,46989
2024F,TECCB,ME,2000,54114
2024F,TECCB,ME,2001,51458
2024F,TECCB,ME,2002,53262
2024F,TECCB,ME,2003,60584
2024F,TECCB,ME,2004,60216
2024F,TECCB,ME,2005,59670
2024F,TECCB,ME,2006,53652
2024F,TECCB,ME,2007,65031
2024F,TECCB,ME,2008,63798
2024F,TECCB,ME,2009,57204
2024F,TECCB,ME,2010,56891
2024F,TECCB,ME,2011,56451
2024F,TECCB,ME,2012,52955
2024F,TECCB,ME,2013,51937
2024F,TECCB,ME,2014,55562
2024F,TECCB,ME,2015,59824
2024F,TECCB,ME,2016,55076
2024F,TECCB,ME,2017,55630
2024F,TECCB,ME,2018,59208
2024F,TECCB,ME,2019,55642
2024F,TECCB,ME,2020,52411
2024F,TECCB,ME,2021,56544
2024F,TECCB,ME,2022,56803
2024F,TECCB,ME,2023,56719
2024F,TECCB,ME,2024,61028
2024F,TECCB,MI,1960,166664
2024F,TECCB,MI,1961,170650
2024F,TECCB,MI,1962,197436
2024F,TECCB,MI,1963,203455
2024F,TECCB,MI,1964,210032
2024F,TECCB,MI,1965,229357
2024F,TECCB,MI,1966,249097
2024F,TECCB,MI,1967,260198
2024F,TECCB,MI,1968,280466
2024F,TECCB,MI,1969,300446
2024F,TECCB,MI,1970,311441
2024F,TECCB,MI,1971,335249
2024F,TECCB,MI,1972,360914
2024F,TECCB,MI,1973,392093
2024F,TECCB,MI,1974,394013
2024F,TECCB,MI,1975,376293
2024F,TECCB,MI,1976,384248
2024F,TECCB,MI,1977,345739
2024F,TECCB,MI,1978,356535
2024F,TECCB,MI,1979,387015
2024F,TECCB,MI,1980,405157
2024F,TECCB,MI,1981,380702
2024F,TECCB,MI,1982,374614
2024F,TECCB,MI,1983,368073
2024F,TECCB,MI,1984,378465
2024F,TECCB,MI,1985,378627
2024F,TECCB,MI,1986,366198
2024F,TECCB,MI,1987,415936
2024F,TECCB,MI,1988,417534
2024F,TECCB,MI,1989,443727
2024F,TECCB,MI,1990,455427
2024F,TECCB,MI,1991,449340
2024F,TECCB,MI,1992,454317
2024F,TECCB,MI,1993,537191
2024F,TECCB,MI,1994,540143
2024F,TECCB,MI,1995,569832
2024F,TECCB,MI,1996,598219
2024F,TECCB,MI,1997,596002
2024F,TECCB,MI,1998,593145
2024F,TECCB,MI,1999,614988
2024F,TECCB,MI,2000,636613
2024F,TECCB,MI,2001,608678
2024F,TECCB,MI,2002,625634
2024F,TECCB,MI,2003,614931
2024F,TECCB,MI,2004,646378
2024F,TECCB,MI,2005,655456
2024F,TECCB,MI,2006,625907
2024F,TECCB,MI,2007,639700
2024F,TECCB,MI,2008,629827
2024F,TECCB,MI,2009,597615
2024F,TECCB,MI,2010,589937
2024F,TECCB,MI,2011,605943
2024F,TECCB,MI,2012,574782
2024F,TECCB,MI,2013,591335
2024F,TECCB,MI,2014,612343
2024F,TECCB,MI,2015,587227
2024F,TECCB,MI,2016,582472
2024F,TECCB,MI,2017,583985
2024F,TECCB,MI,2018,604889
2024F,TECCB,MI,2019,597570
2024F,TECCB,MI,2020,554460
2024F,TECCB,MI,2021,568602
2024F,TECCB,MI,2022,579330
2024F,TECCB,MI,2023,533782
2024F,TECCB,MI,2024,529446
2024F,TECCB,MN,1960,62097
2024F,TECCB,MN,1961,66191
2024F,TECCB,MN,1962,80171
2024F,TECCB,MN,1963,82775
2024F,TECCB,MN,1964,63834
2024F,TECCB,MN,1965,70039
2024F,TECCB,MN,1966,83759
2024F,TECCB,MN,1967,111519
2024F,TECCB,MN,1968,117988
2024F,TECCB,MN,1969,127659
2024F,TECCB,MN,1970,134404
2024F,TECCB,MN,1971,136985
2024F,TECCB,MN,1972,144300
2024F,TECCB,MN,1973,145228
2024F,TECCB,MN,1974,155116
2024F,TECCB,MN,1975,161212
2024F,TECCB,MN,1976,155419
2024F,TECCB,MN,1977,145947
2024F,TECCB,MN,1978,160866
2024F,TECCB,MN,1979,139464
2024F,TECCB,MN,1980,139454
2024F,TECCB,MN,1981,145070
2024F,TECCB,MN,1982,159179
2024F,TECCB,MN,1983,165322
2024F,TECCB,MN,1984,178094
2024F,TECCB,MN,1985,179591
2024F,TECCB,MN,1986,167189
2024F,TECCB,MN,1987,160937
2024F,TECCB,MN,1988,184818
2024F,TECCB,MN,1989,191249
2024F,TECCB,MN,1990,202266
2024F,TECCB,MN,1991,202028
2024F,TECCB,MN,1992,192519
2024F,TECCB,MN,1993,196780
2024F,TECCB,MN,1994,201363
2024F,TECCB,MN,1995,217832
2024F,TECCB,MN,1996,229532
2024F,TECCB,MN,1997,225360
2024F,TECCB,MN,1998,213422
2024F,TECCB,MN,1999,222866
2024F,TECCB,MN,2000,233917
2024F,TECCB,MN,2001,316814
2024F,TECCB,MN,2002,331271
2024F,TECCB,MN,2003,353406
2024F,TECCB,MN,2004,335383
2024F,TECCB,MN,2005,342848
2024F,TECCB,MN,2006,337211
2024F,TECCB,MN,2007,340734
2024F,TECCB,MN,2008,344810
2024F,TECCB,MN,2009,332911
2024F,TECCB,MN,2010,326484
2024F,TECCB,MN,2011,322984
2024F,TECCB,MN,2012,308996
2024F,TECCB,MN,2013,336226
2024F,TECCB,MN,2014,345615
2024F,TECCB,MN,2015,326721
2024F,TECCB,MN,2016,325598
2024F,TECCB,MN,2017,328419
2024F,TECCB,MN,2018,347781
2024F,TECCB,MN,2019,330294
2024F,TECCB,MN,2020,309231
2024F,TECCB,MN,2021,317872
2024F,TECCB,MN,2022,338122
2024F,TECCB,MN,2023,311824
2024F,TECCB,MN,2024,299596
2024F,TECCB,MO,1960,107986
2024F,TECCB,MO,1961,104731
2024F,TECCB,MO,1962,109244
2024F,TECCB,MO,1963,109225
2024F,TECCB,MO,1964,116520
2024F,TECCB,MO,1965,116163
2024F,TECCB,MO,1966,143075
2024F,TECCB,MO,1967,161020
2024F,TECCB,MO,1968,165927
2024F,TECCB,MO,1969,169503
2024F,TECCB,MO,1970,181696
2024F,TECCB,MO,1971,185548
2024F,TECCB,MO,1972,197224
2024F,TECCB,MO,1973,196222
2024F,TECCB,MO,1974,192210
2024F,TECCB,MO,1975,195607
2024F,TECCB,MO,1976,242605
2024F,TECCB,MO,1977,247251
2024F,TECCB,MO,1978,256781
2024F,TECCB,MO,1979,256005
2024F,TECCB,MO,1980,233678
2024F,TECCB,MO,1981,214784
2024F,TECCB,MO,1982,220815
2024F,TECCB,MO,1983,224458
2024F,TECCB,MO,1984,236513
2024F,TECCB,MO,1985,236302
2024F,TECCB,MO,1986,243815
2024F,TECCB,MO,1987,258009
2024F,TECCB,MO,1988,274184
2024F,TECCB,MO,1989,278731
2024F,TECCB,MO,1990,297004
2024F,TECCB,MO,1991,312995
2024F,TECCB,MO,1992,306700
2024F,TECCB,MO,1993,329758
2024F,TECCB,MO,1994,332536
2024F,TECCB,MO,1995,345869
2024F,TECCB,MO,1996,366972
2024F,TECCB,MO,1997,368979
2024F,TECCB,MO,1998,369500
2024F,TECCB,MO,1999,380165
2024F,TECCB,MO,2000,399783
2024F,TECCB,MO,2001,402241
2024F,TECCB,MO,2002,398847
2024F,TECCB,MO,2003,398211
2024F,TECCB,MO,2004,403433
2024F,TECCB,MO,2005,414766
2024F,TECCB,MO,2006,412200
2024F,TECCB,MO,2007,413232
2024F,TECCB,MO,2008,421107
2024F,TECCB,MO,2009,406902
2024F,TECCB,MO,2010,414247
2024F,TECCB,MO,2011,408410
2024F,TECCB,MO,2012,393398
2024F,TECCB,MO,2013,406050
2024F,TECCB,MO,2014,423720
2024F,TECCB,MO,2015,407208
2024F,TECCB,MO,2016,404528
2024F,TECCB,MO,2017,395133
2024F,TECCB,MO,2018,418084
2024F,TECCB,MO,2019,393858
2024F,TECCB,MO,2020,363808
2024F,TECCB,MO,2021,373679
2024F,TECCB,MO,2022,382566
2024F,TECCB,MO,2023,369168
2024F,TECCB,MO,2024,367354
2024F,TECCB,MS,1960,32733
2024F,TECCB,MS,1961,35537
2024F,TECCB,MS,1962,39018
2024F,TECCB,MS,1963,41663
2024F,TECCB,MS,1964,44434
2024F,TECCB,MS,1965,37055
2024F,TECCB,MS,1966,42472
2024F,TECCB,MS,1967,45116
2024F,TECCB,MS,1968,50562
2024F,TECCB,MS,1969,53263
2024F,TECCB,MS,1970,63017
2024F,TECCB,MS,1971,67669
2024F,TECCB,MS,1972,72401
2024F,TECCB,MS,1973,76976
2024F,TECCB,MS,1974,79624
2024F,TECCB,MS,1975,78156
2024F,TECCB,MS,1976,79484
2024F,TECCB,MS,1977,85627
2024F,TECCB,MS,1978,90037
2024F,TECCB,MS,1979,119562
2024F,TECCB,MS,1980,101001
2024F,TECCB,MS,1981,102671
2024F,TECCB,MS,1982,84234
2024F,TECCB,MS,1983,89101
2024F,TECCB,MS,1984,85279
2024F,TECCB,MS,1985,88351
2024F,TECCB,MS,1986,87769
2024F,TECCB,MS,1987,90541
2024F,TECCB,MS,1988,92442
2024F,TECCB,MS,1989,100989
2024F,TECCB,MS,1990,108434
2024F,TECCB,MS,1991,107954
2024F,TECCB,MS,1992,107824
2024F,TECCB,MS,1993,107335
2024F,TECCB,MS,1994,114123
2024F,TECCB,MS,1995,120911
2024F,TECCB,MS,1996,126689
2024F,TECCB,MS,1997,148430
2024F,TECCB,MS,1998,159194
2024F,TECCB,MS,1999,164826
2024F,TECCB,MS,2000,172577
2024F,TECCB,MS,2001,155875
2024F,TECCB,MS,2002,166910
2024F,TECCB,MS,2003,172424
2024F,TECCB,MS,2004,168755
2024F,TECCB,MS,2005,163674
2024F,TECCB,MS,2006,164077
2024F,TECCB,MS,2007,174097
2024F,TECCB,MS,2008,165625
2024F,TECCB,MS,2009,158955
2024F,TECCB,MS,2010,164910
2024F,TECCB,MS,2011,163481
2024F,TECCB,MS,2012,149470
2024F,TECCB,MS,2013,159989
2024F,TECCB,MS,2014,162074
2024F,TECCB,MS,2015,157679
2024F,TECCB,MS,2016,153834
2024F,TECCB,MS,2017,152732
2024F,TECCB,MS,2018,156755
2024F,TECCB,MS,2019,154174
2024F,TECCB,MS,2020,139026
2024F,TECCB,MS,2021,147230
2024F,TECCB,MS,2022,150771
2024F,TECCB,MS,2023,149714
2024F,TECCB,MS,2024,144570
2024F,TECCB,MT,1960,25236
2024F,TECCB,MT,1961,25734
2024F,TECCB,MT,1962,25885
2024F,TECCB,MT,1963,26765
2024F,TECCB,MT,1964,29134
2024F,TECCB,MT,1965,28164
2024F,TECCB,MT,1966,28092
2024F,TECCB,MT,1967,30022
2024F,TECCB,MT,1968,28780
2024F,TECCB,MT,1969,32234
2024F,TECCB,MT,1970,35733
2024F,TECCB,MT,1971,36442
2024F,TECCB,MT,1972,38743
2024F,TECCB,MT,1973,39403
2024F,TECCB,MT,1974,36850
2024F,TECCB,MT,1975,42217
2024F,TECCB,MT,1976,42562
2024F,TECCB,MT,1977,42458
2024F,TECCB,MT,1978,45207
2024F,TECCB,MT,1979,45365
2024F,TECCB,MT,1980,40261
2024F,TECCB,MT,1981,40414
2024F,TECCB,MT,1982,43084
2024F,TECCB,MT,1983,48265
2024F,TECCB,MT,1984,70865
2024F,TECCB,MT,1985,65086
2024F,TECCB,MT,1986,61600
2024F,TECCB,MT,1987,44458
2024F,TECCB,MT,1988,47720
2024F,TECCB,MT,1989,49018
2024F,TECCB,MT,1990,42367
2024F,TECCB,MT,1991,43188
2024F,TECCB,MT,1992,44586
2024F,TECCB,MT,1993,45844
2024F,TECCB,MT,1994,48076
2024F,TECCB,MT,1995,44744
2024F,TECCB,MT,1996,44871
2024F,TECCB,MT,1997,45170
2024F,TECCB,MT,1998,45697
2024F,TECCB,MT,1999,41070
2024F,TECCB,MT,2000,51855
2024F,TECCB,MT,2001,54705
2024F,TECCB,MT,2002,54094
2024F,TECCB,MT,2003,59182
2024F,TECCB,MT,2004,58599
2024F,TECCB,MT,2005,59828
2024F,TECCB,MT,2006,60797
2024F,TECCB,MT,2007,59415
2024F,TECCB,MT,2008,61157
2024F,TECCB,MT,2009,67258
2024F,TECCB,MT,2010,64344
2024F,TECCB,MT,2011,63310
2024F,TECCB,MT,2012,60954
2024F,TECCB,MT,2013,63944
2024F,TECCB,MT,2014,64003
2024F,TECCB,MT,2015,64124
2024F,TECCB,MT,2016,65298
2024F,TECCB,MT,2017,67125
2024F,TECCB,MT,2018,70934
2024F,TECCB,MT,2019,73763
2024F,TECCB,MT,2020,64932
2024F,TECCB,MT,2021,67649
2024F,TECCB,MT,2022,70806
2024F,TECCB,MT,2023,71357
2024F,TECCB,MT,2024,67182
2024F,TECCB,NC,1960,54220
2024F,TECCB,NC,1961,55326
2024F,TECCB,NC,1962,61316
2024F,TECCB,NC,1963,64327
2024F,TECCB,NC,1964,69213
2024F,TECCB,NC,1965,82520
2024F,TECCB,NC,1966,94359
2024F,TECCB,NC,1967,107533
2024F,TECCB,NC,1968,122585
2024F,TECCB,NC,1969,136201
2024F,TECCB,NC,1970,145850
2024F,TECCB,NC,1971,159970
2024F,TECCB,NC,1972,168854
2024F,TECCB,NC,1973,181478
2024F,TECCB,NC,1974,173063
2024F,TECCB,NC,1975,165087
2024F,TECCB,NC,1976,172493
2024F,TECCB,NC,1977,183598
2024F,TECCB,NC,1978,188565
2024F,TECCB,NC,1979,192087
2024F,TECCB,NC,1980,203674
2024F,TECCB,NC,1981,211328
2024F,TECCB,NC,1982,206946
2024F,TECCB,NC,1983,223273
2024F,TECCB,NC,1984,250220
2024F,TECCB,NC,1985,256524
2024F,TECCB,NC,1986,267732
2024F,TECCB,NC,1987,290048
2024F,TECCB,NC,1988,309111
2024F,TECCB,NC,1989,321476
2024F,TECCB,NC,1990,333277
2024F,TECCB,NC,1991,344331
2024F,TECCB,NC,1992,353614
2024F,TECCB,NC,1993,375981
2024F,TECCB,NC,1994,380020
2024F,TECCB,NC,1995,402670
2024F,TECCB,NC,1996,425364
2024F,TECCB,NC,1997,423632
2024F,TECCB,NC,1998,450627
2024F,TECCB,NC,1999,470298
2024F,TECCB,NC,2000,503473
2024F,TECCB,NC,2001,505876
2024F,TECCB,NC,2002,516166
2024F,TECCB,NC,2003,520671
2024F,TECCB,NC,2004,547757
2024F,TECCB,NC,2005,559288
2024F,TECCB,NC,2006,561533
2024F,TECCB,NC,2007,580128
2024F,TECCB,NC,2008,589518
2024F,TECCB,NC,2009,580440
2024F,TECCB,NC,2010,597153
2024F,TECCB,NC,2011,563483
2024F,TECCB,NC,2012,554123
2024F,TECCB,NC,2013,537645
2024F,TECCB,NC,2014,555776
2024F,TECCB,NC,2015,561337
2024F,TECCB,NC,2016,559709
2024F,TECCB,NC,2017,540810
2024F,TECCB,NC,2018,551637
2024F,TECCB,NC,2019,544528
2024F,TECCB,NC,2020,498329
2024F,TECCB,NC,2021,524540
2024F,TECCB,NC,2022,558593
2024F,TECCB,NC,2023,520508
2024F,TECCB,NC,2024,547195
2024F,TECCB,ND,1960,12003
2024F,TECCB,ND,1961,12327
2024F,TECCB,ND,1962,13310
2024F,TECCB,ND,1963,13540
2024F,TECCB,ND,1964,13384
2024F,TECCB,ND,1965,16005
2024F,TECCB,ND,1966,19074
2024F,TECCB,ND,1967,17687
2024F,TECCB,ND,1968,18532
2024F,TECCB,ND,1969,19126
2024F,TECCB,ND,1970,20603
2024F,TECCB,ND,1971,20576
2024F,TECCB,ND,1972,22520
2024F,TECCB,ND,1973,23413
2024F,TECCB,ND,1974,27789
2024F,TECCB,ND,1975,27765
2024F,TECCB,ND,1976,27715
2024F,TECCB,ND,1977,26712
2024F,TECCB,ND,1978,31097
2024F,TECCB,ND,1979,31976
2024F,TECCB,ND,1980,32287
2024F,TECCB,ND,1981,28154
2024F,TECCB,ND,1982,31305
2024F,TECCB,ND,1983,30103
2024F,TECCB,ND,1984,33350
2024F,TECCB,ND,1985,35703
2024F,TECCB,ND,1986,32751
2024F,TECCB,ND,1987,29900
2024F,TECCB,ND,1988,32384
2024F,TECCB,ND,1989,34037
2024F,TECCB,ND,1990,37631
2024F,TECCB,ND,1991,39299
2024F,TECCB,ND,1992,36407
2024F,TECCB,ND,1993,37753
2024F,TECCB,ND,1994,39051
2024F,TECCB,ND,1995,42618
2024F,TECCB,ND,1996,45353
2024F,TECCB,ND,1997,44565
2024F,TECCB,ND,1998,43966
2024F,TECCB,ND,1999,44163
2024F,TECCB,ND,2000,47417
2024F,TECCB,ND,2001,54559
2024F,TECCB,ND,2002,58723
2024F,TECCB,ND,2003,56885
2024F,TECCB,ND,2004,57826
2024F,TECCB,ND,2005,58383
2024F,TECCB,ND,2006,56944
2024F,TECCB,ND,2007,61171
2024F,TECCB,ND,2008,63173
2024F,TECCB,ND,2009,61554
2024F,TECCB,ND,2010,60963
2024F,TECCB,ND,2011,66333
2024F,TECCB,ND,2012,66975
2024F,TECCB,ND,2013,78436
2024F,TECCB,ND,2014,75033
2024F,TECCB,ND,2015,77492
2024F,TECCB,ND,2016,75595
2024F,TECCB,ND,2017,75420
2024F,TECCB,ND,2018,79792
2024F,TECCB,ND,2019,83354
2024F,TECCB,ND,2020,73009
2024F,TECCB,ND,2021,77222
2024F,TECCB,ND,2022,89972
2024F,TECCB,ND,2023,115074
2024F,TECCB,ND,2024,118715
2024F,TECCB,NE,1960,40161
2024F,TECCB,NE,1961,41349
2024F,TECCB,NE,1962,42530
2024F,TECCB,NE,1963,43950
2024F,TECCB,NE,1964,46635
2024F,TECCB,NE,1965,49345
2024F,TECCB,NE,1966,54492
2024F,TECCB,NE,1967,65786
2024F,TECCB,NE,1968,72786
2024F,TECCB,NE,1969,84424
2024F,TECCB,NE,1970,88913
2024F,TECCB,NE,1971,91788
2024F,TECCB,NE,1972,90629
2024F,TECCB,NE,1973,85469
2024F,TECCB,NE,1974,87317
2024F,TECCB,NE,1975,85161
2024F,TECCB,NE,1976,94346
2024F,TECCB,NE,1977,94858
2024F,TECCB,NE,1978,88298
2024F,TECCB,NE,1979,91438
2024F,TECCB,NE,1980,88870
2024F,TECCB,NE,1981,90567
2024F,TECCB,NE,1982,94961
2024F,TECCB,NE,1983,95339
2024F,TECCB,NE,1984,106252
2024F,TECCB,NE,1985,103407
2024F,TECCB,NE,1986,97703
2024F,TECCB,NE,1987,97546
2024F,TECCB,NE,1988,107558
2024F,TECCB,NE,1989,107854
2024F,TECCB,NE,1990,113076
2024F,TECCB,NE,1991,119286
2024F,TECCB,NE,1992,111057
2024F,TECCB,NE,1993,112798
2024F,TECCB,NE,1994,123991
2024F,TECCB,NE,1995,127309
2024F,TECCB,NE,1996,129723
2024F,TECCB,NE,1997,128817
2024F,TECCB,NE,1998,123315
2024F,TECCB,NE,1999,120673
2024F,TECCB,NE,2000,133189
2024F,TECCB,NE,2001,131853
2024F,TECCB,NE,2002,134563
2024F,TECCB,NE,2003,129811
2024F,TECCB,NE,2004,131642
2024F,TECCB,NE,2005,132163
2024F,TECCB,NE,2006,134351
2024F,TECCB,NE,2007,139490
2024F,TECCB,NE,2008,144691
2024F,TECCB,NE,2009,137355
2024F,TECCB,NE,2010,138045
2024F,TECCB,NE,2011,131229
2024F,TECCB,NE,2012,127349
2024F,TECCB,NE,2013,135536
2024F,TECCB,NE,2014,135457
2024F,TECCB,NE,2015,129914
2024F,TECCB,NE,2016,127221
2024F,TECCB,NE,2017,124447
2024F,TECCB,NE,2018,136566
2024F,TECCB,NE,2019,135640
2024F,TECCB,NE,2020,122186
2024F,TECCB,NE,2021,123385
2024F,TECCB,NE,2022,122730
2024F,TECCB,NE,2023,137406
2024F,TECCB,NE,2024,147598
2024F,TECCB,NH,1960,7835
2024F,TECCB,NH,1961,8564
2024F,TECCB,NH,1962,9253
2024F,TECCB,NH,1963,9812
2024F,TECCB,NH,1964,9804
2024F,TECCB,NH,1965,9757
2024F,TECCB,NH,1966,10025
2024F,TECCB,NH,1967,11374
2024F,TECCB,NH,1968,11945
2024F,TECCB,NH,1969,13404
2024F,TECCB,NH,1970,14808
2024F,TECCB,NH,1971,16118
2024F,TECCB,NH,1972,17238
2024F,TECCB,NH,1973,17615
2024F,TECCB,NH,1974,16924
2024F,TECCB,NH,1975,17038
2024F,TECCB,NH,1976,18520
2024F,TECCB,NH,1977,19084
2024F,TECCB,NH,1978,20200
2024F,TECCB,NH,1979,18872
2024F,TECCB,NH,1980,25808
2024F,TECCB,NH,1981,24238
2024F,TECCB,NH,1982,25973
2024F,TECCB,NH,1983,24318
2024F,TECCB,NH,1984,26261
2024F,TECCB,NH,1985,27654
2024F,TECCB,NH,1986,33618
2024F,TECCB,NH,1987,39848
2024F,TECCB,NH,1988,40053
2024F,TECCB,NH,1989,41900
2024F,TECCB,NH,1990,42909
2024F,TECCB,NH,1991,42216
2024F,TECCB,NH,1992,41030
2024F,TECCB,NH,1993,41841
2024F,TECCB,NH,1994,54685
2024F,TECCB,NH,1995,53431
2024F,TECCB,NH,1996,55024
2024F,TECCB,NH,1997,55556
2024F,TECCB,NH,1998,53759
2024F,TECCB,NH,1999,57008
2024F,TECCB,NH,2000,63703
2024F,TECCB,NH,2001,64494
2024F,TECCB,NH,2002,66972
2024F,TECCB,NH,2003,70762
2024F,TECCB,NH,2004,71992
2024F,TECCB,NH,2005,73929
2024F,TECCB,NH,2006,66845
2024F,TECCB,NH,2007,68133
2024F,TECCB,NH,2008,66242
2024F,TECCB,NH,2009,65269
2024F,TECCB,NH,2010,64152
2024F,TECCB,NH,2011,64065
2024F,TECCB,NH,2012,64086
2024F,TECCB,NH,2013,67305
2024F,TECCB,NH,2014,68413
2024F,TECCB,NH,2015,69505
2024F,TECCB,NH,2016,68159
2024F,TECCB,NH,2017,66930
2024F,TECCB,NH,2018,70057
2024F,TECCB,NH,2019,68027
2024F,TECCB,NH,2020,62308
2024F,TECCB,NH,2021,64207
2024F,TECCB,NH,2022,64504
2024F,TECCB,NH,2023,63678
2024F,TECCB,NH,2024,63218
2024F,TECCB,NJ,1960,160721
2024F,TECCB,NJ,1961,182333
2024F,TECCB,NJ,1962,194294
2024F,TECCB,NJ,1963,197758
2024F,TECCB,NJ,1964,204782
2024F,TECCB,NJ,1965,203634
2024F,TECCB,NJ,1966,228763
2024F,TECCB,NJ,1967,255887
2024F,TECCB,NJ,1968,267075
2024F,TECCB,NJ,1969,277144
2024F,TECCB,NJ,1970,313838
2024F,TECCB,NJ,1971,317326
2024F,TECCB,NJ,1972,333739
2024F,TECCB,NJ,1973,346973
2024F,TECCB,NJ,1974,321470
2024F,TECCB,NJ,1975,306571
2024F,TECCB,NJ,1976,374499
2024F,TECCB,NJ,1977,337531
2024F,TECCB,NJ,1978,330246
2024F,TECCB,NJ,1979,341627
2024F,TECCB,NJ,1980,367457
2024F,TECCB,NJ,1981,347232
2024F,TECCB,NJ,1982,339481
2024F,TECCB,NJ,1983,338576
2024F,TECCB,NJ,1984,362388
2024F,TECCB,NJ,1985,362436
2024F,TECCB,NJ,1986,392332
2024F,TECCB,NJ,1987,408972
2024F,TECCB,NJ,1988,441500
2024F,TECCB,NJ,1989,472095
2024F,TECCB,NJ,1990,498323
2024F,TECCB,NJ,1991,504987
2024F,TECCB,NJ,1992,506030
2024F,TECCB,NJ,1993,511447
2024F,TECCB,NJ,1994,526681
2024F,TECCB,NJ,1995,522515
2024F,TECCB,NJ,1996,530751
2024F,TECCB,NJ,1997,538227
2024F,TECCB,NJ,1998,536619
2024F,TECCB,NJ,1999,579961
2024F,TECCB,NJ,2000,578511
2024F,TECCB,NJ,2001,554459
2024F,TECCB,NJ,2002,576134
2024F,TECCB,NJ,2003,604240
2024F,TECCB,NJ,2004,631593
2024F,TECCB,NJ,2005,648416
2024F,TECCB,NJ,2006,616042
2024F,TECCB,NJ,2007,646384
2024F,TECCB,NJ,2008,633117
2024F,TECCB,NJ,2009,627353
2024F,TECCB,NJ,2010,626137
2024F,TECCB,NJ,2011,625516
2024F,TECCB,NJ,2012,594752
2024F,TECCB,NJ,2013,594839
2024F,TECCB,NJ,2014,618650
2024F,TECCB,NJ,2015,585341
2024F,TECCB,NJ,2016,558776
2024F,TECCB,NJ,2017,549292
2024F,TECCB,NJ,2018,571779
2024F,TECCB,NJ,2019,544661
2024F,TECCB,NJ,2020,503155
2024F,TECCB,NJ,2021,529719
2024F,TECCB,NJ,2022,546833
2024F,TECCB,NJ,2023,523751
2024F,TECCB,NJ,2024,531533
2024F,TECCB,NM,1960,21879
2024F,TECCB,NM,1961,24136
2024F,TECCB,NM,1962,27378
2024F,TECCB,NM,1963,26277
2024F,TECCB,NM,1964,30652
2024F,TECCB,NM,1965,31157
2024F,TECCB,NM,1966,34468
2024F,TECCB,NM,1967,50218
2024F,TECCB,NM,1968,55295
2024F,TECCB,NM,1969,55276
2024F,TECCB,NM,1970,61714
2024F,TECCB,NM,1971,64656
2024F,TECCB,NM,1972,66173
2024F,TECCB,NM,1973,61170
2024F,TECCB,NM,1974,60958
2024F,TECCB,NM,1975,55732
2024F,TECCB,NM,1976,70148
2024F,TECCB,NM,1977,64657
2024F,TECCB,NM,1978,64306
2024F,TECCB,NM,1979,65693
2024F,TECCB,NM,1980,68647
2024F,TECCB,NM,1981,64777
2024F,TECCB,NM,1982,65257
2024F,TECCB,NM,1983,74559
2024F,TECCB,NM,1984,78183
2024F,TECCB,NM,1985,71362
2024F,TECCB,NM,1986,75289
2024F,TECCB,NM,1987,78769
2024F,TECCB,NM,1988,92245
2024F,TECCB,NM,1989,94205
2024F,TECCB,NM,1990,95236
2024F,TECCB,NM,1991,96025
2024F,TECCB,NM,1992,98993
2024F,TECCB,NM,1993,101425
2024F,TECCB,NM,1994,99457
2024F,TECCB,NM,1995,100773
2024F,TECCB,NM,1996,107285
2024F,TECCB,NM,1997,107315
2024F,TECCB,NM,1998,111207
2024F,TECCB,NM,1999,114559
2024F,TECCB,NM,2000,123014
2024F,TECCB,NM,2001,124443
2024F,TECCB,NM,2002,128862
2024F,TECCB,NM,2003,122236
2024F,TECCB,NM,2004,123318
2024F,TECCB,NM,2005,124392
2024F,TECCB,NM,2006,122242
2024F,TECCB,NM,2007,124803
2024F,TECCB,NM,2008,123574
2024F,TECCB,NM,2009,117832
2024F,TECCB,NM,2010,120096
2024F,TECCB,NM,2011,122811
2024F,TECCB,NM,2012,121168
2024F,TECCB,NM,2013,121617
2024F,TECCB,NM,2014,120270
2024F,TECCB,NM,2015,119887
2024F,TECCB,NM,2016,115976
2024F,TECCB,NM,2017,111929
2024F,TECCB,NM,2018,109591
2024F,TECCB,NM,2019,116027
2024F,TECCB,NM,2020,102464
2024F,TECCB,NM,2021,101271
2024F,TECCB,NM,2022,101724
2024F,TECCB,NM,2023,99375
2024F,TECCB,NM,2024,99725
2024F,TECCB,NV,1960,9665
2024F,TECCB,NV,1961,10389
2024F,TECCB,NV,1962,11505
2024F,TECCB,NV,1963,13585
2024F,TECCB,NV,1964,16110
2024F,TECCB,NV,1965,17808
2024F,TECCB,NV,1966,21274
2024F,TECCB,NV,1967,24474
2024F,TECCB,NV,1968,27078
2024F,TECCB,NV,1969,30267
2024F,TECCB,NV,1970,34942
2024F,TECCB,NV,1971,38136
2024F,TECCB,NV,1972,42425
2024F,TECCB,NV,1973,44509
2024F,TECCB,NV,1974,45639
2024F,TECCB,NV,1975,47825
2024F,TECCB,NV,1976,48349
2024F,TECCB,NV,1977,47885
2024F,TECCB,NV,1978,53321
2024F,TECCB,NV,1979,43752
2024F,TECCB,NV,1980,32822
2024F,TECCB,NV,1981,33689
2024F,TECCB,NV,1982,30632
2024F,TECCB,NV,1983,36365
2024F,TECCB,NV,1984,50036
2024F,TECCB,NV,1985,51729
2024F,TECCB,NV,1986,51640
2024F,TECCB,NV,1987,56884
2024F,TECCB,NV,1988,60450
2024F,TECCB,NV,1989,65267
2024F,TECCB,NV,1990,69536
2024F,TECCB,NV,1991,71142
2024F,TECCB,NV,1992,72862
2024F,TECCB,NV,1993,78494
2024F,TECCB,NV,1994,86090
2024F,TECCB,NV,1995,85713
2024F,TECCB,NV,1996,94872
2024F,TECCB,NV,1997,93549
2024F,TECCB,NV,1998,94907
2024F,TECCB,NV,1999,100550
2024F,TECCB,NV,2000,104468
2024F,TECCB,NV,2001,103284
2024F,TECCB,NV,2002,107740
2024F,TECCB,NV,2003,111617
2024F,TECCB,NV,2004,114455
2024F,TECCB,NV,2005,115738
2024F,TECCB,NV,2006,119850
2024F,TECCB,NV,2007,118028
2024F,TECCB,NV,2008,116450
2024F,TECCB,NV,2009,108445
2024F,TECCB,NV,2010,109770
2024F,TECCB,NV,2011,110952
2024F,TECCB,NV,2012,108529
2024F,TECCB,NV,2013,110744
2024F,TECCB,NV,2014,109451
2024F,TECCB,NV,2015,112433
2024F,TECCB,NV,2016,114346
2024F,TECCB,NV,2017,124267
2024F,TECCB,NV,2018,132742
2024F,TECCB,NV,2019,131110
2024F,TECCB,NV,2020,122056
2024F,TECCB,NV,2021,128629
2024F,TECCB,NV,2022,129937
2024F,TECCB,NV,2023,127543
2024F,TECCB,NV,2024,136476
2024F,TECCB,NY,1960,540323
2024F,TECCB,NY,1961,526401
2024F,TECCB,NY,1962,545294
2024F,TECCB,NY,1963,615386
2024F,TECCB,NY,1964,606034
2024F,TECCB,NY,1965,699719
2024F,TECCB,NY,1966,767525
2024F,TECCB,NY,1967,822987
2024F,TECCB,NY,1968,840352
2024F,TECCB,NY,1969,857440
2024F,TECCB,NY,1970,893663
2024F,TECCB,NY,1971,890676
2024F,TECCB,NY,1972,908852
2024F,TECCB,NY,1973,932069
2024F,TECCB,NY,1974,862653
2024F,TECCB,NY,1975,831046
2024F,TECCB,NY,1976,899389
2024F,TECCB,NY,1977,907949
2024F,TECCB,NY,1978,908618
2024F,TECCB,NY,1979,813084
2024F,TECCB,NY,1980,858375
2024F,TECCB,NY,1981,799575
2024F,TECCB,NY,1982,834370
2024F,TECCB,NY,1983,791364
2024F,TECCB,NY,1984,875414
2024F,TECCB,NY,1985,884412
2024F,TECCB,NY,1986,942291
2024F,TECCB,NY,1987,946020
2024F,TECCB,NY,1988,996436
2024F,TECCB,NY,1989,1016106
2024F,TECCB,NY,1990,988888
2024F,TECCB,NY,1991,980317
2024F,TECCB,NY,1992,997367
2024F,TECCB,NY,1993,1005695
2024F,TECCB,NY,1994,996166
2024F,TECCB,NY,1995,1032043
2024F,TECCB,NY,1996,1050420
2024F,TECCB,NY,1997,1127938
2024F,TECCB,NY,1998,1131576
2024F,TECCB,NY,1999,1230907
2024F,TECCB,NY,2000,1256937
2024F,TECCB,NY,2001,1233544
2024F,TECCB,NY,2002,1250636
2024F,TECCB,NY,2003,1280691
2024F,TECCB,NY,2004,1338500
2024F,TECCB,NY,2005,1235490
2024F,TECCB,NY,2006,1144291
2024F,TECCB,NY,2007,1138328
2024F,TECCB,NY,2008,1140061
2024F,TECCB,NY,2009,1094737
2024F,TECCB,NY,2010,1115120
2024F,TECCB,NY,2011,1076997
2024F,TECCB,NY,2012,1006951
2024F,TECCB,NY,2013,1040145
2024F,TECCB,NY,2014,1038907
2024F,TECCB,NY,2015,1046720
2024F,TECCB,NY,2016,1019447
2024F,TECCB,NY,2017,1005105
2024F,TECCB,NY,2018,1043560
2024F,TECCB,NY,2019,1012879
2024F,TECCB,NY,2020,911195
2024F,TECCB,NY,2021,937599
2024F,TECCB,NY,2022,970337
2024F,TECCB,NY,2023,966484
2024F,TECCB,NY,2024,952597
2024F,TECCB,OH,1960,250003
2024F,TECCB,OH,1961,251033
2024F,TECCB,OH,1962,265523
2024F,TECCB,OH,1963,269868
2024F,TECCB,OH,1964,270631
2024F,TECCB,OH,1965,286793
2024F,TECCB,OH,1966,305722
2024F,TECCB,OH,1967,324092
2024F,TECCB,OH,1968,347229
2024F,TECCB,OH,1969,377777
2024F,TECCB,OH,1970,403669
2024F,TECCB,OH,1971,419337
2024F,TECCB,OH,1972,455006
2024F,TECCB,OH,1973,462216
2024F,TECCB,OH,1974,466285
2024F,TECCB,OH,1975,430357
2024F,TECCB,OH,1976,457992
2024F,TECCB,OH,1977,448889
2024F,TECCB,OH,1978,469464
2024F,TECCB,OH,1979,443250
2024F,TECCB,OH,1980,446827
2024F,TECCB,OH,1981,464107
2024F,TECCB,OH,1982,460557
2024F,TECCB,OH,1983,462720
2024F,TECCB,OH,1984,497005
2024F,TECCB,OH,1985,484512
2024F,TECCB,OH,1986,502710
2024F,TECCB,OH,1987,523709
2024F,TECCB,OH,1988,559934
2024F,TECCB,OH,1989,573136
2024F,TECCB,OH,1990,580503
2024F,TECCB,OH,1991,606751
2024F,TECCB,OH,1992,607072
2024F,TECCB,OH,1993,628752
2024F,TECCB,OH,1994,637403
2024F,TECCB,OH,1995,665784
2024F,TECCB,OH,1996,683841
2024F,TECCB,OH,1997,683068
2024F,TECCB,OH,1998,666273
2024F,TECCB,OH,1999,691039
2024F,TECCB,OH,2000,720882
2024F,TECCB,OH,2001,687127
2024F,TECCB,OH,2002,685145
2024F,TECCB,OH,2003,708894
2024F,TECCB,OH,2004,721861
2024F,TECCB,OH,2005,725735
2024F,TECCB,OH,2006,686693
2024F,TECCB,OH,2007,719116
2024F,TECCB,OH,2008,719684
2024F,TECCB,OH,2009,694530
2024F,TECCB,OH,2010,704321
2024F,TECCB,OH,2011,703092
2024F,TECCB,OH,2012,664809
2024F,TECCB,OH,2013,685380
2024F,TECCB,OH,2014,702785
2024F,TECCB,OH,2015,693573
2024F,TECCB,OH,2016,682716
2024F,TECCB,OH,2017,662838
2024F,TECCB,OH,2018,684976
2024F,TECCB,OH,2019,659377
2024F,TECCB,OH,2020,615146
2024F,TECCB,OH,2021,636260
2024F,TECCB,OH,2022,652722
2024F,TECCB,OH,2023,621023
2024F,TECCB,OH,2024,647327
2024F,TECCB,OK,1960,57203
2024F,TECCB,OK,1961,50701
2024F,TECCB,OK,1962,54007
2024F,TECCB,OK,1963,59861
2024F,TECCB,OK,1964,63743
2024F,TECCB,OK,1965,66292
2024F,TECCB,OK,1966,69932
2024F,TECCB,OK,1967,80565
2024F,TECCB,OK,1968,89251
2024F,TECCB,OK,1969,91949
2024F,TECCB,OK,1970,99833
2024F,TECCB,OK,1971,101064
2024F,TECCB,OK,1972,111223
2024F,TECCB,OK,1973,111286
2024F,TECCB,OK,1974,113444
2024F,TECCB,OK,1975,122103
2024F,TECCB,OK,1976,129786
2024F,TECCB,OK,1977,142390
2024F,TECCB,OK,1978,143864
2024F,TECCB,OK,1979,146965
2024F,TECCB,OK,1980,148885
2024F,TECCB,OK,1981,160153
2024F,TECCB,OK,1982,170548
2024F,TECCB,OK,1983,174862
2024F,TECCB,OK,1984,168346
2024F,TECCB,OK,1985,170481
2024F,TECCB,OK,1986,160679
2024F,TECCB,OK,1987,157775
2024F,TECCB,OK,1988,182335
2024F,TECCB,OK,1989,172871
2024F,TECCB,OK,1990,195090
2024F,TECCB,OK,1991,184656
2024F,TECCB,OK,1992,173906
2024F,TECCB,OK,1993,182888
2024F,TECCB,OK,1994,185966
2024F,TECCB,OK,1995,188437
2024F,TECCB,OK,1996,204224
2024F,TECCB,OK,1997,211927
2024F,TECCB,OK,1998,215634
2024F,TECCB,OK,1999,210830
2024F,TECCB,OK,2000,226988
2024F,TECCB,OK,2001,230056
2024F,TECCB,OK,2002,228029
2024F,TECCB,OK,2003,224516
2024F,TECCB,OK,2004,222289
2024F,TECCB,OK,2005,224792
2024F,TECCB,OK,2006,228733
2024F,TECCB,OK,2007,234346
2024F,TECCB,OK,2008,234518
2024F,TECCB,OK,2009,230007
2024F,TECCB,OK,2010,235820
2024F,TECCB,OK,2011,234862
2024F,TECCB,OK,2012,228785
2024F,TECCB,OK,2013,234322
2024F,TECCB,OK,2014,240200
2024F,TECCB,OK,2015,228924
2024F,TECCB,OK,2016,214671
2024F,TECCB,OK,2017,205503
2024F,TECCB,OK,2018,214379
2024F,TECCB,OK,2019,200649
2024F,TECCB,OK,2020,182873
2024F,TECCB,OK,2021,193983
2024F,TECCB,OK,2022,209415
2024F,TECCB,OK,2023,210175
2024F,TECCB,OK,2024,226662
2024F,TECCB,OR,1960,53273
2024F,TECCB,OR,1961,54600
2024F,TECCB,OR,1962,58492
2024F,TECCB,OR,1963,64088
2024F,TECCB,OR,1964,71563
2024F,TECCB,OR,1965,72780
2024F,TECCB,OR,1966,78110
2024F,TECCB,OR,1967,81178
2024F,TECCB,OR,1968,86388
2024F,TECCB,OR,1969,95381
2024F,TECCB,OR,1970,102348
2024F,TECCB,OR,1971,110758
2024F,TECCB,OR,1972,121207
2024F,TECCB,OR,1973,122613
2024F,TECCB,OR,1974,119241
2024F,TECCB,OR,1975,123425
2024F,TECCB,OR,1976,121163
2024F,TECCB,OR,1977,125676
2024F,TECCB,OR,1978,131314
2024F,TECCB,OR,1979,139356
2024F,TECCB,OR,1980,146443
2024F,TECCB,OR,1981,126046
2024F,TECCB,OR,1982,130046
2024F,TECCB,OR,1983,123554
2024F,TECCB,OR,1984,133935
2024F,TECCB,OR,1985,138055
2024F,TECCB,OR,1986,134691
2024F,TECCB,OR,1987,139186
2024F,TECCB,OR,1988,148649
2024F,TECCB,OR,1989,155729
2024F,TECCB,OR,1990,96197
2024F,TECCB,OR,1991,94017
2024F,TECCB,OR,1992,109949
2024F,TECCB,OR,1993,109437
2024F,TECCB,OR,1994,121140
2024F,TECCB,OR,1995,104603
2024F,TECCB,OR,1996,99443
2024F,TECCB,OR,1997,100745
2024F,TECCB,OR,1998,112166
2024F,TECCB,OR,1999,113510
2024F,TECCB,OR,2000,130701
2024F,TECCB,OR,2001,137369
2024F,TECCB,OR,2002,120879
2024F,TECCB,OR,2003,121242
2024F,TECCB,OR,2004,115674
2024F,TECCB,OR,2005,123424
2024F,TECCB,OR,2006,116592
2024F,TECCB,OR,2007,124273
2024F,TECCB,OR,2008,126476
2024F,TECCB,OR,2009,122630
2024F,TECCB,OR,2010,119263
2024F,TECCB,OR,2011,112227
2024F,TECCB,OR,2012,110870
2024F,TECCB,OR,2013,119390
2024F,TECCB,OR,2014,115234
2024F,TECCB,OR,2015,120515
2024F,TECCB,OR,2016,121204
2024F,TECCB,OR,2017,129352
2024F,TECCB,OR,2018,128283
2024F,TECCB,OR,2019,137161
2024F,TECCB,OR,2020,124583
2024F,TECCB,OR,2021,130937
2024F,TECCB,OR,2022,132786
2024F,TECCB,OR,2023,171412
2024F,TECCB,OR,2024,179633
2024F,TECCB,PA,1960,295707
2024F,TECCB,PA,1961,289720
2024F,TECCB,PA,1962,290025
2024F,TECCB,PA,1963,294408
2024F,TECCB,PA,1964,297587
2024F,TECCB,PA,1965,306834
2024F,TECCB,PA,1966,315729
2024F,TECCB,PA,1967,315656
2024F,TECCB,PA,1968,329791
2024F,TECCB,PA,1969,342113
2024F,TECCB,PA,1970,361834
2024F,TECCB,PA,1971,383255
2024F,TECCB,PA,1972,402417
2024F,TECCB,PA,1973,412419
2024F,TECCB,PA,1974,379730
2024F,TECCB,PA,1975,389727
2024F,TECCB,PA,1976,431610
2024F,TECCB,PA,1977,436014
2024F,TECCB,PA,1978,440655
2024F,TECCB,PA,1979,423660
2024F,TECCB,PA,1980,431000
2024F,TECCB,PA,1981,448727
2024F,TECCB,PA,1982,440500
2024F,TECCB,PA,1983,438139
2024F,TECCB,PA,1984,465749
2024F,TECCB,PA,1985,446478
2024F,TECCB,PA,1986,462228
2024F,TECCB,PA,1987,479305
2024F,TECCB,PA,1988,507112
2024F,TECCB,PA,1989,540892
2024F,TECCB,PA,1990,539349
2024F,TECCB,PA,1991,555024
2024F,TECCB,PA,1992,569221
2024F,TECCB,PA,1993,580533
2024F,TECCB,PA,1994,611013
2024F,TECCB,PA,1995,628012
2024F,TECCB,PA,1996,644338
2024F,TECCB,PA,1997,628890
2024F,TECCB,PA,1998,618903
2024F,TECCB,PA,1999,633814
2024F,TECCB,PA,2000,702076
2024F,TECCB,PA,2001,660212
2024F,TECCB,PA,2002,695247
2024F,TECCB,PA,2003,697040
2024F,TECCB,PA,2004,702680
2024F,TECCB,PA,2005,718174
2024F,TECCB,PA,2006,690066
2024F,TECCB,PA,2007,717084
2024F,TECCB,PA,2008,710287
2024F,TECCB,PA,2009,677299
2024F,TECCB,PA,2010,678986
2024F,TECCB,PA,2011,632091
2024F,TECCB,PA,2012,603957
2024F,TECCB,PA,2013,630895
2024F,TECCB,PA,2014,645818
2024F,TECCB,PA,2015,650420
2024F,TECCB,PA,2016,632268
2024F,TECCB,PA,2017,621628
2024F,TECCB,PA,2018,644229
2024F,TECCB,PA,2019,593219
2024F,TECCB,PA,2020,518657
2024F,TECCB,PA,2021,541842
2024F,TECCB,PA,2022,559796
2024F,TECCB,PA,2023,525553
2024F,TECCB,PA,2024,552237
2024F,TECCB,RI,1960,22134
2024F,TECCB,RI,1961,20781
2024F,TECCB,RI,1962,22492
2024F,TECCB,RI,1963,22196
2024F,TECCB,RI,1964,22275
2024F,TECCB,RI,1965,19837
2024F,TECCB,RI,1966,19487
2024F,TECCB,RI,1967,25698
2024F,TECCB,RI,1968,27597
2024F,TECCB,RI,1969,30726
2024F,TECCB,RI,1970,33739
2024F,TECCB,RI,1971,35867
2024F,TECCB,RI,1972,37815
2024F,TECCB,RI,1973,38158
2024F,TECCB,RI,1974,33644
2024F,TECCB,RI,1975,32850
2024F,TECCB,RI,1976,34795
2024F,TECCB,RI,1977,35953
2024F,TECCB,RI,1978,36297
2024F,TECCB,RI,1979,35512
2024F,TECCB,RI,1980,32400
2024F,TECCB,RI,1981,30707
2024F,TECCB,RI,1982,31560
2024F,TECCB,RI,1983,33473
2024F,TECCB,RI,1984,36029
2024F,TECCB,RI,1985,37301
2024F,TECCB,RI,1986,43155
2024F,TECCB,RI,1987,44101
2024F,TECCB,RI,1988,44790
2024F,TECCB,RI,1989,45500
2024F,TECCB,RI,1990,49318
2024F,TECCB,RI,1991,46045
2024F,TECCB,RI,1992,42725
2024F,TECCB,RI,1993,43139
2024F,TECCB,RI,1994,47629
2024F,TECCB,RI,1995,46398
2024F,TECCB,RI,1996,47251
2024F,TECCB,RI,1997,45628
2024F,TECCB,RI,1998,42535
2024F,TECCB,RI,1999,47170
2024F,TECCB,RI,2000,49164
2024F,TECCB,RI,2001,49612
2024F,TECCB,RI,2002,50024
2024F,TECCB,RI,2003,54733
2024F,TECCB,RI,2004,54193
2024F,TECCB,RI,2005,51356
2024F,TECCB,RI,2006,48699
2024F,TECCB,RI,2007,49436
2024F,TECCB,RI,2008,45940
2024F,TECCB,RI,2009,46257
2024F,TECCB,RI,2010,45708
2024F,TECCB,RI,2011,43864
2024F,TECCB,RI,2012,43987
2024F,TECCB,RI,2013,47903
2024F,TECCB,RI,2014,50832
2024F,TECCB,RI,2015,48962
2024F,TECCB,RI,2016,46047
2024F,TECCB,RI,2017,43797
2024F,TECCB,RI,2018,46958
2024F,TECCB,RI,2019,46482
2024F,TECCB,RI,2020,42881
2024F,TECCB,RI,2021,45429
2024F,TECCB,RI,2022,47079
2024F,TECCB,RI,2023,45610
2024F,TECCB,RI,2024,45612
2024F,TECCB,SC,1960,36062
2024F,TECCB,SC,1961,36534
2024F,TECCB,SC,1962,41347
2024F,TECCB,SC,1963,42877
2024F,TECCB,SC,1964,45291
2024F,TECCB,SC,1965,42586
2024F,TECCB,SC,1966,45300
2024F,TECCB,SC,1967,50112
2024F,TECCB,SC,1968,57151
2024F,TECCB,SC,1969,63379
2024F,TECCB,SC,1970,69743
2024F,TECCB,SC,1971,74189
2024F,TECCB,SC,1972,79697
2024F,TECCB,SC,1973,89552
2024F,TECCB,SC,1974,87248
2024F,TECCB,SC,1975,103523
2024F,TECCB,SC,1976,128456
2024F,TECCB,SC,1977,133025
2024F,TECCB,SC,1978,127502
2024F,TECCB,SC,1979,116488
2024F,TECCB,SC,1980,127275
2024F,TECCB,SC,1981,117615
2024F,TECCB,SC,1982,120035
2024F,TECCB,SC,1983,126036
2024F,TECCB,SC,1984,123388
2024F,TECCB,SC,1985,128683
2024F,TECCB,SC,1986,136652
2024F,TECCB,SC,1987,143474
2024F,TECCB,SC,1988,151581
2024F,TECCB,SC,1989,156500
2024F,TECCB,SC,1990,165169
2024F,TECCB,SC,1991,167920
2024F,TECCB,SC,1992,171817
2024F,TECCB,SC,1993,184138
2024F,TECCB,SC,1994,184821
2024F,TECCB,SC,1995,195433
2024F,TECCB,SC,1996,202707
2024F,TECCB,SC,1997,205071
2024F,TECCB,SC,1998,225369
2024F,TECCB,SC,1999,234042
2024F,TECCB,SC,2000,239136
2024F,TECCB,SC,2001,235896
2024F,TECCB,SC,2002,237842
2024F,TECCB,SC,2003,241830
2024F,TECCB,SC,2004,253880
2024F,TECCB,SC,2005,255276
2024F,TECCB,SC,2006,262240
2024F,TECCB,SC,2007,267233
2024F,TECCB,SC,2008,269746
2024F,TECCB,SC,2009,259089
2024F,TECCB,SC,2010,271233
2024F,TECCB,SC,2011,259521
2024F,TECCB,SC,2012,257074
2024F,TECCB,SC,2013,254725
2024F,TECCB,SC,2014,264326
2024F,TECCB,SC,2015,271837
2024F,TECCB,SC,2016,276323
2024F,TECCB,SC,2017,271049
2024F,TECCB,SC,2018,270759
2024F,TECCB,SC,2019,267152
2024F,TECCB,SC,2020,247392
2024F,TECCB,SC,2021,255270
2024F,TECCB,SC,2022,289054
2024F,TECCB,SC,2023,295363
2024F,TECCB,SC,2024,305730
2024F,TECCB,SD,1960,15047
2024F,TECCB,SD,1961,15967
2024F,TECCB,SD,1962,16756
2024F,TECCB,SD,1963,16683
2024F,TECCB,SD,1964,17891
2024F,TECCB,SD,1965,18612
2024F,TECCB,SD,1966,20160
2024F,TECCB,SD,1967,21503
2024F,TECCB,SD,1968,22628
2024F,TECCB,SD,1969,23578
2024F,TECCB,SD,1970,25012
2024F,TECCB,SD,1971,24531
2024F,TECCB,SD,1972,26568
2024F,TECCB,SD,1973,26049
2024F,TECCB,SD,1974,27231
2024F,TECCB,SD,1975,25325
2024F,TECCB,SD,1976,28686
2024F,TECCB,SD,1977,28526
2024F,TECCB,SD,1978,28655
2024F,TECCB,SD,1979,25829
2024F,TECCB,SD,1980,24387
2024F,TECCB,SD,1981,24359
2024F,TECCB,SD,1982,25472
2024F,TECCB,SD,1983,24948
2024F,TECCB,SD,1984,30661
2024F,TECCB,SD,1985,32525
2024F,TECCB,SD,1986,29091
2024F,TECCB,SD,1987,29425
2024F,TECCB,SD,1988,30513
2024F,TECCB,SD,1989,31591
2024F,TECCB,SD,1990,27057
2024F,TECCB,SD,1991,28629
2024F,TECCB,SD,1992,28150
2024F,TECCB,SD,1993,32448
2024F,TECCB,SD,1994,29792
2024F,TECCB,SD,1995,30246
2024F,TECCB,SD,1996,30264
2024F,TECCB,SD,1997,29078
2024F,TECCB,SD,1998,30619
2024F,TECCB,SD,1999,29936
2024F,TECCB,SD,2000,33890
2024F,TECCB,SD,2001,43330
2024F,TECCB,SD,2002,42911
2024F,TECCB,SD,2003,44592
2024F,TECCB,SD,2004,45573
2024F,TECCB,SD,2005,50362
2024F,TECCB,SD,2006,49274
2024F,TECCB,SD,2007,52612
2024F,TECCB,SD,2008,54127
2024F,TECCB,SD,2009,49961
2024F,TECCB,SD,2010,46464
2024F,TECCB,SD,2011,39965
2024F,TECCB,SD,2012,41226
2024F,TECCB,SD,2013,48550
2024F,TECCB,SD,2014,46114
2024F,TECCB,SD,2015,45281
2024F,TECCB,SD,2016,42734
2024F,TECCB,SD,2017,44134
2024F,TECCB,SD,2018,45389
2024F,TECCB,SD,2019,44565
2024F,TECCB,SD,2020,40306
2024F,TECCB,SD,2021,38796
2024F,TECCB,SD,2022,41741
2024F,TECCB,SD,2023,42404
2024F,TECCB,SD,2024,40834
2024F,TECCB,TN,1960,67765
2024F,TECCB,TN,1961,75962
2024F,TECCB,TN,1962,84573
2024F,TECCB,TN,1963,77467
2024F,TECCB,TN,1964,81040
2024F,TECCB,TN,1965,85128
2024F,TECCB,TN,1966,93239
2024F,TECCB,TN,1967,99229
2024F,TECCB,TN,1968,110181
2024F,TECCB,TN,1969,118739
2024F,TECCB,TN,1970,124565
2024F,TECCB,TN,1971,132072
2024F,TECCB,TN,1972,140178
2024F,TECCB,TN,1973,147119
2024F,TECCB,TN,1974,143901
2024F,TECCB,TN,1975,136281
2024F,TECCB,TN,1976,139137
2024F,TECCB,TN,1977,165579
2024F,TECCB,TN,1978,193493
2024F,TECCB,TN,1979,205971
2024F,TECCB,TN,1980,211940
2024F,TECCB,TN,1981,219764
2024F,TECCB,TN,1982,219094
2024F,TECCB,TN,1983,238680
2024F,TECCB,TN,1984,175501
2024F,TECCB,TN,1985,173959
2024F,TECCB,TN,1986,158650
2024F,TECCB,TN,1987,164354
2024F,TECCB,TN,1988,173211
2024F,TECCB,TN,1989,197433
2024F,TECCB,TN,1990,196823
2024F,TECCB,TN,1991,197651
2024F,TECCB,TN,1992,142454
2024F,TECCB,TN,1993,131788
2024F,TECCB,TN,1994,128967
2024F,TECCB,TN,1995,131550
2024F,TECCB,TN,1996,143791
2024F,TECCB,TN,1997,337689
2024F,TECCB,TN,1998,338188
2024F,TECCB,TN,1999,351317
2024F,TECCB,TN,2000,362679
2024F,TECCB,TN,2001,358197
2024F,TECCB,TN,2002,354993
2024F,TECCB,TN,2003,353752
2024F,TECCB,TN,2004,364083
2024F,TECCB,TN,2005,372622
2024F,TECCB,TN,2006,373274
2024F,TECCB,TN,2007,387926
2024F,TECCB,TN,2008,382336
2024F,TECCB,TN,2009,354339
2024F,TECCB,TN,2010,380955
2024F,TECCB,TN,2011,363297
2024F,TECCB,TN,2012,341767
2024F,TECCB,TN,2013,397306
2024F,TECCB,TN,2014,408960
2024F,TECCB,TN,2015,419405
2024F,TECCB,TN,2016,429607
2024F,TECCB,TN,2017,405503
2024F,TECCB,TN,2018,436612
2024F,TECCB,TN,2019,418893
2024F,TECCB,TN,2020,377181
2024F,TECCB,TN,2021,408596
2024F,TECCB,TN,2022,420059
2024F,TECCB,TN,2023,407401
2024F,TECCB,TN,2024,411570
2024F,TECCB,TX,1960,185541
2024F,TECCB,TX,1961,191374
2024F,TECCB,TX,1962,206525
2024F,TECCB,TX,1963,229266
2024F,TECCB,TX,1964,246944
2024F,TECCB,TX,1965,258585
2024F,TECCB,TX,1966,286766
2024F,TECCB,TX,1967,352445
2024F,TECCB,TX,1968,378569
2024F,TECCB,TX,1969,405867
2024F,TECCB,TX,1970,433629
2024F,TECCB,TX,1971,450411
2024F,TECCB,TX,1972,487856
2024F,TECCB,TX,1973,531387
2024F,TECCB,TX,1974,513669
2024F,TECCB,TX,1975,525406
2024F,TECCB,TX,1976,560579
2024F,TECCB,TX,1977,633136
2024F,TECCB,TX,1978,674414
2024F,TECCB,TX,1979,777791
2024F,TECCB,TX,1980,719128
2024F,TECCB,TX,1981,747144
2024F,TECCB,TX,1982,766757
2024F,TECCB,TX,1983,835340
2024F,TECCB,TX,1984,820687
2024F,TECCB,TX,1985,841174
2024F,TECCB,TX,1986,822045
2024F,TECCB,TX,1987,856242
2024F,TECCB,TX,1988,905534
2024F,TECCB,TX,1989,942123
2024F,TECCB,TX,1990,949870
2024F,TECCB,TX,1991,963731
2024F,TECCB,TX,1992,960595
2024F,TECCB,TX,1993,979616
2024F,TECCB,TX,1994,1018393
2024F,TECCB,TX,1995,1073656
2024F,TECCB,TX,1996,1072197
2024F,TECCB,TX,1997,1127127
2024F,TECCB,TX,1998,1156597
2024F,TECCB,TX,1999,1182897
2024F,TECCB,TX,2000,1278282
2024F,TECCB,TX,2001,1245714
2024F,TECCB,TX,2002,1260046
2024F,TECCB,TX,2003,1221099
2024F,TECCB,TX,2004,1197638
2024F,TECCB,TX,2005,1279109
2024F,TECCB,TX,2006,1259668
2024F,TECCB,TX,2007,1316185
2024F,TECCB,TX,2008,1351178
2024F,TECCB,TX,2009,1395960
2024F,TECCB,TX,2010,1418562
2024F,TECCB,TX,2011,1487982
2024F,TECCB,TX,2012,1483043
2024F,TECCB,TX,2013,1526633
2024F,TECCB,TX,2014,1547453
2024F,TECCB,TX,2015,1493346
2024F,TECCB,TX,2016,1484210
2024F,TECCB,TX,2017,1455588
2024F,TECCB,TX,2018,1501806
2024F,TECCB,TX,2019,1460746
2024F,TECCB,TX,2020,1439135
2024F,TECCB,TX,2021,1462714
2024F,TECCB,TX,2022,1547539
2024F,TECCB,TX,2023,1555437
2024F,TECCB,TX,2024,1518752
2024F,TECCB,US,1960,4356597
2024F,TECCB,US,1961,4467053
2024F,TECCB,US,1962,4749958
2024F,TECCB,US,1963,4960182
2024F,TECCB,US,1964,5158247
2024F,TECCB,US,1965,5508656
2024F,TECCB,US,1966,5986042
2024F,TECCB,US,1967,6510831
2024F,TECCB,US,1968,6941341
2024F,TECCB,US,1969,7391647
2024F,TECCB,US,1970,7881441
2024F,TECCB,US,1971,8216329
2024F,TECCB,US,1972,8693983
2024F,TECCB,US,1973,9056796
2024F,TECCB,US,1974,8840409
2024F,TECCB,US,1975,8919832
2024F,TECCB,US,1976,9535138
2024F,TECCB,US,1977,9790263
2024F,TECCB,US,1978,9996421
2024F,TECCB,US,1979,10133249
2024F,TECCB,US,1980,10052581
2024F,TECCB,US,1981,10093767
2024F,TECCB,US,1982,10193953
2024F,TECCB,US,1983,10229751
2024F,TECCB,US,1984,10745091
2024F,TECCB,US,1985,10848939
2024F,TECCB,US,1986,10951360
2024F,TECCB,US,1987,11367254
2024F,TECCB,US,1988,12089556
2024F,TECCB,US,1989,12569313
2024F,TECCB,US,1990,12682453
2024F,TECCB,US,1991,12870433
2024F,TECCB,US,1992,12886333
2024F,TECCB,US,1993,13191198
2024F,TECCB,US,1994,13517863
2024F,TECCB,US,1995,13992608
2024F,TECCB,US,1996,14379577
2024F,TECCB,US,1997,14874197
2024F,TECCB,US,1998,15234341
2024F,TECCB,US,1999,15652537
2024F,TECCB,US,2000,16514102
2024F,TECCB,US,2001,16554985
2024F,TECCB,US,2002,16630620
2024F,TECCB,US,2003,16612598
2024F,TECCB,US,2004,16932077
2024F,TECCB,US,2005,17101593
2024F,TECCB,US,2006,16889711
2024F,TECCB,US,2007,17488537
2024F,TECCB,US,2008,17562580
2024F,TECCB,US,2009,16990416
2024F,TECCB,US,2010,17146303
2024F,TECCB,US,2011,16875846
2024F,TECCB,US,2012,16370454
2024F,TECCB,US,2013,16836585
2024F,TECCB,US,2014,17123991
2024F,TECCB,US,2015,17035681
2024F,TECCB,US,2016,16771811
2024F,TECCB,US,2017,16473477
2024F,TECCB,US,2018,17011088
2024F,TECCB,US,2019,16577377
2024F,TECCB,US,2020,15289272
2024F,TECCB,US,2021,15867535
2024F,TECCB,US,2022,16543459
2024F,TECCB,US,2023,16246567
2024F,TECCB,US,2024,16448014
2024F,TECCB,UT,1960,27946
2024F,TECCB,UT,1961,30663
2024F,TECCB,UT,1962,34744
2024F,TECCB,UT,1963,35482
2024F,TECCB,UT,1964,38364
2024F,TECCB,UT,1965,39604
2024F,TECCB,UT,1966,33408
2024F,TECCB,UT,1967,36084
2024F,TECCB,UT,1968,38426
2024F,TECCB,UT,1969,42222
2024F,TECCB,UT,1970,41046
2024F,TECCB,UT,1971,45061
2024F,TECCB,UT,1972,45537
2024F,TECCB,UT,1973,50721
2024F,TECCB,UT,1974,52699
2024F,TECCB,UT,1975,50466
2024F,TECCB,UT,1976,62468
2024F,TECCB,UT,1977,59629
2024F,TECCB,UT,1978,59878
2024F,TECCB,UT,1979,53839
2024F,TECCB,UT,1980,52152
2024F,TECCB,UT,1981,38472
2024F,TECCB,UT,1982,61463
2024F,TECCB,UT,1983,54647
2024F,TECCB,UT,1984,63970
2024F,TECCB,UT,1985,66278
2024F,TECCB,UT,1986,62405
2024F,TECCB,UT,1987,74323
2024F,TECCB,UT,1988,80689
2024F,TECCB,UT,1989,80920
2024F,TECCB,UT,1990,82337
2024F,TECCB,UT,1991,89443
2024F,TECCB,UT,1992,87186
2024F,TECCB,UT,1993,92045
2024F,TECCB,UT,1994,100098
2024F,TECCB,UT,1995,102402
2024F,TECCB,UT,1996,108056
2024F,TECCB,UT,1997,115455
2024F,TECCB,UT,1998,116256
2024F,TECCB,UT,1999,123948
2024F,TECCB,UT,2000,132394
2024F,TECCB,UT,2001,138241
2024F,TECCB,UT,2002,146255
2024F,TECCB,UT,2003,136674
2024F,TECCB,UT,2004,142702
2024F,TECCB,UT,2005,145829
2024F,TECCB,UT,2006,143376
2024F,TECCB,UT,2007,144551
2024F,TECCB,UT,2008,146632
2024F,TECCB,UT,2009,146563
2024F,TECCB,UT,2010,150148
2024F,TECCB,UT,2011,153963
2024F,TECCB,UT,2012,151529
2024F,TECCB,UT,2013,161353
2024F,TECCB,UT,2014,154528
2024F,TECCB,UT,2015,158711
2024F,TECCB,UT,2016,157901
2024F,TECCB,UT,2017,160521
2024F,TECCB,UT,2018,164446
2024F,TECCB,UT,2019,168654
2024F,TECCB,UT,2020,160679
2024F,TECCB,UT,2021,167115
2024F,TECCB,UT,2022,176163
2024F,TECCB,UT,2023,182408
2024F,TECCB,UT,2024,183592
2024F,TECCB,VA,1960,75198
2024F,TECCB,VA,1961,78252
2024F,TECCB,VA,1962,83192
2024F,TECCB,VA,1963,89313
2024F,TECCB,VA,1964,93753
2024F,TECCB,VA,1965,100900
2024F,TECCB,VA,1966,114319
2024F,TECCB,VA,1967,123939
2024F,TECCB,VA,1968,137751
2024F,TECCB,VA,1969,149015
2024F,TECCB,VA,1970,164856
2024F,TECCB,VA,1971,178374
2024F,TECCB,VA,1972,189422
2024F,TECCB,VA,1973,210847
2024F,TECCB,VA,1974,207971
2024F,TECCB,VA,1975,200813
2024F,TECCB,VA,1976,218386
2024F,TECCB,VA,1977,228519
2024F,TECCB,VA,1978,238389
2024F,TECCB,VA,1979,233667
2024F,TECCB,VA,1980,240818
2024F,TECCB,VA,1981,245870
2024F,TECCB,VA,1982,252896
2024F,TECCB,VA,1983,267878
2024F,TECCB,VA,1984,280346
2024F,TECCB,VA,1985,288216
2024F,TECCB,VA,1986,310764
2024F,TECCB,VA,1987,333008
2024F,TECCB,VA,1988,346736
2024F,TECCB,VA,1989,372324
2024F,TECCB,VA,1990,393890
2024F,TECCB,VA,1991,405571
2024F,TECCB,VA,1992,420678
2024F,TECCB,VA,1993,446833
2024F,TECCB,VA,1994,445905
2024F,TECCB,VA,1995,470287
2024F,TECCB,VA,1996,484946
2024F,TECCB,VA,1997,483235
2024F,TECCB,VA,1998,501729
2024F,TECCB,VA,1999,519930
2024F,TECCB,VA,2000,551739
2024F,TECCB,VA,2001,543355
2024F,TECCB,VA,2002,553709
2024F,TECCB,VA,2003,560654
2024F,TECCB,VA,2004,585995
2024F,TECCB,VA,2005,606963
2024F,TECCB,VA,2006,595145
2024F,TECCB,VA,2007,621198
2024F,TECCB,VA,2008,617139
2024F,TECCB,VA,2009,603915
2024F,TECCB,VA,2010,617782
2024F,TECCB,VA,2011,587685
2024F,TECCB,VA,2012,572994
2024F,TECCB,VA,2013,595234
2024F,TECCB,VA,2014,599955
2024F,TECCB,VA,2015,600439
2024F,TECCB,VA,2016,597047
2024F,TECCB,VA,2017,594746
2024F,TECCB,VA,2018,615650
2024F,TECCB,VA,2019,613394
2024F,TECCB,VA,2020,592378
2024F,TECCB,VA,2021,644242
2024F,TECCB,VA,2022,736232
2024F,TECCB,VA,2023,772710
2024F,TECCB,VA,2024,808092
2024F,TECCB,VT,1960,8366
2024F,TECCB,VT,1961,8520
2024F,TECCB,VT,1962,9204
2024F,TECCB,VT,1963,9445
2024F,TECCB,VT,1964,8373
2024F,TECCB,VT,1965,10775
2024F,TECCB,VT,1966,11744
2024F,TECCB,VT,1967,11528
2024F,TECCB,VT,1968,12049
2024F,TECCB,VT,1969,13480
2024F,TECCB,VT,1970,15225
2024F,TECCB,VT,1971,15831
2024F,TECCB,VT,1972,17133
2024F,TECCB,VT,1973,17203
2024F,TECCB,VT,1974,15122
2024F,TECCB,VT,1975,15487
2024F,TECCB,VT,1976,18110
2024F,TECCB,VT,1977,17923
2024F,TECCB,VT,1978,17979
2024F,TECCB,VT,1979,16243
2024F,TECCB,VT,1980,16997
2024F,TECCB,VT,1981,15435
2024F,TECCB,VT,1982,15108
2024F,TECCB,VT,1983,14700
2024F,TECCB,VT,1984,15553
2024F,TECCB,VT,1985,17296
2024F,TECCB,VT,1986,17833
2024F,TECCB,VT,1987,23037
2024F,TECCB,VT,1988,24503
2024F,TECCB,VT,1989,25863
2024F,TECCB,VT,1990,21086
2024F,TECCB,VT,1991,22664
2024F,TECCB,VT,1992,23952
2024F,TECCB,VT,1993,22850
2024F,TECCB,VT,1994,23014
2024F,TECCB,VT,1995,21222
2024F,TECCB,VT,1996,22702
2024F,TECCB,VT,1997,23842
2024F,TECCB,VT,1998,24677
2024F,TECCB,VT,1999,22599
2024F,TECCB,VT,2000,26166
2024F,TECCB,VT,2001,27376
2024F,TECCB,VT,2002,28262
2024F,TECCB,VT,2003,28875
2024F,TECCB,VT,2004,29650
2024F,TECCB,VT,2005,28300
2024F,TECCB,VT,2006,27297
2024F,TECCB,VT,2007,28309
2024F,TECCB,VT,2008,26364
2024F,TECCB,VT,2009,27301
2024F,TECCB,VT,2010,26974
2024F,TECCB,VT,2011,27014
2024F,TECCB,VT,2012,21937
2024F,TECCB,VT,2013,24950
2024F,TECCB,VT,2014,25807
2024F,TECCB,VT,2015,25956
2024F,TECCB,VT,2016,24234
2024F,TECCB,VT,2017,22573
2024F,TECCB,VT,2018,25285
2024F,TECCB,VT,2019,24166
2024F,TECCB,VT,2020,22588
2024F,TECCB,VT,2021,23614
2024F,TECCB,VT,2022,23816
2024F,TECCB,VT,2023,22913
2024F,TECCB,VT,2024,23359
2024F,TECCB,WA,1960,59589
2024F,TECCB,WA,1961,60453
2024F,TECCB,WA,1962,63020
2024F,TECCB,WA,1963,65995
2024F,TECCB,WA,1964,73545
2024F,TECCB,WA,1965,74212
2024F,TECCB,WA,1966,81984
2024F,TECCB,WA,1967,85540
2024F,TECCB,WA,1968,93673
2024F,TECCB,WA,1969,101490
2024F,TECCB,WA,1970,108705
2024F,TECCB,WA,1971,116192
2024F,TECCB,WA,1972,144068
2024F,TECCB,WA,1973,159157
2024F,TECCB,WA,1974,154961
2024F,TECCB,WA,1975,155071
2024F,TECCB,WA,1976,163048
2024F,TECCB,WA,1977,167526
2024F,TECCB,WA,1978,173877
2024F,TECCB,WA,1979,187174
2024F,TECCB,WA,1980,195361
2024F,TECCB,WA,1981,232572
2024F,TECCB,WA,1982,245242
2024F,TECCB,WA,1983,242204
2024F,TECCB,WA,1984,246126
2024F,TECCB,WA,1985,269906
2024F,TECCB,WA,1986,243784
2024F,TECCB,WA,1987,255039
2024F,TECCB,WA,1988,277088
2024F,TECCB,WA,1989,276727
2024F,TECCB,WA,1990,160211
2024F,TECCB,WA,1991,161887
2024F,TECCB,WA,1992,179487
2024F,TECCB,WA,1993,203139
2024F,TECCB,WA,1994,197040
2024F,TECCB,WA,1995,180950
2024F,TECCB,WA,1996,184519
2024F,TECCB,WA,1997,181798
2024F,TECCB,WA,1998,199173
2024F,TECCB,WA,1999,200203
2024F,TECCB,WA,2000,229046
2024F,TECCB,WA,2001,269766
2024F,TECCB,WA,2002,215338
2024F,TECCB,WA,2003,222811
2024F,TECCB,WA,2004,227177
2024F,TECCB,WA,2005,223483
2024F,TECCB,WA,2006,219418
2024F,TECCB,WA,2007,222799
2024F,TECCB,WA,2008,235475
2024F,TECCB,WA,2009,232848
2024F,TECCB,WA,2010,234333
2024F,TECCB,WA,2011,206566
2024F,TECCB,WA,2012,209823
2024F,TECCB,WA,2013,228269
2024F,TECCB,WA,2014,226009
2024F,TECCB,WA,2015,228116
2024F,TECCB,WA,2016,227803
2024F,TECCB,WA,2017,235495
2024F,TECCB,WA,2018,237024
2024F,TECCB,WA,2019,248551
2024F,TECCB,WA,2020,219872
2024F,TECCB,WA,2021,227892
2024F,TECCB,WA,2022,238368
2024F,TECCB,WA,2023,258470
2024F,TECCB,WA,2024,267811
2024F,TECCB,WI,1960,85340
2024F,TECCB,WI,1961,90644
2024F,TECCB,WI,1962,95870
2024F,TECCB,WI,1963,93279
2024F,TECCB,WI,1964,93317
2024F,TECCB,WI,1965,102778
2024F,TECCB,WI,1966,113842
2024F,TECCB,WI,1967,119104
2024F,TECCB,WI,1968,126604
2024F,TECCB,WI,1969,146061
2024F,TECCB,WI,1970,148506
2024F,TECCB,WI,1971,147530
2024F,TECCB,WI,1972,143892
2024F,TECCB,WI,1973,164253
2024F,TECCB,WI,1974,174345
2024F,TECCB,WI,1975,177990
2024F,TECCB,WI,1976,177210
2024F,TECCB,WI,1977,185377
2024F,TECCB,WI,1978,203890
2024F,TECCB,WI,1979,209255
2024F,TECCB,WI,1980,198347
2024F,TECCB,WI,1981,186282
2024F,TECCB,WI,1982,188509
2024F,TECCB,WI,1983,201951
2024F,TECCB,WI,1984,235543
2024F,TECCB,WI,1985,222589
2024F,TECCB,WI,1986,197672
2024F,TECCB,WI,1987,200581
2024F,TECCB,WI,1988,219422
2024F,TECCB,WI,1989,230200
2024F,TECCB,WI,1990,237567
2024F,TECCB,WI,1991,247055
2024F,TECCB,WI,1992,244032
2024F,TECCB,WI,1993,255054
2024F,TECCB,WI,1994,260248
2024F,TECCB,WI,1995,274547
2024F,TECCB,WI,1996,290243
2024F,TECCB,WI,1997,288763
2024F,TECCB,WI,1998,288591
2024F,TECCB,WI,1999,309725
2024F,TECCB,WI,2000,320132
2024F,TECCB,WI,2001,318350
2024F,TECCB,WI,2002,335605
2024F,TECCB,WI,2003,335848
2024F,TECCB,WI,2004,324649
2024F,TECCB,WI,2005,375549
2024F,TECCB,WI,2006,354802
2024F,TECCB,WI,2007,368929
2024F,TECCB,WI,2008,379350
2024F,TECCB,WI,2009,352330
2024F,TECCB,WI,2010,346165
2024F,TECCB,WI,2011,347000
2024F,TECCB,WI,2012,333202
2024F,TECCB,WI,2013,363387
2024F,TECCB,WI,2014,369353
2024F,TECCB,WI,2015,353261
2024F,TECCB,WI,2016,349946
2024F,TECCB,WI,2017,353253
2024F,TECCB,WI,2018,365579
2024F,TECCB,WI,2019,350651
2024F,TECCB,WI,2020,323984
2024F,TECCB,WI,2021,345211
2024F,TECCB,WI,2022,362263
2024F,TECCB,WI,2023,347502
2024F,TECCB,WI,2024,339768
2024F,TECCB,WV,1960,31421
2024F,TECCB,WV,1961,32414
2024F,TECCB,WV,1962,35677
2024F,TECCB,WV,1963,36663
2024F,TECCB,WV,1964,34782
2024F,TECCB,WV,1965,36019
2024F,TECCB,WV,1966,39438
2024F,TECCB,WV,1967,44107
2024F,TECCB,WV,1968,48947
2024F,TECCB,WV,1969,51071
2024F,TECCB,WV,1970,48901
2024F,TECCB,WV,1971,53135
2024F,TECCB,WV,1972,59843
2024F,TECCB,WV,1973,61655
2024F,TECCB,WV,1974,63332
2024F,TECCB,WV,1975,61385
2024F,TECCB,WV,1976,59010
2024F,TECCB,WV,1977,62490
2024F,TECCB,WV,1978,66065
2024F,TECCB,WV,1979,69348
2024F,TECCB,WV,1980,67545
2024F,TECCB,WV,1981,75548
2024F,TECCB,WV,1982,72325
2024F,TECCB,WV,1983,73866
2024F,TECCB,WV,1984,73797
2024F,TECCB,WV,1985,72814
2024F,TECCB,WV,1986,73728
2024F,TECCB,WV,1987,74881
2024F,TECCB,WV,1988,83186
2024F,TECCB,WV,1989,87511
2024F,TECCB,WV,1990,82304
2024F,TECCB,WV,1991,83144
2024F,TECCB,WV,1992,85189
2024F,TECCB,WV,1993,87932
2024F,TECCB,WV,1994,88574
2024F,TECCB,WV,1995,92019
2024F,TECCB,WV,1996,94701
2024F,TECCB,WV,1997,93107
2024F,TECCB,WV,1998,95798
2024F,TECCB,WV,1999,101520
2024F,TECCB,WV,2000,105587
2024F,TECCB,WV,2001,104028
2024F,TECCB,WV,2002,102012
2024F,TECCB,WV,2003,103926
2024F,TECCB,WV,2004,104117
2024F,TECCB,WV,2005,107274
2024F,TECCB,WV,2006,104851
2024F,TECCB,WV,2007,108365
2024F,TECCB,WV,2008,109403
2024F,TECCB,WV,2009,110243
2024F,TECCB,WV,2010,112520
2024F,TECCB,WV,2011,110295
2024F,TECCB,WV,2012,108428
2024F,TECCB,WV,2013,110678
2024F,TECCB,WV,2014,111425
2024F,TECCB,WV,2015,111732
2024F,TECCB,WV,2016,110371
2024F,TECCB,WV,2017,105619
2024F,TECCB,WV,2018,112556
2024F,TECCB,WV,2019,109733
2024F,TECCB,WV,2020,99497
2024F,TECCB,WV,2021,102470
2024F,TECCB,WV,2022,106559
2024F,TECCB,WV,2023,103189
2024F,TECCB,WV,2024,107031
2024F,TECCB,WY,1960,8981
2024F,TECCB,WY,1961,11062
2024F,TECCB,WY,1962,11972
2024F,TECCB,WY,1963,12103
2024F,TECCB,WY,1964,13751
2024F,TECCB,WY,1965,15992
2024F,TECCB,WY,1966,18928
2024F,TECCB,WY,1967,21167
2024F,TECCB,WY,1968,22509
2024F,TECCB,WY,1969,24981
2024F,TECCB,WY,1970,24506
2024F,TECCB,WY,1971,25333
2024F,TECCB,WY,1972,29355
2024F,TECCB,WY,1973,25643
2024F,TECCB,WY,1974,26334
2024F,TECCB,WY,1975,21117
2024F,TECCB,WY,1976,21197
2024F,TECCB,WY,1977,23697
2024F,TECCB,WY,1978,24410
2024F,TECCB,WY,1979,26515
2024F,TECCB,WY,1980,23135
2024F,TECCB,WY,1981,23886
2024F,TECCB,WY,1982,33041
2024F,TECCB,WY,1983,31478
2024F,TECCB,WY,1984,35474
2024F,TECCB,WY,1985,38839
2024F,TECCB,WY,1986,37146
2024F,TECCB,WY,1987,36315
2024F,TECCB,WY,1988,37773
2024F,TECCB,WY,1989,37466
2024F,TECCB,WY,1990,39614
2024F,TECCB,WY,1991,41770
2024F,TECCB,WY,1992,40161
2024F,TECCB,WY,1993,44695
2024F,TECCB,WY,1994,43857
2024F,TECCB,WY,1995,42456
2024F,TECCB,WY,1996,47168
2024F,TECCB,WY,1997,43586
2024F,TECCB,WY,1998,44726
2024F,TECCB,WY,1999,44630
2024F,TECCB,WY,2000,48113
2024F,TECCB,WY,2001,50375
2024F,TECCB,WY,2002,50607
2024F,TECCB,WY,2003,51894
2024F,TECCB,WY,2004,52820
2024F,TECCB,WY,2005,54921
2024F,TECCB,WY,2006,58407
2024F,TECCB,WY,2007,60611
2024F,TECCB,WY,2008,62855
2024F,TECCB,WY,2009,60347
2024F,TECCB,WY,2010,60983
2024F,TECCB,WY,2011,63932
2024F,TECCB,WY,2012,61009
2024F,TECCB,WY,2013,60473
2024F,TECCB,WY,2014,59748
2024F,TECCB,WY,2015,60472
2024F,TECCB,WY,2016,58361
2024F,TECCB,WY,2017,57408
2024F,TECCB,WY,2018,56638
2024F,TECCB,WY,2019,54638
2024F,TECCB,WY,2020,50255
2024F,TECCB,WY,2021,49782
2024F,TECCB,WY,2022,53176
2024F,TECCB,WY,2023,67214
2024F,TECCB,WY,2024,68231
2024F,TEICB,AK,1960,16472
2024F,TEICB,AK,1961,21444
2024F,TEICB,AK,1962,24859
2024F,TEICB,AK,1963,25598
2024F,TEICB,AK,1964,25522
2024F,TEICB,AK,1965,22874
2024F,TEICB,AK,1966,33619
2024F,TEICB,AK,1967,35332
2024F,TEICB,AK,1968,36296
2024F,TEICB,AK,1969,51183
2024F,TEICB,AK,1970,50729
2024F,TEICB,AK,1971,53265
2024F,TEICB,AK,1972,63913
2024F,TEICB,AK,1973,62906
2024F,TEICB,AK,1974,59470
2024F,TEICB,AK,1975,82004
2024F,TEICB,AK,1976,90081
2024F,TEICB,AK,1977,117265
2024F,TEICB,AK,1978,140107
2024F,TEICB,AK,1979,138547
2024F,TEICB,AK,1980,136331
2024F,TEICB,AK,1981,104650
2024F,TEICB,AK,1982,218296
2024F,TEICB,AK,1983,229535
2024F,TEICB,AK,1984,230543
2024F,TEICB,AK,1985,214989
2024F,TEICB,AK,1986,211305
2024F,TEICB,AK,1987,233511
2024F,TEICB,AK,1988,275633
2024F,TEICB,AK,1989,302777
2024F,TEICB,AK,1990,306147
2024F,TEICB,AK,1991,339790
2024F,TEICB,AK,1992,365433
2024F,TEICB,AK,1993,355720
2024F,TEICB,AK,1994,349568
2024F,TEICB,AK,1995,412453
2024F,TEICB,AK,1996,428644
2024F,TEICB,AK,1997,402138
2024F,TEICB,AK,1998,412651
2024F,TEICB,AK,1999,393602
2024F,TEICB,AK,2000,400347
2024F,TEICB,AK,2001,408116
2024F,TEICB,AK,2002,409411
2024F,TEICB,AK,2003,400734
2024F,TEICB,AK,2004,387948
2024F,TEICB,AK,2005,416229
2024F,TEICB,AK,2006,352071
2024F,TEICB,AK,2007,354704
2024F,TEICB,AK,2008,315931
2024F,TEICB,AK,2009,332663
2024F,TEICB,AK,2010,324204
2024F,TEICB,AK,2011,328875
2024F,TEICB,AK,2012,336272
2024F,TEICB,AK,2013,331564
2024F,TEICB,AK,2014,327606
2024F,TEICB,AK,2015,328407
2024F,TEICB,AK,2016,327147
2024F,TEICB,AK,2017,331033
2024F,TEICB,AK,2018,331478
2024F,TEICB,AK,2019,333595
2024F,TEICB,AK,2020,362055
2024F,TEICB,AK,2021,386827
2024F,TEICB,AK,2022,429876
2024F,TEICB,AK,2023,437662
2024F,TEICB,AK,2024,449024
2024F,TEICB,AL,1960,494344
2024F,TEICB,AL,1961,458933
2024F,TEICB,AL,1962,481546
2024F,TEICB,AL,1963,489262
2024F,TEICB,AL,1964,541272
2024F,TEICB,AL,1965,594851
2024F,TEICB,AL,1966,622706
2024F,TEICB,AL,1967,659626
2024F,TEICB,AL,1968,698956
2024F,TEICB,AL,1969,750145
2024F,TEICB,AL,1970,769298
2024F,TEICB,AL,1971,738097
2024F,TEICB,AL,1972,792033
2024F,TEICB,AL,1973,796124
2024F,TEICB,AL,1974,789293
2024F,TEICB,AL,1975,770789
2024F,TEICB,AL,1976,778107
2024F,TEICB,AL,1977,814087
2024F,TEICB,AL,1978,809508
2024F,TEICB,AL,1979,889463
2024F,TEICB,AL,1980,870328
2024F,TEICB,AL,1981,832700
2024F,TEICB,AL,1982,731210
2024F,TEICB,AL,1983,684593
2024F,TEICB,AL,1984,768440
2024F,TEICB,AL,1985,746724
2024F,TEICB,AL,1986,705633
2024F,TEICB,AL,1987,747202
2024F,TEICB,AL,1988,801416
2024F,TEICB,AL,1989,783985
2024F,TEICB,AL,1990,762066
2024F,TEICB,AL,1991,772671
2024F,TEICB,AL,1992,833437
2024F,TEICB,AL,1993,869494
2024F,TEICB,AL,1994,929432
2024F,TEICB,AL,1995,971326
2024F,TEICB,AL,1996,975851
2024F,TEICB,AL,1997,934894
2024F,TEICB,AL,1998,940098
2024F,TEICB,AL,1999,972962
2024F,TEICB,AL,2000,978320
2024F,TEICB,AL,2001,833655
2024F,TEICB,AL,2002,841950
2024F,TEICB,AL,2003,855029
2024F,TEICB,AL,2004,922250
2024F,TEICB,AL,2005,912008
2024F,TEICB,AL,2006,920116
2024F,TEICB,AL,2007,908318
2024F,TEICB,AL,2008,865795
2024F,TEICB,AL,2009,693508
2024F,TEICB,AL,2010,761521
2024F,TEICB,AL,2011,791134
2024F,TEICB,AL,2012,824842
2024F,TEICB,AL,2013,831385
2024F,TEICB,AL,2014,846768
2024F,TEICB,AL,2015,810102
2024F,TEICB,AL,2016,803843
2024F,TEICB,AL,2017,813582
2024F,TEICB,AL,2018,829542
2024F,TEICB,AL,2019,804116
2024F,TEICB,AL,2020,757556
2024F,TEICB,AL,2021,809638
2024F,TEICB,AL,2022,778873
2024F,TEICB,AL,2023,765141
2024F,TEICB,AL,2024,773428
2024F,TEICB,AR,1960,199804
2024F,TEICB,AR,1961,195489
2024F,TEICB,AR,1962,211260
2024F,TEICB,AR,1963,225754
2024F,TEICB,AR,1964,249261
2024F,TEICB,AR,1965,248229
2024F,TEICB,AR,1966,250704
2024F,TEICB,AR,1967,269407
2024F,TEICB,AR,1968,277492
2024F,TEICB,AR,1969,299301
2024F,TEICB,AR,1970,310734
2024F,TEICB,AR,1971,307325
2024F,TEICB,AR,1972,317025
2024F,TEICB,AR,1973,364499
2024F,TEICB,AR,1974,349208
2024F,TEICB,AR,1975,304441
2024F,TEICB,AR,1976,345868
2024F,TEICB,AR,1977,368179
2024F,TEICB,AR,1978,360602
2024F,TEICB,AR,1979,383611
2024F,TEICB,AR,1980,369266
2024F,TEICB,AR,1981,368731
2024F,TEICB,AR,1982,329131
2024F,TEICB,AR,1983,323522
2024F,TEICB,AR,1984,322537
2024F,TEICB,AR,1985,324600
2024F,TEICB,AR,1986,297067
2024F,TEICB,AR,1987,258695
2024F,TEICB,AR,1988,320447
2024F,TEICB,AR,1989,367293
2024F,TEICB,AR,1990,341477
2024F,TEICB,AR,1991,321656
2024F,TEICB,AR,1992,363372
2024F,TEICB,AR,1993,387573
2024F,TEICB,AR,1994,409255
2024F,TEICB,AR,1995,439398
2024F,TEICB,AR,1996,444281
2024F,TEICB,AR,1997,458090
2024F,TEICB,AR,1998,458164
2024F,TEICB,AR,1999,457829
2024F,TEICB,AR,2000,469550
2024F,TEICB,AR,2001,440731
2024F,TEICB,AR,2002,447699
2024F,TEICB,AR,2003,437795
2024F,TEICB,AR,2004,426905
2024F,TEICB,AR,2005,423291
2024F,TEICB,AR,2006,437513
2024F,TEICB,AR,2007,433350
2024F,TEICB,AR,2008,411202
2024F,TEICB,AR,2009,357610
2024F,TEICB,AR,2010,403676
2024F,TEICB,AR,2011,416121
2024F,TEICB,AR,2012,401328
2024F,TEICB,AR,2013,407284
2024F,TEICB,AR,2014,408014
2024F,TEICB,AR,2015,371113
2024F,TEICB,AR,2016,375182
2024F,TEICB,AR,2017,392153
2024F,TEICB,AR,2018,406022
2024F,TEICB,AR,2019,393740
2024F,TEICB,AR,2020,368919
2024F,TEICB,AR,2021,381366
2024F,TEICB,AR,2022,384063
2024F,TEICB,AR,2023,387659
2024F,TEICB,AR,2024,392845
2024F,TEICB,AZ,1960,48052
2024F,TEICB,AZ,1961,78566
2024F,TEICB,AZ,1962,93789
2024F,TEICB,AZ,1963,101617
2024F,TEICB,AZ,1964,96179
2024F,TEICB,AZ,1965,114321
2024F,TEICB,AZ,1966,127237
2024F,TEICB,AZ,1967,114096
2024F,TEICB,AZ,1968,123599
2024F,TEICB,AZ,1969,137812
2024F,TEICB,AZ,1970,149358
2024F,TEICB,AZ,1971,152281
2024F,TEICB,AZ,1972,171901
2024F,TEICB,AZ,1973,183733
2024F,TEICB,AZ,1974,190410
2024F,TEICB,AZ,1975,169532
2024F,TEICB,AZ,1976,182147
2024F,TEICB,AZ,1977,201234
2024F,TEICB,AZ,1978,199646
2024F,TEICB,AZ,1979,223280
2024F,TEICB,AZ,1980,189053
2024F,TEICB,AZ,1981,223004
2024F,TEICB,AZ,1982,183088
2024F,TEICB,AZ,1983,181179
2024F,TEICB,AZ,1984,190041
2024F,TEICB,AZ,1985,187042
2024F,TEICB,AZ,1986,189451
2024F,TEICB,AZ,1987,163152
2024F,TEICB,AZ,1988,178672
2024F,TEICB,AZ,1989,186447
2024F,TEICB,AZ,1990,180254
2024F,TEICB,AZ,1991,184132
2024F,TEICB,AZ,1992,198463
2024F,TEICB,AZ,1993,191465
2024F,TEICB,AZ,1994,202644
2024F,TEICB,AZ,1995,220914
2024F,TEICB,AZ,1996,226325
2024F,TEICB,AZ,1997,228762
2024F,TEICB,AZ,1998,224771
2024F,TEICB,AZ,1999,225946
2024F,TEICB,AZ,2000,217561
2024F,TEICB,AZ,2001,206781
2024F,TEICB,AZ,2002,197776
2024F,TEICB,AZ,2003,192187
2024F,TEICB,AZ,2004,218525
2024F,TEICB,AZ,2005,214966
2024F,TEICB,AZ,2006,220537
2024F,TEICB,AZ,2007,216154
2024F,TEICB,AZ,2008,227388
2024F,TEICB,AZ,2009,192665
2024F,TEICB,AZ,2010,203288
2024F,TEICB,AZ,2011,217278
2024F,TEICB,AZ,2012,213701
2024F,TEICB,AZ,2013,207323
2024F,TEICB,AZ,2014,228055
2024F,TEICB,AZ,2015,226778
2024F,TEICB,AZ,2016,230320
2024F,TEICB,AZ,2017,221978
2024F,TEICB,AZ,2018,219663
2024F,TEICB,AZ,2019,218065
2024F,TEICB,AZ,2020,215238
2024F,TEICB,AZ,2021,214361
2024F,TEICB,AZ,2022,220193
2024F,TEICB,AZ,2023,215674
2024F,TEICB,AZ,2024,208196
2024F,TEICB,CA,1960,1162133
2024F,TEICB,CA,1961,1179001
2024F,TEICB,CA,1962,1185762
2024F,TEICB,CA,1963,1296408
2024F,TEICB,CA,1964,1419002
2024F,TEICB,CA,1965,1433964
2024F,TEICB,CA,1966,1515730
2024F,TEICB,CA,1967,1561036
2024F,TEICB,CA,1968,1649754
2024F,TEICB,CA,1969,1718699
2024F,TEICB,CA,1970,1794982
2024F,TEICB,CA,1971,1783805
2024F,TEICB,CA,1972,1836866
2024F,TEICB,CA,1973,1939286
2024F,TEICB,CA,1974,1869200
2024F,TEICB,CA,1975,1828629
2024F,TEICB,CA,1976,1885080
2024F,TEICB,CA,1977,1962977
2024F,TEICB,CA,1978,1846653
2024F,TEICB,CA,1979,1979052
2024F,TEICB,CA,1980,1816026
2024F,TEICB,CA,1981,1617798
2024F,TEICB,CA,1982,1476158
2024F,TEICB,CA,1983,1552909
2024F,TEICB,CA,1984,1808977
2024F,TEICB,CA,1985,1806103
2024F,TEICB,CA,1986,1715515
2024F,TEICB,CA,1987,1875575
2024F,TEICB,CA,1988,1818142
2024F,TEICB,CA,1989,1864330
2024F,TEICB,CA,1990,1841844
2024F,TEICB,CA,1991,1884571
2024F,TEICB,CA,1992,1903670
2024F,TEICB,CA,1993,1802686
2024F,TEICB,CA,1994,1854882
2024F,TEICB,CA,1995,1772262
2024F,TEICB,CA,1996,1806339
2024F,TEICB,CA,1997,1942112
2024F,TEICB,CA,1998,1960839
2024F,TEICB,CA,1999,1984425
2024F,TEICB,CA,2000,1991971
2024F,TEICB,CA,2001,2011063
2024F,TEICB,CA,2002,1877339
2024F,TEICB,CA,2003,1847872
2024F,TEICB,CA,2004,1923879
2024F,TEICB,CA,2005,1856848
2024F,TEICB,CA,2006,1819106
2024F,TEICB,CA,2007,1830417
2024F,TEICB,CA,2008,1784350
2024F,TEICB,CA,2009,1649909
2024F,TEICB,CA,2010,1668055
2024F,TEICB,CA,2011,1694150
2024F,TEICB,CA,2012,1677209
2024F,TEICB,CA,2013,1802717
2024F,TEICB,CA,2014,1780682
2024F,TEICB,CA,2015,1771261
2024F,TEICB,CA,2016,1748974
2024F,TEICB,CA,2017,1708736
2024F,TEICB,CA,2018,1739402
2024F,TEICB,CA,2019,1690656
2024F,TEICB,CA,2020,1605574
2024F,TEICB,CA,2021,1597119
2024F,TEICB,CA,2022,1540017
2024F,TEICB,CA,2023,1458574
2024F,TEICB,CA,2024,1412933
2024F,TEICB,CO,1960,169448
2024F,TEICB,CO,1961,187555
2024F,TEICB,CO,1962,178910
2024F,TEICB,CO,1963,178520
2024F,TEICB,CO,1964,182866
2024F,TEICB,CO,1965,183415
2024F,TEICB,CO,1966,174301
2024F,TEICB,CO,1967,190040
2024F,TEICB,CO,1968,212762
2024F,TEICB,CO,1969,212335
2024F,TEICB,CO,1970,215738
2024F,TEICB,CO,1971,203634
2024F,TEICB,CO,1972,228725
2024F,TEICB,CO,1973,241627
2024F,TEICB,CO,1974,235516
2024F,TEICB,CO,1975,228804
2024F,TEICB,CO,1976,243740
2024F,TEICB,CO,1977,255596
2024F,TEICB,CO,1978,246888
2024F,TEICB,CO,1979,251137
2024F,TEICB,CO,1980,245427
2024F,TEICB,CO,1981,213463
2024F,TEICB,CO,1982,175343
2024F,TEICB,CO,1983,160643
2024F,TEICB,CO,1984,178600
2024F,TEICB,CO,1985,166932
2024F,TEICB,CO,1986,176320
2024F,TEICB,CO,1987,174935
2024F,TEICB,CO,1988,192741
2024F,TEICB,CO,1989,200267
2024F,TEICB,CO,1990,210426
2024F,TEICB,CO,1991,230139
2024F,TEICB,CO,1992,234307
2024F,TEICB,CO,1993,250475
2024F,TEICB,CO,1994,275044
2024F,TEICB,CO,1995,271839
2024F,TEICB,CO,1996,285307
2024F,TEICB,CO,1997,279255
2024F,TEICB,CO,1998,306997
2024F,TEICB,CO,1999,279991
2024F,TEICB,CO,2000,309713
2024F,TEICB,CO,2001,375954
2024F,TEICB,CO,2002,353569
2024F,TEICB,CO,2003,368878
2024F,TEICB,CO,2004,373885
2024F,TEICB,CO,2005,383745
2024F,TEICB,CO,2006,391499
2024F,TEICB,CO,2007,399973
2024F,TEICB,CO,2008,402894
2024F,TEICB,CO,2009,404982
2024F,TEICB,CO,2010,445764
2024F,TEICB,CO,2011,407447
2024F,TEICB,CO,2012,407782
2024F,TEICB,CO,2013,400412
2024F,TEICB,CO,2014,415227
2024F,TEICB,CO,2015,424330
2024F,TEICB,CO,2016,380499
2024F,TEICB,CO,2017,386822
2024F,TEICB,CO,2018,402951
2024F,TEICB,CO,2019,402893
2024F,TEICB,CO,2020,388990
2024F,TEICB,CO,2021,372966
2024F,TEICB,CO,2022,373203
2024F,TEICB,CO,2023,357706
2024F,TEICB,CO,2024,349553
2024F,TEICB,CT,1960,165765
2024F,TEICB,CT,1961,164233
2024F,TEICB,CT,1962,175097
2024F,TEICB,CT,1963,176083
2024F,TEICB,CT,1964,197097
2024F,TEICB,CT,1965,189344
2024F,TEICB,CT,1966,216806
2024F,TEICB,CT,1967,214873
2024F,TEICB,CT,1968,207697
2024F,TEICB,CT,1969,204362
2024F,TEICB,CT,1970,198998
2024F,TEICB,CT,1971,176909
2024F,TEICB,CT,1972,181818
2024F,TEICB,CT,1973,196389
2024F,TEICB,CT,1974,177791
2024F,TEICB,CT,1975,164813
2024F,TEICB,CT,1976,190780
2024F,TEICB,CT,1977,193920
2024F,TEICB,CT,1978,203179
2024F,TEICB,CT,1979,174212
2024F,TEICB,CT,1980,175853
2024F,TEICB,CT,1981,144191
2024F,TEICB,CT,1982,142775
2024F,TEICB,CT,1983,134916
2024F,TEICB,CT,1984,143543
2024F,TEICB,CT,1985,145773
2024F,TEICB,CT,1986,139839
2024F,TEICB,CT,1987,145808
2024F,TEICB,CT,1988,145230
2024F,TEICB,CT,1989,132726
2024F,TEICB,CT,1990,131686
2024F,TEICB,CT,1991,135243
2024F,TEICB,CT,1992,136969
2024F,TEICB,CT,1993,134150
2024F,TEICB,CT,1994,131578
2024F,TEICB,CT,1995,131729
2024F,TEICB,CT,1996,131859
2024F,TEICB,CT,1997,127857
2024F,TEICB,CT,1998,120249
2024F,TEICB,CT,1999,121223
2024F,TEICB,CT,2000,124047
2024F,TEICB,CT,2001,113548
2024F,TEICB,CT,2002,107056
2024F,TEICB,CT,2003,121018
2024F,TEICB,CT,2004,115780
2024F,TEICB,CT,2005,117828
2024F,TEICB,CT,2006,110811
2024F,TEICB,CT,2007,106839
2024F,TEICB,CT,2008,80441
2024F,TEICB,CT,2009,86763
2024F,TEICB,CT,2010,88493
2024F,TEICB,CT,2011,85782
2024F,TEICB,CT,2012,83289
2024F,TEICB,CT,2013,88021
2024F,TEICB,CT,2014,85745
2024F,TEICB,CT,2015,78347
2024F,TEICB,CT,2016,78890
2024F,TEICB,CT,2017,78089
2024F,TEICB,CT,2018,76697
2024F,TEICB,CT,2019,74359
2024F,TEICB,CT,2020,70944
2024F,TEICB,CT,2021,65067
2024F,TEICB,CT,2022,70264
2024F,TEICB,CT,2023,66772
2024F,TEICB,CT,2024,67006
2024F,TEICB,DC,1960,32543
2024F,TEICB,DC,1961,31834
2024F,TEICB,DC,1962,30901
2024F,TEICB,DC,1963,29099
2024F,TEICB,DC,1964,31880
2024F,TEICB,DC,1965,41352
2024F,TEICB,DC,1966,48958
2024F,TEICB,DC,1967,51180
2024F,TEICB,DC,1968,47599
2024F,TEICB,DC,1969,56845
2024F,TEICB,DC,1970,60935
2024F,TEICB,DC,1971,57942
2024F,TEICB,DC,1972,52445
2024F,TEICB,DC,1973,51670
2024F,TEICB,DC,1974,40833
2024F,TEICB,DC,1975,39639
2024F,TEICB,DC,1976,39492
2024F,TEICB,DC,1977,43012
2024F,TEICB,DC,1978,40399
2024F,TEICB,DC,1979,41241
2024F,TEICB,DC,1980,39907
2024F,TEICB,DC,1981,39186
2024F,TEICB,DC,1982,36937
2024F,TEICB,DC,1983,37221
2024F,TEICB,DC,1984,25453
2024F,TEICB,DC,1985,27012
2024F,TEICB,DC,1986,27612
2024F,TEICB,DC,1987,28447
2024F,TEICB,DC,1988,29674
2024F,TEICB,DC,1989,31497
2024F,TEICB,DC,1990,35800
2024F,TEICB,DC,1991,36235
2024F,TEICB,DC,1992,35867
2024F,TEICB,DC,1993,36129
2024F,TEICB,DC,1994,3830
2024F,TEICB,DC,1995,3655
2024F,TEICB,DC,1996,3335
2024F,TEICB,DC,1997,3608
2024F,TEICB,DC,1998,3532
2024F,TEICB,DC,1999,4022
2024F,TEICB,DC,2000,3823
2024F,TEICB,DC,2001,4362
2024F,TEICB,DC,2002,4357
2024F,TEICB,DC,2003,4633
2024F,TEICB,DC,2004,4386
2024F,TEICB,DC,2005,3913
2024F,TEICB,DC,2006,3722
2024F,TEICB,DC,2007,4061
2024F,TEICB,DC,2008,3510
2024F,TEICB,DC,2009,7020
2024F,TEICB,DC,2010,7178
2024F,TEICB,DC,2011,6672
2024F,TEICB,DC,2012,6867
2024F,TEICB,DC,2013,7005
2024F,TEICB,DC,2014,7089
2024F,TEICB,DC,2015,6805
2024F,TEICB,DC,2016,5669
2024F,TEICB,DC,2017,5499
2024F,TEICB,DC,2018,5401
2024F,TEICB,DC,2019,4762
2024F,TEICB,DC,2020,4652
2024F,TEICB,DC,2021,5756
2024F,TEICB,DC,2022,5222
2024F,TEICB,DC,2023,4287
2024F,TEICB,DC,2024,4659
2024F,TEICB,DE,1960,65131
2024F,TEICB,DE,1961,61220
2024F,TEICB,DE,1962,71124
2024F,TEICB,DE,1963,76466
2024F,TEICB,DE,1964,77471
2024F,TEICB,DE,1965,83794
2024F,TEICB,DE,1966,87933
2024F,TEICB,DE,1967,83518
2024F,TEICB,DE,1968,92095
2024F,TEICB,DE,1969,99211
2024F,TEICB,DE,1970,98322
2024F,TEICB,DE,1971,98154
2024F,TEICB,DE,1972,102423
2024F,TEICB,DE,1973,110557
2024F,TEICB,DE,1974,100428
2024F,TEICB,DE,1975,89198
2024F,TEICB,DE,1976,92582
2024F,TEICB,DE,1977,90723
2024F,TEICB,DE,1978,93702
2024F,TEICB,DE,1979,102740
2024F,TEICB,DE,1980,92084
2024F,TEICB,DE,1981,70269
2024F,TEICB,DE,1982,67894
2024F,TEICB,DE,1983,77675
2024F,TEICB,DE,1984,87798
2024F,TEICB,DE,1985,83874
2024F,TEICB,DE,1986,83247
2024F,TEICB,DE,1987,82011
2024F,TEICB,DE,1988,84399
2024F,TEICB,DE,1989,86963
2024F,TEICB,DE,1990,101586
2024F,TEICB,DE,1991,90320
2024F,TEICB,DE,1992,102694
2024F,TEICB,DE,1993,104657
2024F,TEICB,DE,1994,105360
2024F,TEICB,DE,1995,106471
2024F,TEICB,DE,1996,104228
2024F,TEICB,DE,1997,104895
2024F,TEICB,DE,1998,104141
2024F,TEICB,DE,1999,108518
2024F,TEICB,DE,2000,112374
2024F,TEICB,DE,2001,112545
2024F,TEICB,DE,2002,112537
2024F,TEICB,DE,2003,108858
2024F,TEICB,DE,2004,94668
2024F,TEICB,DE,2005,97363
2024F,TEICB,DE,2006,91627
2024F,TEICB,DE,2007,90066
2024F,TEICB,DE,2008,89393
2024F,TEICB,DE,2009,58010
2024F,TEICB,DE,2010,49804
2024F,TEICB,DE,2011,84121
2024F,TEICB,DE,2012,91501
2024F,TEICB,DE,2013,89847
2024F,TEICB,DE,2014,86575
2024F,TEICB,DE,2015,88249
2024F,TEICB,DE,2016,87601
2024F,TEICB,DE,2017,83081
2024F,TEICB,DE,2018,84286
2024F,TEICB,DE,2019,84118
2024F,TEICB,DE,2020,83706
2024F,TEICB,DE,2021,84233
2024F,TEICB,DE,2022,80589
2024F,TEICB,DE,2023,78916
2024F,TEICB,DE,2024,69165
2024F,TEICB,FL,1960,219500
2024F,TEICB,FL,1961,232734
2024F,TEICB,FL,1962,255247
2024F,TEICB,FL,1963,265312
2024F,TEICB,FL,1964,276849
2024F,TEICB,FL,1965,300196
2024F,TEICB,FL,1966,318849
2024F,TEICB,FL,1967,306325
2024F,TEICB,FL,1968,325869
2024F,TEICB,FL,1969,331871
2024F,TEICB,FL,1970,355222
2024F,TEICB,FL,1971,369912
2024F,TEICB,FL,1972,380780
2024F,TEICB,FL,1973,419844
2024F,TEICB,FL,1974,385965
2024F,TEICB,FL,1975,384700
2024F,TEICB,FL,1976,434531
2024F,TEICB,FL,1977,481749
2024F,TEICB,FL,1978,499233
2024F,TEICB,FL,1979,542619
2024F,TEICB,FL,1980,551256
2024F,TEICB,FL,1981,484948
2024F,TEICB,FL,1982,413035
2024F,TEICB,FL,1983,421458
2024F,TEICB,FL,1984,454806
2024F,TEICB,FL,1985,457997
2024F,TEICB,FL,1986,436392
2024F,TEICB,FL,1987,434358
2024F,TEICB,FL,1988,475275
2024F,TEICB,FL,1989,531683
2024F,TEICB,FL,1990,530983
2024F,TEICB,FL,1991,523561
2024F,TEICB,FL,1992,547714
2024F,TEICB,FL,1993,576945
2024F,TEICB,FL,1994,581780
2024F,TEICB,FL,1995,597099
2024F,TEICB,FL,1996,613047
2024F,TEICB,FL,1997,584562
2024F,TEICB,FL,1998,575060
2024F,TEICB,FL,1999,580631
2024F,TEICB,FL,2000,559085
2024F,TEICB,FL,2001,558883
2024F,TEICB,FL,2002,530065
2024F,TEICB,FL,2003,543458
2024F,TEICB,FL,2004,528991
2024F,TEICB,FL,2005,534392
2024F,TEICB,FL,2006,550653
2024F,TEICB,FL,2007,524362
2024F,TEICB,FL,2008,516826
2024F,TEICB,FL,2009,465514
2024F,TEICB,FL,2010,501548
2024F,TEICB,FL,2011,477558
2024F,TEICB,FL,2012,473331
2024F,TEICB,FL,2013,478866
2024F,TEICB,FL,2014,466359
2024F,TEICB,FL,2015,491510
2024F,TEICB,FL,2016,492226
2024F,TEICB,FL,2017,490198
2024F,TEICB,FL,2018,482134
2024F,TEICB,FL,2019,479531
2024F,TEICB,FL,2020,459142
2024F,TEICB,FL,2021,487328
2024F,TEICB,FL,2022,479896
2024F,TEICB,FL,2023,446820
2024F,TEICB,FL,2024,440631
2024F,TEICB,GA,1960,254662
2024F,TEICB,GA,1961,258733
2024F,TEICB,GA,1962,284934
2024F,TEICB,GA,1963,298329
2024F,TEICB,GA,1964,325615
2024F,TEICB,GA,1965,366608
2024F,TEICB,GA,1966,397515
2024F,TEICB,GA,1967,410930
2024F,TEICB,GA,1968,430968
2024F,TEICB,GA,1969,445468
2024F,TEICB,GA,1970,449452
2024F,TEICB,GA,1971,466507
2024F,TEICB,GA,1972,506439
2024F,TEICB,GA,1973,549004
2024F,TEICB,GA,1974,523601
2024F,TEICB,GA,1975,480246
2024F,TEICB,GA,1976,501576
2024F,TEICB,GA,1977,510883
2024F,TEICB,GA,1978,550453
2024F,TEICB,GA,1979,600556
2024F,TEICB,GA,1980,578554
2024F,TEICB,GA,1981,561728
2024F,TEICB,GA,1982,535156
2024F,TEICB,GA,1983,565908
2024F,TEICB,GA,1984,618259
2024F,TEICB,GA,1985,661518
2024F,TEICB,GA,1986,619448
2024F,TEICB,GA,1987,644045
2024F,TEICB,GA,1988,672705
2024F,TEICB,GA,1989,738693
2024F,TEICB,GA,1990,777837
2024F,TEICB,GA,1991,768314
2024F,TEICB,GA,1992,781180
2024F,TEICB,GA,1993,792789
2024F,TEICB,GA,1994,815804
2024F,TEICB,GA,1995,872909
2024F,TEICB,GA,1996,908368
2024F,TEICB,GA,1997,923243
2024F,TEICB,GA,1998,892471
2024F,TEICB,GA,1999,900749
2024F,TEICB,GA,2000,905977
2024F,TEICB,GA,2001,838864
2024F,TEICB,GA,2002,925110
2024F,TEICB,GA,2003,874674
2024F,TEICB,GA,2004,911019
2024F,TEICB,GA,2005,878525
2024F,TEICB,GA,2006,875696
2024F,TEICB,GA,2007,848797
2024F,TEICB,GA,2008,772243
2024F,TEICB,GA,2009,700748
2024F,TEICB,GA,2010,751983
2024F,TEICB,GA,2011,745735
2024F,TEICB,GA,2012,718567
2024F,TEICB,GA,2013,743231
2024F,TEICB,GA,2014,772577
2024F,TEICB,GA,2015,770984
2024F,TEICB,GA,2016,762360
2024F,TEICB,GA,2017,748866
2024F,TEICB,GA,2018,757367
2024F,TEICB,GA,2019,753209
2024F,TEICB,GA,2020,700049
2024F,TEICB,GA,2021,734148
2024F,TEICB,GA,2022,745185
2024F,TEICB,GA,2023,719969
2024F,TEICB,GA,2024,722660
2024F,TEICB,HI,1960,20545
2024F,TEICB,HI,1961,26737
2024F,TEICB,HI,1962,28634
2024F,TEICB,HI,1963,29784
2024F,TEICB,HI,1964,31648
2024F,TEICB,HI,1965,34030
2024F,TEICB,HI,1966,35097
2024F,TEICB,HI,1967,38008
2024F,TEICB,HI,1968,38353
2024F,TEICB,HI,1969,40347
2024F,TEICB,HI,1970,42943
2024F,TEICB,HI,1971,43014
2024F,TEICB,HI,1972,48651
2024F,TEICB,HI,1973,49316
2024F,TEICB,HI,1974,49231
2024F,TEICB,HI,1975,49786
2024F,TEICB,HI,1976,51127
2024F,TEICB,HI,1977,52776
2024F,TEICB,HI,1978,52539
2024F,TEICB,HI,1979,58541
2024F,TEICB,HI,1980,74008
2024F,TEICB,HI,1981,73065
2024F,TEICB,HI,1982,78892
2024F,TEICB,HI,1983,65467
2024F,TEICB,HI,1984,64411
2024F,TEICB,HI,1985,66751
2024F,TEICB,HI,1986,76304
2024F,TEICB,HI,1987,79034
2024F,TEICB,HI,1988,88225
2024F,TEICB,HI,1989,93342
2024F,TEICB,HI,1990,98380
2024F,TEICB,HI,1991,88496
2024F,TEICB,HI,1992,93169
2024F,TEICB,HI,1993,91383
2024F,TEICB,HI,1994,92326
2024F,TEICB,HI,1995,91605
2024F,TEICB,HI,1996,94125
2024F,TEICB,HI,1997,87341
2024F,TEICB,HI,1998,79291
2024F,TEICB,HI,1999,76809
2024F,TEICB,HI,2000,76669
2024F,TEICB,HI,2001,68421
2024F,TEICB,HI,2002,70038
2024F,TEICB,HI,2003,67947
2024F,TEICB,HI,2004,67987
2024F,TEICB,HI,2005,71433
2024F,TEICB,HI,2006,70418
2024F,TEICB,HI,2007,67558
2024F,TEICB,HI,2008,64365
2024F,TEICB,HI,2009,67714
2024F,TEICB,HI,2010,66734
2024F,TEICB,HI,2011,65883
2024F,TEICB,HI,2012,63189
2024F,TEICB,HI,2013,63262
2024F,TEICB,HI,2014,62131
2024F,TEICB,HI,2015,61757
2024F,TEICB,HI,2016,60563
2024F,TEICB,HI,2017,57984
2024F,TEICB,HI,2018,54099
2024F,TEICB,HI,2019,54115
2024F,TEICB,HI,2020,44792
2024F,TEICB,HI,2021,46807
2024F,TEICB,HI,2022,47950
2024F,TEICB,HI,2023,46936
2024F,TEICB,HI,2024,46239
2024F,TEICB,IA,1960,216998
2024F,TEICB,IA,1961,214730
2024F,TEICB,IA,1962,218468
2024F,TEICB,IA,1963,230750
2024F,TEICB,IA,1964,248360
2024F,TEICB,IA,1965,259028
2024F,TEICB,IA,1966,250620
2024F,TEICB,IA,1967,272595
2024F,TEICB,IA,1968,279969
2024F,TEICB,IA,1969,290082
2024F,TEICB,IA,1970,302033
2024F,TEICB,IA,1971,292083
2024F,TEICB,IA,1972,305230
2024F,TEICB,IA,1973,343914
2024F,TEICB,IA,1974,337557
2024F,TEICB,IA,1975,313264
2024F,TEICB,IA,1976,342387
2024F,TEICB,IA,1977,340276
2024F,TEICB,IA,1978,323397
2024F,TEICB,IA,1979,367906
2024F,TEICB,IA,1980,369311
2024F,TEICB,IA,1981,370763
2024F,TEICB,IA,1982,342753
2024F,TEICB,IA,1983,328993
2024F,TEICB,IA,1984,340028
2024F,TEICB,IA,1985,329465
2024F,TEICB,IA,1986,352437
2024F,TEICB,IA,1987,365176
2024F,TEICB,IA,1988,396828
2024F,TEICB,IA,1989,356229
2024F,TEICB,IA,1990,368845
2024F,TEICB,IA,1991,386022
2024F,TEICB,IA,1992,400716
2024F,TEICB,IA,1993,428391
2024F,TEICB,IA,1994,451055
2024F,TEICB,IA,1995,463958
2024F,TEICB,IA,1996,473741
2024F,TEICB,IA,1997,470007
2024F,TEICB,IA,1998,486508
2024F,TEICB,IA,1999,511722
2024F,TEICB,IA,2000,507440
2024F,TEICB,IA,2001,479109
2024F,TEICB,IA,2002,483039
2024F,TEICB,IA,2003,470651
2024F,TEICB,IA,2004,524679
2024F,TEICB,IA,2005,544319
2024F,TEICB,IA,2006,561897
2024F,TEICB,IA,2007,612170
2024F,TEICB,IA,2008,659262
2024F,TEICB,IA,2009,675535
2024F,TEICB,IA,2010,715296
2024F,TEICB,IA,2011,718469
2024F,TEICB,IA,2012,689598
2024F,TEICB,IA,2013,718023
2024F,TEICB,IA,2014,723638
2024F,TEICB,IA,2015,733345
2024F,TEICB,IA,2016,743121
2024F,TEICB,IA,2017,803409
2024F,TEICB,IA,2018,831545
2024F,TEICB,IA,2019,823641
2024F,TEICB,IA,2020,749601
2024F,TEICB,IA,2021,764671
2024F,TEICB,IA,2022,776181
2024F,TEICB,IA,2023,794931
2024F,TEICB,IA,2024,802678
2024F,TEICB,ID,1960,81491
2024F,TEICB,ID,1961,89529
2024F,TEICB,ID,1962,92231
2024F,TEICB,ID,1963,94607
2024F,TEICB,ID,1964,105728
2024F,TEICB,ID,1965,109911
2024F,TEICB,ID,1966,111550
2024F,TEICB,ID,1967,124032
2024F,TEICB,ID,1968,138133
2024F,TEICB,ID,1969,133935
2024F,TEICB,ID,1970,138621
2024F,TEICB,ID,1971,140118
2024F,TEICB,ID,1972,149595
2024F,TEICB,ID,1973,148747
2024F,TEICB,ID,1974,152921
2024F,TEICB,ID,1975,140676
2024F,TEICB,ID,1976,137933
2024F,TEICB,ID,1977,132727
2024F,TEICB,ID,1978,139652
2024F,TEICB,ID,1979,136672
2024F,TEICB,ID,1980,128003
2024F,TEICB,ID,1981,141101
2024F,TEICB,ID,1982,126636
2024F,TEICB,ID,1983,127731
2024F,TEICB,ID,1984,121596
2024F,TEICB,ID,1985,122446
2024F,TEICB,ID,1986,118905
2024F,TEICB,ID,1987,126330
2024F,TEICB,ID,1988,134330
2024F,TEICB,ID,1989,153746
2024F,TEICB,ID,1990,136570
2024F,TEICB,ID,1991,141108
2024F,TEICB,ID,1992,149698
2024F,TEICB,ID,1993,141794
2024F,TEICB,ID,1994,152823
2024F,TEICB,ID,1995,153694
2024F,TEICB,ID,1996,162804
2024F,TEICB,ID,1997,158611
2024F,TEICB,ID,1998,168119
2024F,TEICB,ID,1999,169729
2024F,TEICB,ID,2000,177016
2024F,TEICB,ID,2001,163072
2024F,TEICB,ID,2002,147158
2024F,TEICB,ID,2003,148427
2024F,TEICB,ID,2004,166107
2024F,TEICB,ID,2005,165242
2024F,TEICB,ID,2006,155931
2024F,TEICB,ID,2007,164091
2024F,TEICB,ID,2008,162300
2024F,TEICB,ID,2009,140589
2024F,TEICB,ID,2010,155774
2024F,TEICB,ID,2011,140810
2024F,TEICB,ID,2012,146383
2024F,TEICB,ID,2013,149254
2024F,TEICB,ID,2014,147646
2024F,TEICB,ID,2015,147313
2024F,TEICB,ID,2016,140349
2024F,TEICB,ID,2017,137274
2024F,TEICB,ID,2018,138823
2024F,TEICB,ID,2019,137865
2024F,TEICB,ID,2020,139099
2024F,TEICB,ID,2021,144804
2024F,TEICB,ID,2022,148859
2024F,TEICB,ID,2023,144906
2024F,TEICB,ID,2024,139812
2024F,TEICB,IL,1960,1096636
2024F,TEICB,IL,1961,1096729
2024F,TEICB,IL,1962,1120348
2024F,TEICB,IL,1963,1144869
2024F,TEICB,IL,1964,1214651
2024F,TEICB,IL,1965,1281844
2024F,TEICB,IL,1966,1320572
2024F,TEICB,IL,1967,1340781
2024F,TEICB,IL,1968,1388353
2024F,TEICB,IL,1969,1442025
2024F,TEICB,IL,1970,1447530
2024F,TEICB,IL,1971,1403919
2024F,TEICB,IL,1972,1466887
2024F,TEICB,IL,1973,1541334
2024F,TEICB,IL,1974,1503332
2024F,TEICB,IL,1975,1386381
2024F,TEICB,IL,1976,1421280
2024F,TEICB,IL,1977,1442484
2024F,TEICB,IL,1978,1453836
2024F,TEICB,IL,1979,1468544
2024F,TEICB,IL,1980,1372229
2024F,TEICB,IL,1981,1218504
2024F,TEICB,IL,1982,1077979
2024F,TEICB,IL,1983,1122412
2024F,TEICB,IL,1984,1177333
2024F,TEICB,IL,1985,1172718
2024F,TEICB,IL,1986,1199695
2024F,TEICB,IL,1987,1261288
2024F,TEICB,IL,1988,1313985
2024F,TEICB,IL,1989,1181212
2024F,TEICB,IL,1990,1238875
2024F,TEICB,IL,1991,1255597
2024F,TEICB,IL,1992,1275674
2024F,TEICB,IL,1993,1274300
2024F,TEICB,IL,1994,1319315
2024F,TEICB,IL,1995,1330969
2024F,TEICB,IL,1996,1339927
2024F,TEICB,IL,1997,1349486
2024F,TEICB,IL,1998,1322058
2024F,TEICB,IL,1999,1318789
2024F,TEICB,IL,2000,1249767
2024F,TEICB,IL,2001,1190200
2024F,TEICB,IL,2002,1176102
2024F,TEICB,IL,2003,1201877
2024F,TEICB,IL,2004,1253104
2024F,TEICB,IL,2005,1238730
2024F,TEICB,IL,2006,1202673
2024F,TEICB,IL,2007,1217450
2024F,TEICB,IL,2008,1219337
2024F,TEICB,IL,2009,1094147
2024F,TEICB,IL,2010,1214485
2024F,TEICB,IL,2011,1215563
2024F,TEICB,IL,2012,1210839
2024F,TEICB,IL,2013,1220226
2024F,TEICB,IL,2014,1233861
2024F,TEICB,IL,2015,1166131
2024F,TEICB,IL,2016,1168633
2024F,TEICB,IL,2017,1161053
2024F,TEICB,IL,2018,1161680
2024F,TEICB,IL,2019,1155733
2024F,TEICB,IL,2020,1114334
2024F,TEICB,IL,2021,1108176
2024F,TEICB,IL,2022,1109888
2024F,TEICB,IL,2023,1082236
2024F,TEICB,IL,2024,1067382
2024F,TEICB,IN,1960,863431
2024F,TEICB,IN,1961,876881
2024F,TEICB,IN,1962,867636
2024F,TEICB,IN,1963,912466
2024F,TEICB,IN,1964,978915
2024F,TEICB,IN,1965,1029382
2024F,TEICB,IN,1966,1104668
2024F,TEICB,IN,1967,1094645
2024F,TEICB,IN,1968,1137925
2024F,TEICB,IN,1969,1191355
2024F,TEICB,IN,1970,1210802
2024F,TEICB,IN,1971,1185880
2024F,TEICB,IN,1972,1307357
2024F,TEICB,IN,1973,1347536
2024F,TEICB,IN,1974,1310819
2024F,TEICB,IN,1975,1244423
2024F,TEICB,IN,1976,1252095
2024F,TEICB,IN,1977,1312311
2024F,TEICB,IN,1978,1324000
2024F,TEICB,IN,1979,1385379
2024F,TEICB,IN,1980,1247021
2024F,TEICB,IN,1981,1233996
2024F,TEICB,IN,1982,1039823
2024F,TEICB,IN,1983,1050340
2024F,TEICB,IN,1984,1045997
2024F,TEICB,IN,1985,1088681
2024F,TEICB,IN,1986,1022561
2024F,TEICB,IN,1987,1109880
2024F,TEICB,IN,1988,1165992
2024F,TEICB,IN,1989,1154234
2024F,TEICB,IN,1990,1194423
2024F,TEICB,IN,1991,1155054
2024F,TEICB,IN,1992,1162292
2024F,TEICB,IN,1993,1199372
2024F,TEICB,IN,1994,1172569
2024F,TEICB,IN,1995,1189286
2024F,TEICB,IN,1996,1245842
2024F,TEICB,IN,1997,1247459
2024F,TEICB,IN,1998,1258313
2024F,TEICB,IN,1999,1310897
2024F,TEICB,IN,2000,1339218
2024F,TEICB,IN,2001,1268959
2024F,TEICB,IN,2002,1322033
2024F,TEICB,IN,2003,1345241
2024F,TEICB,IN,2004,1390035
2024F,TEICB,IN,2005,1351193
2024F,TEICB,IN,2006,1330893
2024F,TEICB,IN,2007,1360238
2024F,TEICB,IN,2008,1322484
2024F,TEICB,IN,2009,1183716
2024F,TEICB,IN,2010,1289134
2024F,TEICB,IN,2011,1299280
2024F,TEICB,IN,2012,1279449
2024F,TEICB,IN,2013,1307283
2024F,TEICB,IN,2014,1316339
2024F,TEICB,IN,2015,1287049
2024F,TEICB,IN,2016,1253977
2024F,TEICB,IN,2017,1217386
2024F,TEICB,IN,2018,1283625
2024F,TEICB,IN,2019,1283389
2024F,TEICB,IN,2020,1161911
2024F,TEICB,IN,2021,1221611
2024F,TEICB,IN,2022,1185155
2024F,TEICB,IN,2023,1192741
2024F,TEICB,IN,2024,1177424
2024F,TEICB,KS,1960,262221
2024F,TEICB,KS,1961,249911
2024F,TEICB,KS,1962,258952
2024F,TEICB,KS,1963,246433
2024F,TEICB,KS,1964,263113
2024F,TEICB,KS,1965,296679
2024F,TEICB,KS,1966,330103
2024F,TEICB,KS,1967,281360
2024F,TEICB,KS,1968,312786
2024F,TEICB,KS,1969,325068
2024F,TEICB,KS,1970,332667
2024F,TEICB,KS,1971,352049
2024F,TEICB,KS,1972,371780
2024F,TEICB,KS,1973,388421
2024F,TEICB,KS,1974,379617
2024F,TEICB,KS,1975,343380
2024F,TEICB,KS,1976,372989
2024F,TEICB,KS,1977,393647
2024F,TEICB,KS,1978,401727
2024F,TEICB,KS,1979,502746
2024F,TEICB,KS,1980,406731
2024F,TEICB,KS,1981,361938
2024F,TEICB,KS,1982,352020
2024F,TEICB,KS,1983,324273
2024F,TEICB,KS,1984,411405
2024F,TEICB,KS,1985,394708
2024F,TEICB,KS,1986,365978
2024F,TEICB,KS,1987,396610
2024F,TEICB,KS,1988,416533
2024F,TEICB,KS,1989,394140
2024F,TEICB,KS,1990,417239
2024F,TEICB,KS,1991,412480
2024F,TEICB,KS,1992,431932
2024F,TEICB,KS,1993,424173
2024F,TEICB,KS,1994,472193
2024F,TEICB,KS,1995,402114
2024F,TEICB,KS,1996,401488
2024F,TEICB,KS,1997,414081
2024F,TEICB,KS,1998,392394
2024F,TEICB,KS,1999,402444
2024F,TEICB,KS,2000,399934
2024F,TEICB,KS,2001,382060
2024F,TEICB,KS,2002,391018
2024F,TEICB,KS,2003,407714
2024F,TEICB,KS,2004,406900
2024F,TEICB,KS,2005,360738
2024F,TEICB,KS,2006,383534
2024F,TEICB,KS,2007,427990
2024F,TEICB,KS,2008,377723
2024F,TEICB,KS,2009,347750
2024F,TEICB,KS,2010,365669
2024F,TEICB,KS,2011,362628
2024F,TEICB,KS,2012,365494
2024F,TEICB,KS,2013,354262
2024F,TEICB,KS,2014,360189
2024F,TEICB,KS,2015,366141
2024F,TEICB,KS,2016,366865
2024F,TEICB,KS,2017,364409
2024F,TEICB,KS,2018,372009
2024F,TEICB,KS,2019,365050
2024F,TEICB,KS,2020,363071
2024F,TEICB,KS,2021,360581
2024F,TEICB,KS,2022,370401
2024F,TEICB,KS,2023,352054
2024F,TEICB,KS,2024,349716
2024F,TEICB,KY,1960,445431
2024F,TEICB,KY,1961,440134
2024F,TEICB,KY,1962,438288
2024F,TEICB,KY,1963,471940
2024F,TEICB,KY,1964,475553
2024F,TEICB,KY,1965,473539
2024F,TEICB,KY,1966,468510
2024F,TEICB,KY,1967,473985
2024F,TEICB,KY,1968,483507
2024F,TEICB,KY,1969,497794
2024F,TEICB,KY,1970,503666
2024F,TEICB,KY,1971,509915
2024F,TEICB,KY,1972,574693
2024F,TEICB,KY,1973,582754
2024F,TEICB,KY,1974,579236
2024F,TEICB,KY,1975,596186
2024F,TEICB,KY,1976,651735
2024F,TEICB,KY,1977,642006
2024F,TEICB,KY,1978,604635
2024F,TEICB,KY,1979,632417
2024F,TEICB,KY,1980,586480
2024F,TEICB,KY,1981,535855
2024F,TEICB,KY,1982,499996
2024F,TEICB,KY,1983,488114
2024F,TEICB,KY,1984,571074
2024F,TEICB,KY,1985,554706
2024F,TEICB,KY,1986,506563
2024F,TEICB,KY,1987,528252
2024F,TEICB,KY,1988,551327
2024F,TEICB,KY,1989,602336
2024F,TEICB,KY,1990,646222
2024F,TEICB,KY,1991,632298
2024F,TEICB,KY,1992,688722
2024F,TEICB,KY,1993,691356
2024F,TEICB,KY,1994,737113
2024F,TEICB,KY,1995,767067
2024F,TEICB,KY,1996,793157
2024F,TEICB,KY,1997,769762
2024F,TEICB,KY,1998,737942
2024F,TEICB,KY,1999,776076
2024F,TEICB,KY,2000,741748
2024F,TEICB,KY,2001,775279
2024F,TEICB,KY,2002,862588
2024F,TEICB,KY,2003,827723
2024F,TEICB,KY,2004,862925
2024F,TEICB,KY,2005,868289
2024F,TEICB,KY,2006,891033
2024F,TEICB,KY,2007,876323
2024F,TEICB,KY,2008,878204
2024F,TEICB,KY,2009,812177
2024F,TEICB,KY,2010,847502
2024F,TEICB,KY,2011,822688
2024F,TEICB,KY,2012,826614
2024F,TEICB,KY,2013,713369
2024F,TEICB,KY,2014,657194
2024F,TEICB,KY,2015,633724
2024F,TEICB,KY,2016,607006
2024F,TEICB,KY,2017,589025
2024F,TEICB,KY,2018,601670
2024F,TEICB,KY,2019,601121
2024F,TEICB,KY,2020,550228
2024F,TEICB,KY,2021,591675
2024F,TEICB,KY,2022,591012
2024F,TEICB,KY,2023,575237
2024F,TEICB,KY,2024,580341
2024F,TEICB,LA,1960,1061238
2024F,TEICB,LA,1961,1115775
2024F,TEICB,LA,1962,1120754
2024F,TEICB,LA,1963,1261348
2024F,TEICB,LA,1964,1342389
2024F,TEICB,LA,1965,1284716
2024F,TEICB,LA,1966,1394872
2024F,TEICB,LA,1967,1587690
2024F,TEICB,LA,1968,1722839
2024F,TEICB,LA,1969,1943233
2024F,TEICB,LA,1970,2032358
2024F,TEICB,LA,1971,2085747
2024F,TEICB,LA,1972,2204463
2024F,TEICB,LA,1973,2363031
2024F,TEICB,LA,1974,2412864
2024F,TEICB,LA,1975,2141590
2024F,TEICB,LA,1976,2520108
2024F,TEICB,LA,1977,2832206
2024F,TEICB,LA,1978,2949888
2024F,TEICB,LA,1979,2801254
2024F,TEICB,LA,1980,2679127
2024F,TEICB,LA,1981,2670712
2024F,TEICB,LA,1982,2434545
2024F,TEICB,LA,1983,2307134
2024F,TEICB,LA,1984,2421517
2024F,TEICB,LA,1985,2194491
2024F,TEICB,LA,1986,2290876
2024F,TEICB,LA,1987,2383277
2024F,TEICB,LA,1988,2381576
2024F,TEICB,LA,1989,2520500
2024F,TEICB,LA,1990,2554162
2024F,TEICB,LA,1991,2516796
2024F,TEICB,LA,1992,2633873
2024F,TEICB,LA,1993,2679898
2024F,TEICB,LA,1994,2769329
2024F,TEICB,LA,1995,2790089
2024F,TEICB,LA,1996,2880571
2024F,TEICB,LA,1997,3012355
2024F,TEICB,LA,1998,2728496
2024F,TEICB,LA,1999,2732689
2024F,TEICB,LA,2000,2919467
2024F,TEICB,LA,2001,2557306
2024F,TEICB,LA,2002,2640891
2024F,TEICB,LA,2003,2527843
2024F,TEICB,LA,2004,2735268
2024F,TEICB,LA,2005,2596573
2024F,TEICB,LA,2006,2777727
2024F,TEICB,LA,2007,2941639
2024F,TEICB,LA,2008,2933177
2024F,TEICB,LA,2009,2733894
2024F,TEICB,LA,2010,2838567
2024F,TEICB,LA,2011,2852752
2024F,TEICB,LA,2012,2816307
2024F,TEICB,LA,2013,2746364
2024F,TEICB,LA,2014,2782716
2024F,TEICB,LA,2015,2761389
2024F,TEICB,LA,2016,2868191
2024F,TEICB,LA,2017,2999481
2024F,TEICB,LA,2018,3049592
2024F,TEICB,LA,2019,3070764
2024F,TEICB,LA,2020,3050060
2024F,TEICB,LA,2021,3016267
2024F,TEICB,LA,2022,2982767
2024F,TEICB,LA,2023,2955587
2024F,TEICB,LA,2024,2997206
2024F,TEICB,MA,1960,286815
2024F,TEICB,MA,1961,286648
2024F,TEICB,MA,1962,287660
2024F,TEICB,MA,1963,270493
2024F,TEICB,MA,1964,297498
2024F,TEICB,MA,1965,347609
2024F,TEICB,MA,1966,362806
2024F,TEICB,MA,1967,365043
2024F,TEICB,MA,1968,368386
2024F,TEICB,MA,1969,361279
2024F,TEICB,MA,1970,363011
2024F,TEICB,MA,1971,351594
2024F,TEICB,MA,1972,357026
2024F,TEICB,MA,1973,362908
2024F,TEICB,MA,1974,319830
2024F,TEICB,MA,1975,281494
2024F,TEICB,MA,1976,299629
2024F,TEICB,MA,1977,296457
2024F,TEICB,MA,1978,291595
2024F,TEICB,MA,1979,249210
2024F,TEICB,MA,1980,198609
2024F,TEICB,MA,1981,220812
2024F,TEICB,MA,1982,209721
2024F,TEICB,MA,1983,223490
2024F,TEICB,MA,1984,244147
2024F,TEICB,MA,1985,246939
2024F,TEICB,MA,1986,278270
2024F,TEICB,MA,1987,272648
2024F,TEICB,MA,1988,243357
2024F,TEICB,MA,1989,225522
2024F,TEICB,MA,1990,221545
2024F,TEICB,MA,1991,212483
2024F,TEICB,MA,1992,238801
2024F,TEICB,MA,1993,240170
2024F,TEICB,MA,1994,223699
2024F,TEICB,MA,1995,221651
2024F,TEICB,MA,1996,219183
2024F,TEICB,MA,1997,217094
2024F,TEICB,MA,1998,215509
2024F,TEICB,MA,1999,228893
2024F,TEICB,MA,2000,238940
2024F,TEICB,MA,2001,242523
2024F,TEICB,MA,2002,243191
2024F,TEICB,MA,2003,189000
2024F,TEICB,MA,2004,186338
2024F,TEICB,MA,2005,187975
2024F,TEICB,MA,2006,186035
2024F,TEICB,MA,2007,178866
2024F,TEICB,MA,2008,162666
2024F,TEICB,MA,2009,231102
2024F,TEICB,MA,2010,244642
2024F,TEICB,MA,2011,243568
2024F,TEICB,MA,2012,242835
2024F,TEICB,MA,2013,243019
2024F,TEICB,MA,2014,161770
2024F,TEICB,MA,2015,159981
2024F,TEICB,MA,2016,155269
2024F,TEICB,MA,2017,146011
2024F,TEICB,MA,2018,141513
2024F,TEICB,MA,2019,138788
2024F,TEICB,MA,2020,131431
2024F,TEICB,MA,2021,136645
2024F,TEICB,MA,2022,137525
2024F,TEICB,MA,2023,128774
2024F,TEICB,MA,2024,126118
2024F,TEICB,MD,1960,302623
2024F,TEICB,MD,1961,296520
2024F,TEICB,MD,1962,309439
2024F,TEICB,MD,1963,323694
2024F,TEICB,MD,1964,352631
2024F,TEICB,MD,1965,367938
2024F,TEICB,MD,1966,382238
2024F,TEICB,MD,1967,376817
2024F,TEICB,MD,1968,388049
2024F,TEICB,MD,1969,413620
2024F,TEICB,MD,1970,415914
2024F,TEICB,MD,1971,432361
2024F,TEICB,MD,1972,422996
2024F,TEICB,MD,1973,485084
2024F,TEICB,MD,1974,413763
2024F,TEICB,MD,1975,356037
2024F,TEICB,MD,1976,403278
2024F,TEICB,MD,1977,377363
2024F,TEICB,MD,1978,382649
2024F,TEICB,MD,1979,437221
2024F,TEICB,MD,1980,376307
2024F,TEICB,MD,1981,379565
2024F,TEICB,MD,1982,340721
2024F,TEICB,MD,1983,352231
2024F,TEICB,MD,1984,406855
2024F,TEICB,MD,1985,382745
2024F,TEICB,MD,1986,377385
2024F,TEICB,MD,1987,399329
2024F,TEICB,MD,1988,406022
2024F,TEICB,MD,1989,421810
2024F,TEICB,MD,1990,422339
2024F,TEICB,MD,1991,388169
2024F,TEICB,MD,1992,361263
2024F,TEICB,MD,1993,375591
2024F,TEICB,MD,1994,359343
2024F,TEICB,MD,1995,253836
2024F,TEICB,MD,1996,258208
2024F,TEICB,MD,1997,279415
2024F,TEICB,MD,1998,260174
2024F,TEICB,MD,1999,253166
2024F,TEICB,MD,2000,254600
2024F,TEICB,MD,2001,259099
2024F,TEICB,MD,2002,375869
2024F,TEICB,MD,2003,434493
2024F,TEICB,MD,2004,380193
2024F,TEICB,MD,2005,381606
2024F,TEICB,MD,2006,180997
2024F,TEICB,MD,2007,179318
2024F,TEICB,MD,2008,170948
2024F,TEICB,MD,2009,147782
2024F,TEICB,MD,2010,142997
2024F,TEICB,MD,2011,136275
2024F,TEICB,MD,2012,124411
2024F,TEICB,MD,2013,108957
2024F,TEICB,MD,2014,113177
2024F,TEICB,MD,2015,111509
2024F,TEICB,MD,2016,108118
2024F,TEICB,MD,2017,106090
2024F,TEICB,MD,2018,101439
2024F,TEICB,MD,2019,96874
2024F,TEICB,MD,2020,85151
2024F,TEICB,MD,2021,89630
2024F,TEICB,MD,2022,88034
2024F,TEICB,MD,2023,83467
2024F,TEICB,MD,2024,82293
2024F,TEICB,ME,1960,76647
2024F,TEICB,ME,1961,76610
2024F,TEICB,ME,1962,69242
2024F,TEICB,ME,1963,65979
2024F,TEICB,ME,1964,76609
2024F,TEICB,ME,1965,67050
2024F,TEICB,ME,1966,75686
2024F,TEICB,ME,1967,81114
2024F,TEICB,ME,1968,83785
2024F,TEICB,ME,1969,94454
2024F,TEICB,ME,1970,97993
2024F,TEICB,ME,1971,139043
2024F,TEICB,ME,1972,142704
2024F,TEICB,ME,1973,140397
2024F,TEICB,ME,1974,131657
2024F,TEICB,ME,1975,104147
2024F,TEICB,ME,1976,133932
2024F,TEICB,ME,1977,140317
2024F,TEICB,ME,1978,133069
2024F,TEICB,ME,1979,129212
2024F,TEICB,ME,1980,164818
2024F,TEICB,ME,1981,175527
2024F,TEICB,ME,1982,216222
2024F,TEICB,ME,1983,188373
2024F,TEICB,ME,1984,199750
2024F,TEICB,ME,1985,192137
2024F,TEICB,ME,1986,193429
2024F,TEICB,ME,1987,178721
2024F,TEICB,ME,1988,198315
2024F,TEICB,ME,1989,199598
2024F,TEICB,ME,1990,166771
2024F,TEICB,ME,1991,183188
2024F,TEICB,ME,1992,201544
2024F,TEICB,ME,1993,199515
2024F,TEICB,ME,1994,211469
2024F,TEICB,ME,1995,193031
2024F,TEICB,ME,1996,198871
2024F,TEICB,ME,1997,189066
2024F,TEICB,ME,1998,163322
2024F,TEICB,ME,1999,169286
2024F,TEICB,ME,2000,188959
2024F,TEICB,ME,2001,170938
2024F,TEICB,ME,2002,166293
2024F,TEICB,ME,2003,128039
2024F,TEICB,ME,2004,145755
2024F,TEICB,ME,2005,140369
2024F,TEICB,ME,2006,136564
2024F,TEICB,ME,2007,148187
2024F,TEICB,ME,2008,168840
2024F,TEICB,ME,2009,127130
2024F,TEICB,ME,2010,138803
2024F,TEICB,ME,2011,139029
2024F,TEICB,ME,2012,138291
2024F,TEICB,ME,2013,135855
2024F,TEICB,ME,2014,124407
2024F,TEICB,ME,2015,113565
2024F,TEICB,ME,2016,97706
2024F,TEICB,ME,2017,90602
2024F,TEICB,ME,2018,94879
2024F,TEICB,ME,2019,95190
2024F,TEICB,ME,2020,92684
2024F,TEICB,ME,2021,90380
2024F,TEICB,ME,2022,84764
2024F,TEICB,ME,2023,77166
2024F,TEICB,ME,2024,80193
2024F,TEICB,MI,1960,783606
2024F,TEICB,MI,1961,783069
2024F,TEICB,MI,1962,821887
2024F,TEICB,MI,1963,880264
2024F,TEICB,MI,1964,916885
2024F,TEICB,MI,1965,979499
2024F,TEICB,MI,1966,1045637
2024F,TEICB,MI,1967,1034237
2024F,TEICB,MI,1968,1074301
2024F,TEICB,MI,1969,1094106
2024F,TEICB,MI,1970,1044305
2024F,TEICB,MI,1971,1071688
2024F,TEICB,MI,1972,1126864
2024F,TEICB,MI,1973,1169399
2024F,TEICB,MI,1974,1049745
2024F,TEICB,MI,1975,1034544
2024F,TEICB,MI,1976,1097143
2024F,TEICB,MI,1977,1058479
2024F,TEICB,MI,1978,1055786
2024F,TEICB,MI,1979,1048292
2024F,TEICB,MI,1980,988645
2024F,TEICB,MI,1981,929745
2024F,TEICB,MI,1982,823293
2024F,TEICB,MI,1983,821685
2024F,TEICB,MI,1984,870278
2024F,TEICB,MI,1985,894543
2024F,TEICB,MI,1986,905667
2024F,TEICB,MI,1987,824587
2024F,TEICB,MI,1988,915964
2024F,TEICB,MI,1989,897011
2024F,TEICB,MI,1990,993310
2024F,TEICB,MI,1991,920364
2024F,TEICB,MI,1992,948111
2024F,TEICB,MI,1993,817244
2024F,TEICB,MI,1994,850758
2024F,TEICB,MI,1995,892906
2024F,TEICB,MI,1996,920502
2024F,TEICB,MI,1997,933602
2024F,TEICB,MI,1998,913496
2024F,TEICB,MI,1999,975815
2024F,TEICB,MI,2000,954987
2024F,TEICB,MI,2001,870281
2024F,TEICB,MI,2002,840179
2024F,TEICB,MI,2003,906208
2024F,TEICB,MI,2004,868138
2024F,TEICB,MI,2005,868194
2024F,TEICB,MI,2006,821592
2024F,TEICB,MI,2007,774029
2024F,TEICB,MI,2008,730794
2024F,TEICB,MI,2009,606972
2024F,TEICB,MI,2010,690822
2024F,TEICB,MI,2011,712542
2024F,TEICB,MI,2012,710650
2024F,TEICB,MI,2013,735221
2024F,TEICB,MI,2014,745883
2024F,TEICB,MI,2015,708244
2024F,TEICB,MI,2016,693547
2024F,TEICB,MI,2017,699600
2024F,TEICB,MI,2018,705573
2024F,TEICB,MI,2019,694341
2024F,TEICB,MI,2020,608907
2024F,TEICB,MI,2021,644780
2024F,TEICB,MI,2022,667687
2024F,TEICB,MI,2023,643367
2024F,TEICB,MI,2024,622445
2024F,TEICB,MN,1960,274530
2024F,TEICB,MN,1961,269254
2024F,TEICB,MN,1962,279377
2024F,TEICB,MN,1963,279962
2024F,TEICB,MN,1964,325883
2024F,TEICB,MN,1965,337886
2024F,TEICB,MN,1966,351289
2024F,TEICB,MN,1967,326001
2024F,TEICB,MN,1968,344216
2024F,TEICB,MN,1969,392253
2024F,TEICB,MN,1970,384241
2024F,TEICB,MN,1971,401182
2024F,TEICB,MN,1972,426272
2024F,TEICB,MN,1973,463840
2024F,TEICB,MN,1974,430387
2024F,TEICB,MN,1975,429741
2024F,TEICB,MN,1976,471850
2024F,TEICB,MN,1977,455491
2024F,TEICB,MN,1978,492954
2024F,TEICB,MN,1979,505912
2024F,TEICB,MN,1980,430422
2024F,TEICB,MN,1981,404507
2024F,TEICB,MN,1982,378409
2024F,TEICB,MN,1983,387442
2024F,TEICB,MN,1984,406071
2024F,TEICB,MN,1985,412830
2024F,TEICB,MN,1986,413734
2024F,TEICB,MN,1987,441317
2024F,TEICB,MN,1988,471065
2024F,TEICB,MN,1989,486473
2024F,TEICB,MN,1990,533797
2024F,TEICB,MN,1991,521194
2024F,TEICB,MN,1992,535020
2024F,TEICB,MN,1993,540541
2024F,TEICB,MN,1994,555433
2024F,TEICB,MN,1995,592647
2024F,TEICB,MN,1996,615919
2024F,TEICB,MN,1997,615368
2024F,TEICB,MN,1998,609341
2024F,TEICB,MN,1999,615768
2024F,TEICB,MN,2000,624254
2024F,TEICB,MN,2001,522489
2024F,TEICB,MN,2002,532177
2024F,TEICB,MN,2003,555904
2024F,TEICB,MN,2004,578058
2024F,TEICB,MN,2005,573975
2024F,TEICB,MN,2006,577103
2024F,TEICB,MN,2007,596580
2024F,TEICB,MN,2008,619313
2024F,TEICB,MN,2009,554146
2024F,TEICB,MN,2010,636303
2024F,TEICB,MN,2011,635124
2024F,TEICB,MN,2012,624430
2024F,TEICB,MN,2013,623822
2024F,TEICB,MN,2014,646986
2024F,TEICB,MN,2015,592860
2024F,TEICB,MN,2016,599009
2024F,TEICB,MN,2017,596965
2024F,TEICB,MN,2018,609825
2024F,TEICB,MN,2019,599995
2024F,TEICB,MN,2020,550222
2024F,TEICB,MN,2021,578734
2024F,TEICB,MN,2022,564963
2024F,TEICB,MN,2023,555459
2024F,TEICB,MN,2024,547566
2024F,TEICB,MO,1960,293905
2024F,TEICB,MO,1961,290472
2024F,TEICB,MO,1962,298936
2024F,TEICB,MO,1963,308202
2024F,TEICB,MO,1964,322999
2024F,TEICB,MO,1965,355257
2024F,TEICB,MO,1966,372940
2024F,TEICB,MO,1967,359005
2024F,TEICB,MO,1968,378482
2024F,TEICB,MO,1969,391764
2024F,TEICB,MO,1970,390932
2024F,TEICB,MO,1971,386159
2024F,TEICB,MO,1972,393484
2024F,TEICB,MO,1973,427457
2024F,TEICB,MO,1974,415209
2024F,TEICB,MO,1975,395812
2024F,TEICB,MO,1976,386529
2024F,TEICB,MO,1977,398604
2024F,TEICB,MO,1978,394199
2024F,TEICB,MO,1979,392425
2024F,TEICB,MO,1980,349542
2024F,TEICB,MO,1981,367416
2024F,TEICB,MO,1982,335769
2024F,TEICB,MO,1983,310865
2024F,TEICB,MO,1984,318516
2024F,TEICB,MO,1985,335377
2024F,TEICB,MO,1986,309969
2024F,TEICB,MO,1987,312981
2024F,TEICB,MO,1988,328424
2024F,TEICB,MO,1989,316228
2024F,TEICB,MO,1990,321730
2024F,TEICB,MO,1991,314734
2024F,TEICB,MO,1992,321487
2024F,TEICB,MO,1993,332129
2024F,TEICB,MO,1994,354821
2024F,TEICB,MO,1995,359091
2024F,TEICB,MO,1996,369277
2024F,TEICB,MO,1997,366006
2024F,TEICB,MO,1998,365603
2024F,TEICB,MO,1999,397644
2024F,TEICB,MO,2000,371907
2024F,TEICB,MO,2001,390990
2024F,TEICB,MO,2002,386835
2024F,TEICB,MO,2003,379353
2024F,TEICB,MO,2004,404921
2024F,TEICB,MO,2005,430287
2024F,TEICB,MO,2006,441955
2024F,TEICB,MO,2007,430404
2024F,TEICB,MO,2008,395788
2024F,TEICB,MO,2009,341992
2024F,TEICB,MO,2010,363065
2024F,TEICB,MO,2011,347876
2024F,TEICB,MO,2012,352531
2024F,TEICB,MO,2013,351091
2024F,TEICB,MO,2014,362383
2024F,TEICB,MO,2015,356650
2024F,TEICB,MO,2016,302894
2024F,TEICB,MO,2017,299678
2024F,TEICB,MO,2018,306735
2024F,TEICB,MO,2019,295273
2024F,TEICB,MO,2020,298773
2024F,TEICB,MO,2021,296663
2024F,TEICB,MO,2022,295367
2024F,TEICB,MO,2023,292898
2024F,TEICB,MO,2024,293531
2024F,TEICB,MS,1960,152071
2024F,TEICB,MS,1961,157371
2024F,TEICB,MS,1962,163029
2024F,TEICB,MS,1963,180288
2024F,TEICB,MS,1964,207130
2024F,TEICB,MS,1965,208693
2024F,TEICB,MS,1966,240424
2024F,TEICB,MS,1967,243531
2024F,TEICB,MS,1968,266553
2024F,TEICB,MS,1969,280597
2024F,TEICB,MS,1970,310959
2024F,TEICB,MS,1971,323587
2024F,TEICB,MS,1972,340555
2024F,TEICB,MS,1973,340266
2024F,TEICB,MS,1974,315221
2024F,TEICB,MS,1975,299085
2024F,TEICB,MS,1976,301250
2024F,TEICB,MS,1977,313846
2024F,TEICB,MS,1978,320114
2024F,TEICB,MS,1979,324357
2024F,TEICB,MS,1980,295390
2024F,TEICB,MS,1981,287626
2024F,TEICB,MS,1982,300677
2024F,TEICB,MS,1983,313247
2024F,TEICB,MS,1984,349064
2024F,TEICB,MS,1985,316270
2024F,TEICB,MS,1986,306550
2024F,TEICB,MS,1987,302791
2024F,TEICB,MS,1988,332253
2024F,TEICB,MS,1989,376420
2024F,TEICB,MS,1990,434085
2024F,TEICB,MS,1991,431692
2024F,TEICB,MS,1992,442595
2024F,TEICB,MS,1993,442106
2024F,TEICB,MS,1994,446092
2024F,TEICB,MS,1995,452339
2024F,TEICB,MS,1996,453801
2024F,TEICB,MS,1997,431313
2024F,TEICB,MS,1998,400956
2024F,TEICB,MS,1999,468178
2024F,TEICB,MS,2000,464343
2024F,TEICB,MS,2001,407846
2024F,TEICB,MS,2002,410985
2024F,TEICB,MS,2003,415213
2024F,TEICB,MS,2004,443372
2024F,TEICB,MS,2005,421953
2024F,TEICB,MS,2006,439224
2024F,TEICB,MS,2007,445067
2024F,TEICB,MS,2008,409445
2024F,TEICB,MS,2009,374707
2024F,TEICB,MS,2010,412017
2024F,TEICB,MS,2011,408866
2024F,TEICB,MS,2012,417146
2024F,TEICB,MS,2013,400272
2024F,TEICB,MS,2014,399706
2024F,TEICB,MS,2015,392664
2024F,TEICB,MS,2016,385665
2024F,TEICB,MS,2017,400047
2024F,TEICB,MS,2018,408078
2024F,TEICB,MS,2019,394171
2024F,TEICB,MS,2020,385242
2024F,TEICB,MS,2021,396191
2024F,TEICB,MS,2022,403530
2024F,TEICB,MS,2023,385686
2024F,TEICB,MS,2024,396098
2024F,TEICB,MT,1960,101198
2024F,TEICB,MT,1961,110261
2024F,TEICB,MT,1962,117554
2024F,TEICB,MT,1963,124063
2024F,TEICB,MT,1964,130290
2024F,TEICB,MT,1965,124042
2024F,TEICB,MT,1966,135524
2024F,TEICB,MT,1967,123091
2024F,TEICB,MT,1968,137933
2024F,TEICB,MT,1969,158880
2024F,TEICB,MT,1970,158640
2024F,TEICB,MT,1971,163231
2024F,TEICB,MT,1972,164960
2024F,TEICB,MT,1973,161939
2024F,TEICB,MT,1974,167223
2024F,TEICB,MT,1975,153177
2024F,TEICB,MT,1976,165362
2024F,TEICB,MT,1977,165616
2024F,TEICB,MT,1978,164293
2024F,TEICB,MT,1979,183690
2024F,TEICB,MT,1980,162211
2024F,TEICB,MT,1981,148519
2024F,TEICB,MT,1982,120548
2024F,TEICB,MT,1983,121997
2024F,TEICB,MT,1984,131250
2024F,TEICB,MT,1985,146804
2024F,TEICB,MT,1986,139882
2024F,TEICB,MT,1987,140117
2024F,TEICB,MT,1988,144517
2024F,TEICB,MT,1989,147856
2024F,TEICB,MT,1990,134364
2024F,TEICB,MT,1991,135749
2024F,TEICB,MT,1992,134054
2024F,TEICB,MT,1993,136027
2024F,TEICB,MT,1994,141743
2024F,TEICB,MT,1995,151352
2024F,TEICB,MT,1996,145271
2024F,TEICB,MT,1997,125284
2024F,TEICB,MT,1998,150454
2024F,TEICB,MT,1999,154821
2024F,TEICB,MT,2000,153298
2024F,TEICB,MT,2001,110747
2024F,TEICB,MT,2002,123298
2024F,TEICB,MT,2003,121658
2024F,TEICB,MT,2004,135229
2024F,TEICB,MT,2005,139860
2024F,TEICB,MT,2006,152112
2024F,TEICB,MT,2007,172811
2024F,TEICB,MT,2008,160969
2024F,TEICB,MT,2009,134487
2024F,TEICB,MT,2010,118456
2024F,TEICB,MT,2011,109030
2024F,TEICB,MT,2012,114570
2024F,TEICB,MT,2013,115907
2024F,TEICB,MT,2014,114619
2024F,TEICB,MT,2015,115700
2024F,TEICB,MT,2016,111723
2024F,TEICB,MT,2017,115980
2024F,TEICB,MT,2018,118574
2024F,TEICB,MT,2019,123740
2024F,TEICB,MT,2020,114597
2024F,TEICB,MT,2021,115906
2024F,TEICB,MT,2022,117341
2024F,TEICB,MT,2023,116242
2024F,TEICB,MT,2024,113131
2024F,TEICB,NC,1960,287404
2024F,TEICB,NC,1961,299715
2024F,TEICB,NC,1962,315501
2024F,TEICB,NC,1963,324565
2024F,TEICB,NC,1964,348564
2024F,TEICB,NC,1965,355651
2024F,TEICB,NC,1966,394810
2024F,TEICB,NC,1967,406193
2024F,TEICB,NC,1968,419149
2024F,TEICB,NC,1969,438064
2024F,TEICB,NC,1970,457479
2024F,TEICB,NC,1971,483322
2024F,TEICB,NC,1972,520234
2024F,TEICB,NC,1973,543895
2024F,TEICB,NC,1974,514438
2024F,TEICB,NC,1975,480988
2024F,TEICB,NC,1976,527917
2024F,TEICB,NC,1977,556173
2024F,TEICB,NC,1978,545247
2024F,TEICB,NC,1979,606907
2024F,TEICB,NC,1980,575625
2024F,TEICB,NC,1981,545119
2024F,TEICB,NC,1982,508995
2024F,TEICB,NC,1983,539827
2024F,TEICB,NC,1984,590208
2024F,TEICB,NC,1985,581476
2024F,TEICB,NC,1986,601688
2024F,TEICB,NC,1987,620940
2024F,TEICB,NC,1988,637376
2024F,TEICB,NC,1989,654733
2024F,TEICB,NC,1990,690605
2024F,TEICB,NC,1991,661998
2024F,TEICB,NC,1992,722900
2024F,TEICB,NC,1993,729682
2024F,TEICB,NC,1994,723490
2024F,TEICB,NC,1995,767272
2024F,TEICB,NC,1996,750992
2024F,TEICB,NC,1997,758653
2024F,TEICB,NC,1998,741555
2024F,TEICB,NC,1999,723637
2024F,TEICB,NC,2000,740735
2024F,TEICB,NC,2001,709692
2024F,TEICB,NC,2002,673226
2024F,TEICB,NC,2003,655911
2024F,TEICB,NC,2004,656501
2024F,TEICB,NC,2005,645536
2024F,TEICB,NC,2006,635120
2024F,TEICB,NC,2007,604025
2024F,TEICB,NC,2008,598488
2024F,TEICB,NC,2009,517081
2024F,TEICB,NC,2010,564743
2024F,TEICB,NC,2011,562639
2024F,TEICB,NC,2012,564428
2024F,TEICB,NC,2013,553851
2024F,TEICB,NC,2014,544526
2024F,TEICB,NC,2015,546888
2024F,TEICB,NC,2016,545890
2024F,TEICB,NC,2017,546105
2024F,TEICB,NC,2018,546203
2024F,TEICB,NC,2019,536580
2024F,TEICB,NC,2020,506772
2024F,TEICB,NC,2021,529633
2024F,TEICB,NC,2022,541167
2024F,TEICB,NC,2023,499583
2024F,TEICB,NC,2024,496867
2024F,TEICB,ND,1960,73970
2024F,TEICB,ND,1961,70438
2024F,TEICB,ND,1962,71733
2024F,TEICB,ND,1963,76337
2024F,TEICB,ND,1964,77131
2024F,TEICB,ND,1965,74438
2024F,TEICB,ND,1966,76021
2024F,TEICB,ND,1967,78736
2024F,TEICB,ND,1968,77708
2024F,TEICB,ND,1969,78351
2024F,TEICB,ND,1970,75772
2024F,TEICB,ND,1971,76361
2024F,TEICB,ND,1972,76431
2024F,TEICB,ND,1973,76063
2024F,TEICB,ND,1974,73388
2024F,TEICB,ND,1975,71068
2024F,TEICB,ND,1976,71138
2024F,TEICB,ND,1977,67972
2024F,TEICB,ND,1978,73676
2024F,TEICB,ND,1979,76502
2024F,TEICB,ND,1980,64917
2024F,TEICB,ND,1981,82162
2024F,TEICB,ND,1982,72539
2024F,TEICB,ND,1983,76740
2024F,TEICB,ND,1984,101079
2024F,TEICB,ND,1985,138491
2024F,TEICB,ND,1986,148419
2024F,TEICB,ND,1987,155020
2024F,TEICB,ND,1988,150352
2024F,TEICB,ND,1989,159645
2024F,TEICB,ND,1990,156112
2024F,TEICB,ND,1991,159695
2024F,TEICB,ND,1992,169143
2024F,TEICB,ND,1993,165200
2024F,TEICB,ND,1994,174362
2024F,TEICB,ND,1995,175198
2024F,TEICB,ND,1996,168005
2024F,TEICB,ND,1997,174933
2024F,TEICB,ND,1998,178934
2024F,TEICB,ND,1999,188582
2024F,TEICB,ND,2000,190841
2024F,TEICB,ND,2001,201897
2024F,TEICB,ND,2002,189650
2024F,TEICB,ND,2003,187653
2024F,TEICB,ND,2004,187831
2024F,TEICB,ND,2005,194684
2024F,TEICB,ND,2006,204356
2024F,TEICB,ND,2007,205959
2024F,TEICB,ND,2008,213792
2024F,TEICB,ND,2009,211142
2024F,TEICB,ND,2010,237040
2024F,TEICB,ND,2011,262352
2024F,TEICB,ND,2012,273556
2024F,TEICB,ND,2013,289086
2024F,TEICB,ND,2014,322810
2024F,TEICB,ND,2015,307331
2024F,TEICB,ND,2016,296806
2024F,TEICB,ND,2017,329300
2024F,TEICB,ND,2018,340305
2024F,TEICB,ND,2019,343226
2024F,TEICB,ND,2020,360556
2024F,TEICB,ND,2021,380476
2024F,TEICB,ND,2022,385797
2024F,TEICB,ND,2023,387065
2024F,TEICB,ND,2024,397800
2024F,TEICB,NE,1960,91535
2024F,TEICB,NE,1961,92787
2024F,TEICB,NE,1962,93804
2024F,TEICB,NE,1963,94166
2024F,TEICB,NE,1964,99982
2024F,TEICB,NE,1965,96807
2024F,TEICB,NE,1966,121114
2024F,TEICB,NE,1967,96711
2024F,TEICB,NE,1968,106886
2024F,TEICB,NE,1969,113712
2024F,TEICB,NE,1970,124375
2024F,TEICB,NE,1971,124882
2024F,TEICB,NE,1972,125805
2024F,TEICB,NE,1973,143860
2024F,TEICB,NE,1974,150235
2024F,TEICB,NE,1975,156616
2024F,TEICB,NE,1976,166349
2024F,TEICB,NE,1977,161641
2024F,TEICB,NE,1978,160477
2024F,TEICB,NE,1979,165129
2024F,TEICB,NE,1980,143586
2024F,TEICB,NE,1981,128511
2024F,TEICB,NE,1982,120866
2024F,TEICB,NE,1983,119464
2024F,TEICB,NE,1984,120420
2024F,TEICB,NE,1985,118957
2024F,TEICB,NE,1986,111446
2024F,TEICB,NE,1987,123458
2024F,TEICB,NE,1988,130645
2024F,TEICB,NE,1989,132270
2024F,TEICB,NE,1990,133926
2024F,TEICB,NE,1991,133264
2024F,TEICB,NE,1992,133803
2024F,TEICB,NE,1993,150260
2024F,TEICB,NE,1994,160508
2024F,TEICB,NE,1995,173559
2024F,TEICB,NE,1996,178879
2024F,TEICB,NE,1997,191692
2024F,TEICB,NE,1998,208866
2024F,TEICB,NE,1999,199460
2024F,TEICB,NE,2000,203584
2024F,TEICB,NE,2001,207434
2024F,TEICB,NE,2002,210602
2024F,TEICB,NE,2003,223138
2024F,TEICB,NE,2004,237053
2024F,TEICB,NE,2005,238792
2024F,TEICB,NE,2006,254036
2024F,TEICB,NE,2007,279299
2024F,TEICB,NE,2008,307143
2024F,TEICB,NE,2009,303052
2024F,TEICB,NE,2010,353146
2024F,TEICB,NE,2011,361251
2024F,TEICB,NE,2012,374765
2024F,TEICB,NE,2013,368282
2024F,TEICB,NE,2014,365455
2024F,TEICB,NE,2015,363615
2024F,TEICB,NE,2016,379383
2024F,TEICB,NE,2017,378228
2024F,TEICB,NE,2018,371940
2024F,TEICB,NE,2019,366806
2024F,TEICB,NE,2020,356972
2024F,TEICB,NE,2021,379498
2024F,TEICB,NE,2022,381662
2024F,TEICB,NE,2023,366222
2024F,TEICB,NE,2024,370893
2024F,TEICB,NH,1960,27310
2024F,TEICB,NH,1961,27488
2024F,TEICB,NH,1962,31800
2024F,TEICB,NH,1963,32977
2024F,TEICB,NH,1964,34962
2024F,TEICB,NH,1965,31993
2024F,TEICB,NH,1966,42456
2024F,TEICB,NH,1967,36403
2024F,TEICB,NH,1968,39026
2024F,TEICB,NH,1969,48459
2024F,TEICB,NH,1970,52628
2024F,TEICB,NH,1971,59046
2024F,TEICB,NH,1972,62370
2024F,TEICB,NH,1973,64040
2024F,TEICB,NH,1974,56901
2024F,TEICB,NH,1975,54016
2024F,TEICB,NH,1976,63069
2024F,TEICB,NH,1977,66214
2024F,TEICB,NH,1978,63320
2024F,TEICB,NH,1979,55069
2024F,TEICB,NH,1980,55727
2024F,TEICB,NH,1981,52958
2024F,TEICB,NH,1982,53559
2024F,TEICB,NH,1983,56000
2024F,TEICB,NH,1984,63584
2024F,TEICB,NH,1985,67124
2024F,TEICB,NH,1986,74047
2024F,TEICB,NH,1987,76208
2024F,TEICB,NH,1988,72470
2024F,TEICB,NH,1989,63074
2024F,TEICB,NH,1990,65161
2024F,TEICB,NH,1991,55683
2024F,TEICB,NH,1992,64120
2024F,TEICB,NH,1993,61633
2024F,TEICB,NH,1994,48491
2024F,TEICB,NH,1995,49422
2024F,TEICB,NH,1996,53170
2024F,TEICB,NH,1997,50687
2024F,TEICB,NH,1998,48443
2024F,TEICB,NH,1999,49215
2024F,TEICB,NH,2000,55181
2024F,TEICB,NH,2001,51631
2024F,TEICB,NH,2002,46283
2024F,TEICB,NH,2003,50112
2024F,TEICB,NH,2004,53257
2024F,TEICB,NH,2005,50554
2024F,TEICB,NH,2006,45215
2024F,TEICB,NH,2007,42799
2024F,TEICB,NH,2008,41238
2024F,TEICB,NH,2009,35771
2024F,TEICB,NH,2010,38373
2024F,TEICB,NH,2011,39253
2024F,TEICB,NH,2012,39166
2024F,TEICB,NH,2013,41706
2024F,TEICB,NH,2014,42073
2024F,TEICB,NH,2015,40804
2024F,TEICB,NH,2016,39832
2024F,TEICB,NH,2017,44608
2024F,TEICB,NH,2018,40886
2024F,TEICB,NH,2019,39247
2024F,TEICB,NH,2020,38411
2024F,TEICB,NH,2021,38090
2024F,TEICB,NH,2022,38612
2024F,TEICB,NH,2023,37929
2024F,TEICB,NH,2024,38397
2024F,TEICB,NJ,1960,473872
2024F,TEICB,NJ,1961,495809
2024F,TEICB,NJ,1962,531610
2024F,TEICB,NJ,1963,529710
2024F,TEICB,NJ,1964,534086
2024F,TEICB,NJ,1965,547186
2024F,TEICB,NJ,1966,583671
2024F,TEICB,NJ,1967,604824
2024F,TEICB,NJ,1968,622395
2024F,TEICB,NJ,1969,636863
2024F,TEICB,NJ,1970,641510
2024F,TEICB,NJ,1971,602409
2024F,TEICB,NJ,1972,619920
2024F,TEICB,NJ,1973,645092
2024F,TEICB,NJ,1974,588992
2024F,TEICB,NJ,1975,525723
2024F,TEICB,NJ,1976,584959
2024F,TEICB,NJ,1977,579859
2024F,TEICB,NJ,1978,577191
2024F,TEICB,NJ,1979,649357
2024F,TEICB,NJ,1980,574433
2024F,TEICB,NJ,1981,529179
2024F,TEICB,NJ,1982,495664
2024F,TEICB,NJ,1983,466257
2024F,TEICB,NJ,1984,494732
2024F,TEICB,NJ,1985,447856
2024F,TEICB,NJ,1986,444437
2024F,TEICB,NJ,1987,470619
2024F,TEICB,NJ,1988,466420
2024F,TEICB,NJ,1989,457215
2024F,TEICB,NJ,1990,440419
2024F,TEICB,NJ,1991,443086
2024F,TEICB,NJ,1992,513054
2024F,TEICB,NJ,1993,548344
2024F,TEICB,NJ,1994,535722
2024F,TEICB,NJ,1995,547071
2024F,TEICB,NJ,1996,527887
2024F,TEICB,NJ,1997,547332
2024F,TEICB,NJ,1998,532180
2024F,TEICB,NJ,1999,565360
2024F,TEICB,NJ,2000,410539
2024F,TEICB,NJ,2001,441138
2024F,TEICB,NJ,2002,423749
2024F,TEICB,NJ,2003,394175
2024F,TEICB,NJ,2004,384716
2024F,TEICB,NJ,2005,388809
2024F,TEICB,NJ,2006,363557
2024F,TEICB,NJ,2007,365314
2024F,TEICB,NJ,2008,315108
2024F,TEICB,NJ,2009,262023
2024F,TEICB,NJ,2010,270882
2024F,TEICB,NJ,2011,275942
2024F,TEICB,NJ,2012,273792
2024F,TEICB,NJ,2013,269885
2024F,TEICB,NJ,2014,258344
2024F,TEICB,NJ,2015,262194
2024F,TEICB,NJ,2016,258171
2024F,TEICB,NJ,2017,253901
2024F,TEICB,NJ,2018,259751
2024F,TEICB,NJ,2019,258981
2024F,TEICB,NJ,2020,235510
2024F,TEICB,NJ,2021,239668
2024F,TEICB,NJ,2022,257625
2024F,TEICB,NJ,2023,258372
2024F,TEICB,NJ,2024,228183
2024F,TEICB,NM,1960,168059
2024F,TEICB,NM,1961,163515
2024F,TEICB,NM,1962,188000
2024F,TEICB,NM,1963,176616
2024F,TEICB,NM,1964,170225
2024F,TEICB,NM,1965,154343
2024F,TEICB,NM,1966,169913
2024F,TEICB,NM,1967,178146
2024F,TEICB,NM,1968,188030
2024F,TEICB,NM,1969,176738
2024F,TEICB,NM,1970,191189
2024F,TEICB,NM,1971,191783
2024F,TEICB,NM,1972,201022
2024F,TEICB,NM,1973,194090
2024F,TEICB,NM,1974,189002
2024F,TEICB,NM,1975,178195
2024F,TEICB,NM,1976,197866
2024F,TEICB,NM,1977,176976
2024F,TEICB,NM,1978,167386
2024F,TEICB,NM,1979,165873
2024F,TEICB,NM,1980,161934
2024F,TEICB,NM,1981,147279
2024F,TEICB,NM,1982,152052
2024F,TEICB,NM,1983,163018
2024F,TEICB,NM,1984,174661
2024F,TEICB,NM,1985,150748
2024F,TEICB,NM,1986,131193
2024F,TEICB,NM,1987,149450
2024F,TEICB,NM,1988,146444
2024F,TEICB,NM,1989,152006
2024F,TEICB,NM,1990,191585
2024F,TEICB,NM,1991,187414
2024F,TEICB,NM,1992,193003
2024F,TEICB,NM,1993,193439
2024F,TEICB,NM,1994,195582
2024F,TEICB,NM,1995,203888
2024F,TEICB,NM,1996,220336
2024F,TEICB,NM,1997,206622
2024F,TEICB,NM,1998,196963
2024F,TEICB,NM,1999,195359
2024F,TEICB,NM,2000,211594
2024F,TEICB,NM,2001,203002
2024F,TEICB,NM,2002,200200
2024F,TEICB,NM,2003,215606
2024F,TEICB,NM,2004,225616
2024F,TEICB,NM,2005,222595
2024F,TEICB,NM,2006,225490
2024F,TEICB,NM,2007,248401
2024F,TEICB,NM,2008,227007
2024F,TEICB,NM,2009,208976
2024F,TEICB,NM,2010,211319
2024F,TEICB,NM,2011,219590
2024F,TEICB,NM,2012,222006
2024F,TEICB,NM,2013,217023
2024F,TEICB,NM,2014,225482
2024F,TEICB,NM,2015,221806
2024F,TEICB,NM,2016,217433
2024F,TEICB,NM,2017,220053
2024F,TEICB,NM,2018,219529
2024F,TEICB,NM,2019,231157
2024F,TEICB,NM,2020,224879
2024F,TEICB,NM,2021,238004
2024F,TEICB,NM,2022,247312
2024F,TEICB,NM,2023,249638
2024F,TEICB,NM,2024,263539
2024F,TEICB,NV,1960,22911
2024F,TEICB,NV,1961,30148
2024F,TEICB,NV,1962,29513
2024F,TEICB,NV,1963,30543
2024F,TEICB,NV,1964,28828
2024F,TEICB,NV,1965,28989
2024F,TEICB,NV,1966,36478
2024F,TEICB,NV,1967,33871
2024F,TEICB,NV,1968,33173
2024F,TEICB,NV,1969,36759
2024F,TEICB,NV,1970,40544
2024F,TEICB,NV,1971,42475
2024F,TEICB,NV,1972,45334
2024F,TEICB,NV,1973,48959
2024F,TEICB,NV,1974,47934
2024F,TEICB,NV,1975,44079
2024F,TEICB,NV,1976,52484
2024F,TEICB,NV,1977,52391
2024F,TEICB,NV,1978,54179
2024F,TEICB,NV,1979,72128
2024F,TEICB,NV,1980,74059
2024F,TEICB,NV,1981,71559
2024F,TEICB,NV,1982,72547
2024F,TEICB,NV,1983,79948
2024F,TEICB,NV,1984,67787
2024F,TEICB,NV,1985,65320
2024F,TEICB,NV,1986,63646
2024F,TEICB,NV,1987,71357
2024F,TEICB,NV,1988,80619
2024F,TEICB,NV,1989,101114
2024F,TEICB,NV,1990,107315
2024F,TEICB,NV,1991,104810
2024F,TEICB,NV,1992,113939
2024F,TEICB,NV,1993,120008
2024F,TEICB,NV,1994,133635
2024F,TEICB,NV,1995,145032
2024F,TEICB,NV,1996,149263
2024F,TEICB,NV,1997,150237
2024F,TEICB,NV,1998,156208
2024F,TEICB,NV,1999,156935
2024F,TEICB,NV,2000,158904
2024F,TEICB,NV,2001,161983
2024F,TEICB,NV,2002,152013
2024F,TEICB,NV,2003,161699
2024F,TEICB,NV,2004,174724
2024F,TEICB,NV,2005,182235
2024F,TEICB,NV,2006,187531
2024F,TEICB,NV,2007,177518
2024F,TEICB,NV,2008,173187
2024F,TEICB,NV,2009,160791
2024F,TEICB,NV,2010,162089
2024F,TEICB,NV,2011,152384
2024F,TEICB,NV,2012,153231
2024F,TEICB,NV,2013,155129
2024F,TEICB,NV,2014,167286
2024F,TEICB,NV,2015,147847
2024F,TEICB,NV,2016,154484
2024F,TEICB,NV,2017,153544
2024F,TEICB,NV,2018,154265
2024F,TEICB,NV,2019,153983
2024F,TEICB,NV,2020,136631
2024F,TEICB,NV,2021,142170
2024F,TEICB,NV,2022,142697
2024F,TEICB,NV,2023,138398
2024F,TEICB,NV,2024,132003
2024F,TEICB,NY,1960,866299
2024F,TEICB,NY,1961,917731
2024F,TEICB,NY,1962,990852
2024F,TEICB,NY,1963,957098
2024F,TEICB,NY,1964,1010412
2024F,TEICB,NY,1965,1113275
2024F,TEICB,NY,1966,1166011
2024F,TEICB,NY,1967,1124290
2024F,TEICB,NY,1968,1131173
2024F,TEICB,NY,1969,1160217
2024F,TEICB,NY,1970,1159439
2024F,TEICB,NY,1971,1056686
2024F,TEICB,NY,1972,1026253
2024F,TEICB,NY,1973,1106697
2024F,TEICB,NY,1974,1040940
2024F,TEICB,NY,1975,915643
2024F,TEICB,NY,1976,1030098
2024F,TEICB,NY,1977,1034745
2024F,TEICB,NY,1978,999439
2024F,TEICB,NY,1979,1010730
2024F,TEICB,NY,1980,893734
2024F,TEICB,NY,1981,840611
2024F,TEICB,NY,1982,767119
2024F,TEICB,NY,1983,702159
2024F,TEICB,NY,1984,706873
2024F,TEICB,NY,1985,706614
2024F,TEICB,NY,1986,644813
2024F,TEICB,NY,1987,675416
2024F,TEICB,NY,1988,705836
2024F,TEICB,NY,1989,689736
2024F,TEICB,NY,1990,668231
2024F,TEICB,NY,1991,650749
2024F,TEICB,NY,1992,680913
2024F,TEICB,NY,1993,668848
2024F,TEICB,NY,1994,660506
2024F,TEICB,NY,1995,663371
2024F,TEICB,NY,1996,684473
2024F,TEICB,NY,1997,670330
2024F,TEICB,NY,1998,648530
2024F,TEICB,NY,1999,595512
2024F,TEICB,NY,2000,577750
2024F,TEICB,NY,2001,539572
2024F,TEICB,NY,2002,510231
2024F,TEICB,NY,2003,474234
2024F,TEICB,NY,2004,481199
2024F,TEICB,NY,2005,474865
2024F,TEICB,NY,2006,408271
2024F,TEICB,NY,2007,438968
2024F,TEICB,NY,2008,379795
2024F,TEICB,NY,2009,339506
2024F,TEICB,NY,2010,342765
2024F,TEICB,NY,2011,345103
2024F,TEICB,NY,2012,338765
2024F,TEICB,NY,2013,374484
2024F,TEICB,NY,2014,372313
2024F,TEICB,NY,2015,376219
2024F,TEICB,NY,2016,368562
2024F,TEICB,NY,2017,361833
2024F,TEICB,NY,2018,367397
2024F,TEICB,NY,2019,360512
2024F,TEICB,NY,2020,333450
2024F,TEICB,NY,2021,343536
2024F,TEICB,NY,2022,333816
2024F,TEICB,NY,2023,328634
2024F,TEICB,NY,2024,321950
2024F,TEICB,OH,1960,1556605
2024F,TEICB,OH,1961,1462766
2024F,TEICB,OH,1962,1527238
2024F,TEICB,OH,1963,1581492
2024F,TEICB,OH,1964,1661258
2024F,TEICB,OH,1965,1745816
2024F,TEICB,OH,1966,1828256
2024F,TEICB,OH,1967,1772942
2024F,TEICB,OH,1968,1860020
2024F,TEICB,OH,1969,1908695
2024F,TEICB,OH,1970,1920065
2024F,TEICB,OH,1971,1812724
2024F,TEICB,OH,1972,1935222
2024F,TEICB,OH,1973,2005831
2024F,TEICB,OH,1974,1988567
2024F,TEICB,OH,1975,1814064
2024F,TEICB,OH,1976,1933290
2024F,TEICB,OH,1977,1942813
2024F,TEICB,OH,1978,1934957
2024F,TEICB,OH,1979,2059412
2024F,TEICB,OH,1980,1775780
2024F,TEICB,OH,1981,1717913
2024F,TEICB,OH,1982,1415886
2024F,TEICB,OH,1983,1372701
2024F,TEICB,OH,1984,1493671
2024F,TEICB,OH,1985,1488716
2024F,TEICB,OH,1986,1394750
2024F,TEICB,OH,1987,1459049
2024F,TEICB,OH,1988,1510618
2024F,TEICB,OH,1989,1557687
2024F,TEICB,OH,1990,1593638
2024F,TEICB,OH,1991,1525282
2024F,TEICB,OH,1992,1581510
2024F,TEICB,OH,1993,1538819
2024F,TEICB,OH,1994,1638983
2024F,TEICB,OH,1995,1635857
2024F,TEICB,OH,1996,1636396
2024F,TEICB,OH,1997,1629742
2024F,TEICB,OH,1998,1603687
2024F,TEICB,OH,1999,1641694
2024F,TEICB,OH,2000,1607933
2024F,TEICB,OH,2001,1433659
2024F,TEICB,OH,2002,1318380
2024F,TEICB,OH,2003,1335929
2024F,TEICB,OH,2004,1339089
2024F,TEICB,OH,2005,1329632
2024F,TEICB,OH,2006,1297144
2024F,TEICB,OH,2007,1325322
2024F,TEICB,OH,2008,1322123
2024F,TEICB,OH,2009,1108424
2024F,TEICB,OH,2010,1224247
2024F,TEICB,OH,2011,1212001
2024F,TEICB,OH,2012,1207976
2024F,TEICB,OH,2013,1197794
2024F,TEICB,OH,2014,1227674
2024F,TEICB,OH,2015,1194932
2024F,TEICB,OH,2016,1186893
2024F,TEICB,OH,2017,1178161
2024F,TEICB,OH,2018,1208423
2024F,TEICB,OH,2019,1166939
2024F,TEICB,OH,2020,1086843
2024F,TEICB,OH,2021,1145039
2024F,TEICB,OH,2022,1135214
2024F,TEICB,OH,2023,1127397
2024F,TEICB,OH,2024,1126974
2024F,TEICB,OK,1960,251048
2024F,TEICB,OK,1961,249677
2024F,TEICB,OK,1962,339781
2024F,TEICB,OK,1963,395211
2024F,TEICB,OK,1964,415388
2024F,TEICB,OK,1965,378559
2024F,TEICB,OK,1966,328186
2024F,TEICB,OK,1967,326121
2024F,TEICB,OK,1968,363373
2024F,TEICB,OK,1969,382637
2024F,TEICB,OK,1970,392536
2024F,TEICB,OK,1971,409083
2024F,TEICB,OK,1972,418397
2024F,TEICB,OK,1973,413778
2024F,TEICB,OK,1974,445698
2024F,TEICB,OK,1975,437428
2024F,TEICB,OK,1976,499788
2024F,TEICB,OK,1977,519357
2024F,TEICB,OK,1978,538456
2024F,TEICB,OK,1979,609659
2024F,TEICB,OK,1980,509474
2024F,TEICB,OK,1981,505686
2024F,TEICB,OK,1982,517087
2024F,TEICB,OK,1983,508745
2024F,TEICB,OK,1984,531909
2024F,TEICB,OK,1985,513652
2024F,TEICB,OK,1986,465499
2024F,TEICB,OK,1987,519573
2024F,TEICB,OK,1988,512297
2024F,TEICB,OK,1989,533623
2024F,TEICB,OK,1990,575368
2024F,TEICB,OK,1991,528838
2024F,TEICB,OK,1992,540105
2024F,TEICB,OK,1993,564509
2024F,TEICB,OK,1994,566062
2024F,TEICB,OK,1995,553534
2024F,TEICB,OK,1996,556096
2024F,TEICB,OK,1997,565821
2024F,TEICB,OK,1998,539552
2024F,TEICB,OK,1999,525427
2024F,TEICB,OK,2000,517587
2024F,TEICB,OK,2001,500027
2024F,TEICB,OK,2002,482244
2024F,TEICB,OK,2003,511558
2024F,TEICB,OK,2004,540709
2024F,TEICB,OK,2005,553206
2024F,TEICB,OK,2006,586583
2024F,TEICB,OK,2007,564323
2024F,TEICB,OK,2008,560360
2024F,TEICB,OK,2009,502702
2024F,TEICB,OK,2010,539333
2024F,TEICB,OK,2011,550285
2024F,TEICB,OK,2012,568396
2024F,TEICB,OK,2013,570235
2024F,TEICB,OK,2014,587803
2024F,TEICB,OK,2015,576675
2024F,TEICB,OK,2016,584796
2024F,TEICB,OK,2017,603629
2024F,TEICB,OK,2018,621532
2024F,TEICB,OK,2019,618085
2024F,TEICB,OK,2020,600144
2024F,TEICB,OK,2021,599593
2024F,TEICB,OK,2022,607680
2024F,TEICB,OK,2023,611860
2024F,TEICB,OK,2024,615601
2024F,TEICB,OR,1960,184299
2024F,TEICB,OR,1961,191457
2024F,TEICB,OR,1962,201982
2024F,TEICB,OR,1963,206072
2024F,TEICB,OR,1964,231580
2024F,TEICB,OR,1965,236618
2024F,TEICB,OR,1966,252199
2024F,TEICB,OR,1967,253985
2024F,TEICB,OR,1968,266324
2024F,TEICB,OR,1969,277363
2024F,TEICB,OR,1970,281143
2024F,TEICB,OR,1971,293800
2024F,TEICB,OR,1972,304588
2024F,TEICB,OR,1973,306666
2024F,TEICB,OR,1974,298676
2024F,TEICB,OR,1975,308982
2024F,TEICB,OR,1976,322943
2024F,TEICB,OR,1977,313847
2024F,TEICB,OR,1978,333414
2024F,TEICB,OR,1979,330522
2024F,TEICB,OR,1980,339459
2024F,TEICB,OR,1981,348656
2024F,TEICB,OR,1982,303324
2024F,TEICB,OR,1983,295699
2024F,TEICB,OR,1984,344370
2024F,TEICB,OR,1985,304434
2024F,TEICB,OR,1986,300851
2024F,TEICB,OR,1987,328473
2024F,TEICB,OR,1988,342813
2024F,TEICB,OR,1989,319869
2024F,TEICB,OR,1990,225826
2024F,TEICB,OR,1991,219666
2024F,TEICB,OR,1992,245832
2024F,TEICB,OR,1993,236673
2024F,TEICB,OR,1994,251513
2024F,TEICB,OR,1995,239064
2024F,TEICB,OR,1996,251290
2024F,TEICB,OR,1997,255507
2024F,TEICB,OR,1998,273677
2024F,TEICB,OR,1999,272123
2024F,TEICB,OR,2000,259849
2024F,TEICB,OR,2001,224969
2024F,TEICB,OR,2002,212618
2024F,TEICB,OR,2003,198039
2024F,TEICB,OR,2004,210030
2024F,TEICB,OR,2005,216375
2024F,TEICB,OR,2006,216307
2024F,TEICB,OR,2007,214016
2024F,TEICB,OR,2008,211173
2024F,TEICB,OR,2009,182045
2024F,TEICB,OR,2010,184060
2024F,TEICB,OR,2011,182016
2024F,TEICB,OR,2012,188208
2024F,TEICB,OR,2013,195387
2024F,TEICB,OR,2014,196166
2024F,TEICB,OR,2015,204489
2024F,TEICB,OR,2016,203677
2024F,TEICB,OR,2017,209100
2024F,TEICB,OR,2018,204530
2024F,TEICB,OR,2019,212845
2024F,TEICB,OR,2020,212635
2024F,TEICB,OR,2021,227143
2024F,TEICB,OR,2022,232896
2024F,TEICB,OR,2023,209437
2024F,TEICB,OR,2024,218008
2024F,TEICB,PA,1960,1685056
2024F,TEICB,PA,1961,1607175
2024F,TEICB,PA,1962,1679583
2024F,TEICB,PA,1963,1784921
2024F,TEICB,PA,1964,1968389
2024F,TEICB,PA,1965,2077758
2024F,TEICB,PA,1966,2126013
2024F,TEICB,PA,1967,2044901
2024F,TEICB,PA,1968,2096070
2024F,TEICB,PA,1969,2065781
2024F,TEICB,PA,1970,2109714
2024F,TEICB,PA,1971,1979068
2024F,TEICB,PA,1972,2029065
2024F,TEICB,PA,1973,2113617
2024F,TEICB,PA,1974,2045543
2024F,TEICB,PA,1975,1845685
2024F,TEICB,PA,1976,1935491
2024F,TEICB,PA,1977,1885905
2024F,TEICB,PA,1978,1847436
2024F,TEICB,PA,1979,1996662
2024F,TEICB,PA,1980,1780025
2024F,TEICB,PA,1981,1648369
2024F,TEICB,PA,1982,1287968
2024F,TEICB,PA,1983,1289754
2024F,TEICB,PA,1984,1442088
2024F,TEICB,PA,1985,1324285
2024F,TEICB,PA,1986,1219999
2024F,TEICB,PA,1987,1332747
2024F,TEICB,PA,1988,1390160
2024F,TEICB,PA,1989,1391254
2024F,TEICB,PA,1990,1419768
2024F,TEICB,PA,1991,1326049
2024F,TEICB,PA,1992,1373415
2024F,TEICB,PA,1993,1375232
2024F,TEICB,PA,1994,1403020
2024F,TEICB,PA,1995,1434087
2024F,TEICB,PA,1996,1422333
2024F,TEICB,PA,1997,1420056
2024F,TEICB,PA,1998,1309778
2024F,TEICB,PA,1999,1266085
2024F,TEICB,PA,2000,1283411
2024F,TEICB,PA,2001,1271018
2024F,TEICB,PA,2002,1258482
2024F,TEICB,PA,2003,1267099
2024F,TEICB,PA,2004,1287915
2024F,TEICB,PA,2005,1271750
2024F,TEICB,PA,2006,1265585
2024F,TEICB,PA,2007,1249614
2024F,TEICB,PA,2008,1234128
2024F,TEICB,PA,2009,1053052
2024F,TEICB,PA,2010,1158941
2024F,TEICB,PA,2011,1222601
2024F,TEICB,PA,2012,1223460
2024F,TEICB,PA,2013,1339334
2024F,TEICB,PA,2014,1414333
2024F,TEICB,PA,2015,1369315
2024F,TEICB,PA,2016,1317551
2024F,TEICB,PA,2017,1348163
2024F,TEICB,PA,2018,1395059
2024F,TEICB,PA,2019,1398575
2024F,TEICB,PA,2020,1249201
2024F,TEICB,PA,2021,1364918
2024F,TEICB,PA,2022,1443198
2024F,TEICB,PA,2023,1438609
2024F,TEICB,PA,2024,1398640
2024F,TEICB,RI,1960,49083
2024F,TEICB,RI,1961,44379
2024F,TEICB,RI,1962,51627
2024F,TEICB,RI,1963,49913
2024F,TEICB,RI,1964,56519
2024F,TEICB,RI,1965,45086
2024F,TEICB,RI,1966,45936
2024F,TEICB,RI,1967,45750
2024F,TEICB,RI,1968,50004
2024F,TEICB,RI,1969,54774
2024F,TEICB,RI,1970,56212
2024F,TEICB,RI,1971,59492
2024F,TEICB,RI,1972,57359
2024F,TEICB,RI,1973,60864
2024F,TEICB,RI,1974,53239
2024F,TEICB,RI,1975,46583
2024F,TEICB,RI,1976,51817
2024F,TEICB,RI,1977,58947
2024F,TEICB,RI,1978,49549
2024F,TEICB,RI,1979,42399
2024F,TEICB,RI,1980,35510
2024F,TEICB,RI,1981,33403
2024F,TEICB,RI,1982,32109
2024F,TEICB,RI,1983,32296
2024F,TEICB,RI,1984,35478
2024F,TEICB,RI,1985,46844
2024F,TEICB,RI,1986,38408
2024F,TEICB,RI,1987,41080
2024F,TEICB,RI,1988,42016
2024F,TEICB,RI,1989,36845
2024F,TEICB,RI,1990,37201
2024F,TEICB,RI,1991,49680
2024F,TEICB,RI,1992,77235
2024F,TEICB,RI,1993,34703
2024F,TEICB,RI,1994,69431
2024F,TEICB,RI,1995,60434
2024F,TEICB,RI,1996,47357
2024F,TEICB,RI,1997,43560
2024F,TEICB,RI,1998,61607
2024F,TEICB,RI,1999,52431
2024F,TEICB,RI,2000,25894
2024F,TEICB,RI,2001,23273
2024F,TEICB,RI,2002,22149
2024F,TEICB,RI,2003,24198
2024F,TEICB,RI,2004,24390
2024F,TEICB,RI,2005,24131
2024F,TEICB,RI,2006,23773
2024F,TEICB,RI,2007,20806
2024F,TEICB,RI,2008,26736
2024F,TEICB,RI,2009,24896
2024F,TEICB,RI,2010,25097
2024F,TEICB,RI,2011,22212
2024F,TEICB,RI,2012,23206
2024F,TEICB,RI,2013,25457
2024F,TEICB,RI,2014,25153
2024F,TEICB,RI,2015,24521
2024F,TEICB,RI,2016,23256
2024F,TEICB,RI,2017,23349
2024F,TEICB,RI,2018,23311
2024F,TEICB,RI,2019,22154
2024F,TEICB,RI,2020,21925
2024F,TEICB,RI,2021,21920
2024F,TEICB,RI,2022,21813
2024F,TEICB,RI,2023,20416
2024F,TEICB,RI,2024,19448
2024F,TEICB,SC,1960,205537
2024F,TEICB,SC,1961,218134
2024F,TEICB,SC,1962,225679
2024F,TEICB,SC,1963,237493
2024F,TEICB,SC,1964,239530
2024F,TEICB,SC,1965,240416
2024F,TEICB,SC,1966,260248
2024F,TEICB,SC,1967,256576
2024F,TEICB,SC,1968,268386
2024F,TEICB,SC,1969,290570
2024F,TEICB,SC,1970,309981
2024F,TEICB,SC,1971,321768
2024F,TEICB,SC,1972,356646
2024F,TEICB,SC,1973,370180
2024F,TEICB,SC,1974,353283
2024F,TEICB,SC,1975,319057
2024F,TEICB,SC,1976,376355
2024F,TEICB,SC,1977,394584
2024F,TEICB,SC,1978,379311
2024F,TEICB,SC,1979,398543
2024F,TEICB,SC,1980,400132
2024F,TEICB,SC,1981,420170
2024F,TEICB,SC,1982,375553
2024F,TEICB,SC,1983,393822
2024F,TEICB,SC,1984,434052
2024F,TEICB,SC,1985,437448
2024F,TEICB,SC,1986,471232
2024F,TEICB,SC,1987,497883
2024F,TEICB,SC,1988,519971
2024F,TEICB,SC,1989,519031
2024F,TEICB,SC,1990,537491
2024F,TEICB,SC,1991,543519
2024F,TEICB,SC,1992,563977
2024F,TEICB,SC,1993,580415
2024F,TEICB,SC,1994,586343
2024F,TEICB,SC,1995,609695
2024F,TEICB,SC,1996,617447
2024F,TEICB,SC,1997,665520
2024F,TEICB,SC,1998,651635
2024F,TEICB,SC,1999,642566
2024F,TEICB,SC,2000,656822
2024F,TEICB,SC,2001,617925
2024F,TEICB,SC,2002,630774
2024F,TEICB,SC,2003,616572
2024F,TEICB,SC,2004,641086
2024F,TEICB,SC,2005,628733
2024F,TEICB,SC,2006,623355
2024F,TEICB,SC,2007,592081
2024F,TEICB,SC,2008,562583
2024F,TEICB,SC,2009,501703
2024F,TEICB,SC,2010,524639
2024F,TEICB,SC,2011,535466
2024F,TEICB,SC,2012,534314
2024F,TEICB,SC,2013,532717
2024F,TEICB,SC,2014,549210
2024F,TEICB,SC,2015,551153
2024F,TEICB,SC,2016,524563
2024F,TEICB,SC,2017,528364
2024F,TEICB,SC,2018,524530
2024F,TEICB,SC,2019,513246
2024F,TEICB,SC,2020,478698
2024F,TEICB,SC,2021,508450
2024F,TEICB,SC,2022,505207
2024F,TEICB,SC,2023,490799
2024F,TEICB,SC,2024,490608
2024F,TEICB,SD,1960,38467
2024F,TEICB,SD,1961,37566
2024F,TEICB,SD,1962,37116
2024F,TEICB,SD,1963,39227
2024F,TEICB,SD,1964,40639
2024F,TEICB,SD,1965,37925
2024F,TEICB,SD,1966,40858
2024F,TEICB,SD,1967,38481
2024F,TEICB,SD,1968,38025
2024F,TEICB,SD,1969,40080
2024F,TEICB,SD,1970,42970
2024F,TEICB,SD,1971,41160
2024F,TEICB,SD,1972,41459
2024F,TEICB,SD,1973,42582
2024F,TEICB,SD,1974,37956
2024F,TEICB,SD,1975,44233
2024F,TEICB,SD,1976,47981
2024F,TEICB,SD,1977,47651
2024F,TEICB,SD,1978,49694
2024F,TEICB,SD,1979,53069
2024F,TEICB,SD,1980,48056
2024F,TEICB,SD,1981,43533
2024F,TEICB,SD,1982,48087
2024F,TEICB,SD,1983,44439
2024F,TEICB,SD,1984,41099
2024F,TEICB,SD,1985,40793
2024F,TEICB,SD,1986,48664
2024F,TEICB,SD,1987,49194
2024F,TEICB,SD,1988,53217
2024F,TEICB,SD,1989,56612
2024F,TEICB,SD,1990,51769
2024F,TEICB,SD,1991,48982
2024F,TEICB,SD,1992,49550
2024F,TEICB,SD,1993,55833
2024F,TEICB,SD,1994,52450
2024F,TEICB,SD,1995,50289
2024F,TEICB,SD,1996,52904
2024F,TEICB,SD,1997,53573
2024F,TEICB,SD,1998,52365
2024F,TEICB,SD,1999,56972
2024F,TEICB,SD,2000,61041
2024F,TEICB,SD,2001,52052
2024F,TEICB,SD,2002,58450
2024F,TEICB,SD,2003,66220
2024F,TEICB,SD,2004,77383
2024F,TEICB,SD,2005,87662
2024F,TEICB,SD,2006,93590
2024F,TEICB,SD,2007,104837
2024F,TEICB,SD,2008,125926
2024F,TEICB,SD,2009,132006
2024F,TEICB,SD,2010,139732
2024F,TEICB,SD,2011,137118
2024F,TEICB,SD,2012,138609
2024F,TEICB,SD,2013,146228
2024F,TEICB,SD,2014,145456
2024F,TEICB,SD,2015,148524
2024F,TEICB,SD,2016,146885
2024F,TEICB,SD,2017,152282
2024F,TEICB,SD,2018,154652
2024F,TEICB,SD,2019,153829
2024F,TEICB,SD,2020,155020
2024F,TEICB,SD,2021,162752
2024F,TEICB,SD,2022,160829
2024F,TEICB,SD,2023,160320
2024F,TEICB,SD,2024,162054
2024F,TEICB,TN,1960,488213
2024F,TEICB,TN,1961,483945
2024F,TEICB,TN,1962,485208
2024F,TEICB,TN,1963,514664
2024F,TEICB,TN,1964,531303
2024F,TEICB,TN,1965,557463
2024F,TEICB,TN,1966,608097
2024F,TEICB,TN,1967,590622
2024F,TEICB,TN,1968,587623
2024F,TEICB,TN,1969,592020
2024F,TEICB,TN,1970,588364
2024F,TEICB,TN,1971,568070
2024F,TEICB,TN,1972,619807
2024F,TEICB,TN,1973,711576
2024F,TEICB,TN,1974,689550
2024F,TEICB,TN,1975,682006
2024F,TEICB,TN,1976,760868
2024F,TEICB,TN,1977,761114
2024F,TEICB,TN,1978,691223
2024F,TEICB,TN,1979,718296
2024F,TEICB,TN,1980,679013
2024F,TEICB,TN,1981,667078
2024F,TEICB,TN,1982,584107
2024F,TEICB,TN,1983,614048
2024F,TEICB,TN,1984,705227
2024F,TEICB,TN,1985,691926
2024F,TEICB,TN,1986,670246
2024F,TEICB,TN,1987,677038
2024F,TEICB,TN,1988,713614
2024F,TEICB,TN,1989,706305
2024F,TEICB,TN,1990,696211
2024F,TEICB,TN,1991,700373
2024F,TEICB,TN,1992,785053
2024F,TEICB,TN,1993,799653
2024F,TEICB,TN,1994,800196
2024F,TEICB,TN,1995,821919
2024F,TEICB,TN,1996,823657
2024F,TEICB,TN,1997,647432
2024F,TEICB,TN,1998,696313
2024F,TEICB,TN,1999,712907
2024F,TEICB,TN,2000,713029
2024F,TEICB,TN,2001,736277
2024F,TEICB,TN,2002,711578
2024F,TEICB,TN,2003,703974
2024F,TEICB,TN,2004,722541
2024F,TEICB,TN,2005,729775
2024F,TEICB,TN,2006,730727
2024F,TEICB,TN,2007,715120
2024F,TEICB,TN,2008,698090
2024F,TEICB,TN,2009,558625
2024F,TEICB,TN,2010,611920
2024F,TEICB,TN,2011,610615
2024F,TEICB,TN,2012,604509
2024F,TEICB,TN,2013,552470
2024F,TEICB,TN,2014,576504
2024F,TEICB,TN,2015,556916
2024F,TEICB,TN,2016,574455
2024F,TEICB,TN,2017,557722
2024F,TEICB,TN,2018,535101
2024F,TEICB,TN,2019,515611
2024F,TEICB,TN,2020,492031
2024F,TEICB,TN,2021,529968
2024F,TEICB,TN,2022,518708
2024F,TEICB,TN,2023,512518
2024F,TEICB,TN,2024,527932
2024F,TEICB,TX,1960,3033419
2024F,TEICB,TX,1961,3046363
2024F,TEICB,TX,1962,3138382
2024F,TEICB,TX,1963,3319059
2024F,TEICB,TX,1964,3375871
2024F,TEICB,TX,1965,3517682
2024F,TEICB,TX,1966,3771940
2024F,TEICB,TX,1967,3935390
2024F,TEICB,TX,1968,4157815
2024F,TEICB,TX,1969,4368739
2024F,TEICB,TX,1970,4516739
2024F,TEICB,TX,1971,4716869
2024F,TEICB,TX,1972,4901527
2024F,TEICB,TX,1973,5338228
2024F,TEICB,TX,1974,5178194
2024F,TEICB,TX,1975,4553744
2024F,TEICB,TX,1976,4788031
2024F,TEICB,TX,1977,5159677
2024F,TEICB,TX,1978,5397494
2024F,TEICB,TX,1979,5594926
2024F,TEICB,TX,1980,5818771
2024F,TEICB,TX,1981,5553833
2024F,TEICB,TX,1982,4717767
2024F,TEICB,TX,1983,4595265
2024F,TEICB,TX,1984,4973868
2024F,TEICB,TX,1985,4939776
2024F,TEICB,TX,1986,4934460
2024F,TEICB,TX,1987,5155472
2024F,TEICB,TX,1988,5548145
2024F,TEICB,TX,1989,5693469
2024F,TEICB,TX,1990,5853429
2024F,TEICB,TX,1991,5874899
2024F,TEICB,TX,1992,6024271
2024F,TEICB,TX,1993,6050933
2024F,TEICB,TX,1994,6256030
2024F,TEICB,TX,1995,6357666
2024F,TEICB,TX,1996,6866555
2024F,TEICB,TX,1997,7127897
2024F,TEICB,TX,1998,7086009
2024F,TEICB,TX,1999,6728541
2024F,TEICB,TX,2000,6831205
2024F,TEICB,TX,2001,6556603
2024F,TEICB,TX,2002,6674275
2024F,TEICB,TX,2003,6650843
2024F,TEICB,TX,2004,6734276
2024F,TEICB,TX,2005,6024833
2024F,TEICB,TX,2006,6072814
2024F,TEICB,TX,2007,5985493
2024F,TEICB,TX,2008,5457708
2024F,TEICB,TX,2009,5123172
2024F,TEICB,TX,2010,5717744
2024F,TEICB,TX,2011,5777933
2024F,TEICB,TX,2012,5944798
2024F,TEICB,TX,2013,6310151
2024F,TEICB,TX,2014,6254663
2024F,TEICB,TX,2015,6395507
2024F,TEICB,TX,2016,6517520
2024F,TEICB,TX,2017,6680183
2024F,TEICB,TX,2018,7202384
2024F,TEICB,TX,2019,7336907
2024F,TEICB,TX,2020,7155306
2024F,TEICB,TX,2021,7573083
2024F,TEICB,TX,2022,7336369
2024F,TEICB,TX,2023,7672800
2024F,TEICB,TX,2024,8113456
2024F,TEICB,US,1960,20267646
2024F,TEICB,US,1961,20373464
2024F,TEICB,US,1962,21162287
2024F,TEICB,US,1963,22169547
2024F,TEICB,US,1964,23487610
2024F,TEICB,US,1965,24423674
2024F,TEICB,US,1966,25751640
2024F,TEICB,US,1967,25927732
2024F,TEICB,US,1968,27182197
2024F,TEICB,US,1969,28310942
2024F,TEICB,US,1970,28827671
2024F,TEICB,US,1971,28747829
2024F,TEICB,US,1972,30121353
2024F,TEICB,US,1973,31846959
2024F,TEICB,US,1974,30873803
2024F,TEICB,US,1975,28548531
2024F,TEICB,US,1976,30547808
2024F,TEICB,US,1977,31599210
2024F,TEICB,US,1978,31889835
2024F,TEICB,US,1979,33077128
2024F,TEICB,US,1980,31258681
2024F,TEICB,US,1981,29973417
2024F,TEICB,US,1982,26767476
2024F,TEICB,US,1983,26491629
2024F,TEICB,US,1984,28649656
2024F,TEICB,US,1985,28063159
2024F,TEICB,US,1986,27494738
2024F,TEICB,US,1987,28681032
2024F,TEICB,US,1988,30097285
2024F,TEICB,US,1989,30571437
2024F,TEICB,US,1990,30961910
2024F,TEICB,US,1991,30546841
2024F,TEICB,US,1992,31829411
2024F,TEICB,US,1993,31852424
2024F,TEICB,US,1994,32796396
2024F,TEICB,US,1995,33171726
2024F,TEICB,US,1996,34037197
2024F,TEICB,US,1997,34395699
2024F,TEICB,US,1998,33982229
2024F,TEICB,US,1999,33878265
2024F,TEICB,US,2000,33941823
2024F,TEICB,US,2001,32152473
2024F,TEICB,US,2002,32094803
2024F,TEICB,US,2003,31966940
2024F,TEICB,US,2004,32952795
2024F,TEICB,US,2005,31896055
2024F,TEICB,US,2006,31797012
2024F,TEICB,US,2007,31900522
2024F,TEICB,US,2008,30807111
2024F,TEICB,US,2009,27873853
2024F,TEICB,US,2010,30033583
2024F,TEICB,US,2011,30227883
2024F,TEICB,US,2012,30323858
2024F,TEICB,US,2013,30818006
2024F,TEICB,US,2014,30979656
2024F,TEICB,US,2015,30647235
2024F,TEICB,US,2016,30539089
2024F,TEICB,US,2017,30892053
2024F,TEICB,US,2018,31825729
2024F,TEICB,US,2019,31720862
2024F,TEICB,US,2020,30295267
2024F,TEICB,US,2021,31376391
2024F,TEICB,US,2022,31147159
2024F,TEICB,US,2023,31020145
2024F,TEICB,US,2024,31356630
2024F,TEICB,UT,1960,164640
2024F,TEICB,UT,1961,160370
2024F,TEICB,UT,1962,155964
2024F,TEICB,UT,1963,157882
2024F,TEICB,UT,1964,172869
2024F,TEICB,UT,1965,176579
2024F,TEICB,UT,1966,180358
2024F,TEICB,UT,1967,169129
2024F,TEICB,UT,1968,179127
2024F,TEICB,UT,1969,195571
2024F,TEICB,UT,1970,192361
2024F,TEICB,UT,1971,190412
2024F,TEICB,UT,1972,198220
2024F,TEICB,UT,1973,212845
2024F,TEICB,UT,1974,217165
2024F,TEICB,UT,1975,217565
2024F,TEICB,UT,1976,224852
2024F,TEICB,UT,1977,227050
2024F,TEICB,UT,1978,226790
2024F,TEICB,UT,1979,230516
2024F,TEICB,UT,1980,212890
2024F,TEICB,UT,1981,203789
2024F,TEICB,UT,1982,180398
2024F,TEICB,UT,1983,188915
2024F,TEICB,UT,1984,191063
2024F,TEICB,UT,1985,176703
2024F,TEICB,UT,1986,151003
2024F,TEICB,UT,1987,140618
2024F,TEICB,UT,1988,190451
2024F,TEICB,UT,1989,202826
2024F,TEICB,UT,1990,207580
2024F,TEICB,UT,1991,213071
2024F,TEICB,UT,1992,205684
2024F,TEICB,UT,1993,209580
2024F,TEICB,UT,1994,210353
2024F,TEICB,UT,1995,241804
2024F,TEICB,UT,1996,247095
2024F,TEICB,UT,1997,239532
2024F,TEICB,UT,1998,259733
2024F,TEICB,UT,1999,231724
2024F,TEICB,UT,2000,252768
2024F,TEICB,UT,2001,225017
2024F,TEICB,UT,2002,181004
2024F,TEICB,UT,2003,201160
2024F,TEICB,UT,2004,209373
2024F,TEICB,UT,2005,226239
2024F,TEICB,UT,2006,217010
2024F,TEICB,UT,2007,217492
2024F,TEICB,UT,2008,215479
2024F,TEICB,UT,2009,198907
2024F,TEICB,UT,2010,208328
2024F,TEICB,UT,2011,217647
2024F,TEICB,UT,2012,232532
2024F,TEICB,UT,2013,241648
2024F,TEICB,UT,2014,233485
2024F,TEICB,UT,2015,224990
2024F,TEICB,UT,2016,217298
2024F,TEICB,UT,2017,215293
2024F,TEICB,UT,2018,211955
2024F,TEICB,UT,2019,212787
2024F,TEICB,UT,2020,208204
2024F,TEICB,UT,2021,205644
2024F,TEICB,UT,2022,201443
2024F,TEICB,UT,2023,193074
2024F,TEICB,UT,2024,194533
2024F,TEICB,VA,1960,281638
2024F,TEICB,VA,1961,293331
2024F,TEICB,VA,1962,300732
2024F,TEICB,VA,1963,328373
2024F,TEICB,VA,1964,338914
2024F,TEICB,VA,1965,373903
2024F,TEICB,VA,1966,394005
2024F,TEICB,VA,1967,363632
2024F,TEICB,VA,1968,378742
2024F,TEICB,VA,1969,362945
2024F,TEICB,VA,1970,348179
2024F,TEICB,VA,1971,350973
2024F,TEICB,VA,1972,363634
2024F,TEICB,VA,1973,376650
2024F,TEICB,VA,1974,357955
2024F,TEICB,VA,1975,337857
2024F,TEICB,VA,1976,359014
2024F,TEICB,VA,1977,372451
2024F,TEICB,VA,1978,368191
2024F,TEICB,VA,1979,410549
2024F,TEICB,VA,1980,419272
2024F,TEICB,VA,1981,411969
2024F,TEICB,VA,1982,399375
2024F,TEICB,VA,1983,420367
2024F,TEICB,VA,1984,456730
2024F,TEICB,VA,1985,458260
2024F,TEICB,VA,1986,462219
2024F,TEICB,VA,1987,480864
2024F,TEICB,VA,1988,490579
2024F,TEICB,VA,1989,507014
2024F,TEICB,VA,1990,540318
2024F,TEICB,VA,1991,530887
2024F,TEICB,VA,1992,533448
2024F,TEICB,VA,1993,530398
2024F,TEICB,VA,1994,551324
2024F,TEICB,VA,1995,564740
2024F,TEICB,VA,1996,559232
2024F,TEICB,VA,1997,562014
2024F,TEICB,VA,1998,573231
2024F,TEICB,VA,1999,582775
2024F,TEICB,VA,2000,577660
2024F,TEICB,VA,2001,539421
2024F,TEICB,VA,2002,515432
2024F,TEICB,VA,2003,536887
2024F,TEICB,VA,2004,559390
2024F,TEICB,VA,2005,569011
2024F,TEICB,VA,2006,544468
2024F,TEICB,VA,2007,540986
2024F,TEICB,VA,2008,514113
2024F,TEICB,VA,2009,440263
2024F,TEICB,VA,2010,445808
2024F,TEICB,VA,2011,440706
2024F,TEICB,VA,2012,440984
2024F,TEICB,VA,2013,441776
2024F,TEICB,VA,2014,450713
2024F,TEICB,VA,2015,446456
2024F,TEICB,VA,2016,436538
2024F,TEICB,VA,2017,435557
2024F,TEICB,VA,2018,437051
2024F,TEICB,VA,2019,430462
2024F,TEICB,VA,2020,414350
2024F,TEICB,VA,2021,450608
2024F,TEICB,VA,2022,422598
2024F,TEICB,VA,2023,399043
2024F,TEICB,VA,2024,377483
2024F,TEICB,VT,1960,13191
2024F,TEICB,VT,1961,13803
2024F,TEICB,VT,1962,14171
2024F,TEICB,VT,1963,13108
2024F,TEICB,VT,1964,12384
2024F,TEICB,VT,1965,15836
2024F,TEICB,VT,1966,18415
2024F,TEICB,VT,1967,18449
2024F,TEICB,VT,1968,20032
2024F,TEICB,VT,1969,21188
2024F,TEICB,VT,1970,22680
2024F,TEICB,VT,1971,24196
2024F,TEICB,VT,1972,23870
2024F,TEICB,VT,1973,24892
2024F,TEICB,VT,1974,22183
2024F,TEICB,VT,1975,21770
2024F,TEICB,VT,1976,28987
2024F,TEICB,VT,1977,26545
2024F,TEICB,VT,1978,28990
2024F,TEICB,VT,1979,28488
2024F,TEICB,VT,1980,30996
2024F,TEICB,VT,1981,30257
2024F,TEICB,VT,1982,30468
2024F,TEICB,VT,1983,31295
2024F,TEICB,VT,1984,35050
2024F,TEICB,VT,1985,36319
2024F,TEICB,VT,1986,37197
2024F,TEICB,VT,1987,33905
2024F,TEICB,VT,1988,34854
2024F,TEICB,VT,1989,30034
2024F,TEICB,VT,1990,20582
2024F,TEICB,VT,1991,25173
2024F,TEICB,VT,1992,24859
2024F,TEICB,VT,1993,22347
2024F,TEICB,VT,1994,22393
2024F,TEICB,VT,1995,21983
2024F,TEICB,VT,1996,22652
2024F,TEICB,VT,1997,29308
2024F,TEICB,VT,1998,21784
2024F,TEICB,VT,1999,22546
2024F,TEICB,VT,2000,25692
2024F,TEICB,VT,2001,25106
2024F,TEICB,VT,2002,23908
2024F,TEICB,VT,2003,23085
2024F,TEICB,VT,2004,27578
2024F,TEICB,VT,2005,26183
2024F,TEICB,VT,2006,26145
2024F,TEICB,VT,2007,25724
2024F,TEICB,VT,2008,22305
2024F,TEICB,VT,2009,24223
2024F,TEICB,VT,2010,26920
2024F,TEICB,VT,2011,25052
2024F,TEICB,VT,2012,21007
2024F,TEICB,VT,2013,19796
2024F,TEICB,VT,2014,20097
2024F,TEICB,VT,2015,17037
2024F,TEICB,VT,2016,16555
2024F,TEICB,VT,2017,17302
2024F,TEICB,VT,2018,16588
2024F,TEICB,VT,2019,15884
2024F,TEICB,VT,2020,16921
2024F,TEICB,VT,2021,15839
2024F,TEICB,VT,2022,15939
2024F,TEICB,VT,2023,14571
2024F,TEICB,VT,2024,15624
2024F,TEICB,WA,1960,363428
2024F,TEICB,WA,1961,373070
2024F,TEICB,WA,1962,393450
2024F,TEICB,WA,1963,423554
2024F,TEICB,WA,1964,453985
2024F,TEICB,WA,1965,480165
2024F,TEICB,WA,1966,505234
2024F,TEICB,WA,1967,522704
2024F,TEICB,WA,1968,557974
2024F,TEICB,WA,1969,601075
2024F,TEICB,WA,1970,583920
2024F,TEICB,WA,1971,581567
2024F,TEICB,WA,1972,657218
2024F,TEICB,WA,1973,659674
2024F,TEICB,WA,1974,654996
2024F,TEICB,WA,1975,604367
2024F,TEICB,WA,1976,618677
2024F,TEICB,WA,1977,626903
2024F,TEICB,WA,1978,657324
2024F,TEICB,WA,1979,638998
2024F,TEICB,WA,1980,633899
2024F,TEICB,WA,1981,688901
2024F,TEICB,WA,1982,593670
2024F,TEICB,WA,1983,588541
2024F,TEICB,WA,1984,665254
2024F,TEICB,WA,1985,611076
2024F,TEICB,WA,1986,627192
2024F,TEICB,WA,1987,667653
2024F,TEICB,WA,1988,738610
2024F,TEICB,WA,1989,725096
2024F,TEICB,WA,1990,525383
2024F,TEICB,WA,1991,493229
2024F,TEICB,WA,1992,565439
2024F,TEICB,WA,1993,554256
2024F,TEICB,WA,1994,564901
2024F,TEICB,WA,1995,526373
2024F,TEICB,WA,1996,515853
2024F,TEICB,WA,1997,516234
2024F,TEICB,WA,1998,616976
2024F,TEICB,WA,1999,614682
2024F,TEICB,WA,2000,546496
2024F,TEICB,WA,2001,423420
2024F,TEICB,WA,2002,341983
2024F,TEICB,WA,2003,352652
2024F,TEICB,WA,2004,371420
2024F,TEICB,WA,2005,402936
2024F,TEICB,WA,2006,435652
2024F,TEICB,WA,2007,396380
2024F,TEICB,WA,2008,411129
2024F,TEICB,WA,2009,400620
2024F,TEICB,WA,2010,441948
2024F,TEICB,WA,2011,412485
2024F,TEICB,WA,2012,426187
2024F,TEICB,WA,2013,431874
2024F,TEICB,WA,2014,432069
2024F,TEICB,WA,2015,436339
2024F,TEICB,WA,2016,434998
2024F,TEICB,WA,2017,418186
2024F,TEICB,WA,2018,421860
2024F,TEICB,WA,2019,431422
2024F,TEICB,WA,2020,390255
2024F,TEICB,WA,2021,383143
2024F,TEICB,WA,2022,386329
2024F,TEICB,WA,2023,380031
2024F,TEICB,WA,2024,369414
2024F,TEICB,WI,1960,325340
2024F,TEICB,WI,1961,331839
2024F,TEICB,WI,1962,347393
2024F,TEICB,WI,1963,366407
2024F,TEICB,WI,1964,396321
2024F,TEICB,WI,1965,419734
2024F,TEICB,WI,1966,441467
2024F,TEICB,WI,1967,449007
2024F,TEICB,WI,1968,465795
2024F,TEICB,WI,1969,480984
2024F,TEICB,WI,1970,499524
2024F,TEICB,WI,1971,484244
2024F,TEICB,WI,1972,468453
2024F,TEICB,WI,1973,499226
2024F,TEICB,WI,1974,470670
2024F,TEICB,WI,1975,456786
2024F,TEICB,WI,1976,459625
2024F,TEICB,WI,1977,508894
2024F,TEICB,WI,1978,512540
2024F,TEICB,WI,1979,491255
2024F,TEICB,WI,1980,548432
2024F,TEICB,WI,1981,543962
2024F,TEICB,WI,1982,525863
2024F,TEICB,WI,1983,536216
2024F,TEICB,WI,1984,550817
2024F,TEICB,WI,1985,563826
2024F,TEICB,WI,1986,513501
2024F,TEICB,WI,1987,513126
2024F,TEICB,WI,1988,547396
2024F,TEICB,WI,1989,526748
2024F,TEICB,WI,1990,526739
2024F,TEICB,WI,1991,532751
2024F,TEICB,WI,1992,539743
2024F,TEICB,WI,1993,567906
2024F,TEICB,WI,1994,592698
2024F,TEICB,WI,1995,616349
2024F,TEICB,WI,1996,631078
2024F,TEICB,WI,1997,660916
2024F,TEICB,WI,1998,652634
2024F,TEICB,WI,1999,684540
2024F,TEICB,WI,2000,704676
2024F,TEICB,WI,2001,682655
2024F,TEICB,WI,2002,663404
2024F,TEICB,WI,2003,655224
2024F,TEICB,WI,2004,678578
2024F,TEICB,WI,2005,664278
2024F,TEICB,WI,2006,630772
2024F,TEICB,WI,2007,628320
2024F,TEICB,WI,2008,609257
2024F,TEICB,WI,2009,546577
2024F,TEICB,WI,2010,583390
2024F,TEICB,WI,2011,582280
2024F,TEICB,WI,2012,570003
2024F,TEICB,WI,2013,590146
2024F,TEICB,WI,2014,597435
2024F,TEICB,WI,2015,582498
2024F,TEICB,WI,2016,576088
2024F,TEICB,WI,2017,594171
2024F,TEICB,WI,2018,603124
2024F,TEICB,WI,2019,572953
2024F,TEICB,WI,2020,525115
2024F,TEICB,WI,2021,535990
2024F,TEICB,WI,2022,539490
2024F,TEICB,WI,2023,516776
2024F,TEICB,WI,2024,511862
2024F,TEICB,WV,1960,400462
2024F,TEICB,WV,1961,434195
2024F,TEICB,WV,1962,432922
2024F,TEICB,WV,1963,457129
2024F,TEICB,WV,1964,494625
2024F,TEICB,WV,1965,508610
2024F,TEICB,WV,1966,514362
2024F,TEICB,WV,1967,472968
2024F,TEICB,WV,1968,523221
2024F,TEICB,WV,1969,520286
2024F,TEICB,WV,1970,507393
2024F,TEICB,WV,1971,475886
2024F,TEICB,WV,1972,500720
2024F,TEICB,WV,1973,504495
2024F,TEICB,WV,1974,498521
2024F,TEICB,WV,1975,446620
2024F,TEICB,WV,1976,477028
2024F,TEICB,WV,1977,453415
2024F,TEICB,WV,1978,426389
2024F,TEICB,WV,1979,434447
2024F,TEICB,WV,1980,410470
2024F,TEICB,WV,1981,391901
2024F,TEICB,WV,1982,344179
2024F,TEICB,WV,1983,307953
2024F,TEICB,WV,1984,334110
2024F,TEICB,WV,1985,289706
2024F,TEICB,WV,1986,305921
2024F,TEICB,WV,1987,314470
2024F,TEICB,WV,1988,342196
2024F,TEICB,WV,1989,354069
2024F,TEICB,WV,1990,347145
2024F,TEICB,WV,1991,313490
2024F,TEICB,WV,1992,305802
2024F,TEICB,WV,1993,312013
2024F,TEICB,WV,1994,327306
2024F,TEICB,WV,1995,320597
2024F,TEICB,WV,1996,301298
2024F,TEICB,WV,1997,293014
2024F,TEICB,WV,1998,317945
2024F,TEICB,WV,1999,292748
2024F,TEICB,WV,2000,297933
2024F,TEICB,WV,2001,295237
2024F,TEICB,WV,2002,319969
2024F,TEICB,WV,2003,282886
2024F,TEICB,WV,2004,293414
2024F,TEICB,WV,2005,281481
2024F,TEICB,WV,2006,314396
2024F,TEICB,WV,2007,335598
2024F,TEICB,WV,2008,335233
2024F,TEICB,WV,2009,249276
2024F,TEICB,WV,2010,279382
2024F,TEICB,WV,2011,284403
2024F,TEICB,WV,2012,281360
2024F,TEICB,WV,2013,289402
2024F,TEICB,WV,2014,314088
2024F,TEICB,WV,2015,314523
2024F,TEICB,WV,2016,306391
2024F,TEICB,WV,2017,323150
2024F,TEICB,WV,2018,352320
2024F,TEICB,WV,2019,369151
2024F,TEICB,WV,2020,372096
2024F,TEICB,WV,2021,391252
2024F,TEICB,WV,2022,379391
2024F,TEICB,WV,2023,394602
2024F,TEICB,WV,2024,407357
2024F,TEICB,WY,1960,74250
2024F,TEICB,WY,1961,85277
2024F,TEICB,WY,1962,97891
2024F,TEICB,WY,1963,92831
2024F,TEICB,WY,1964,90991
2024F,TEICB,WY,1965,91242
2024F,TEICB,WY,1966,93645
2024F,TEICB,WY,1967,104933
2024F,TEICB,WY,1968,122780
2024F,TEICB,WY,1969,137158
2024F,TEICB,WY,1970,140233
2024F,TEICB,WY,1971,145260
2024F,TEICB,WY,1972,155883
2024F,TEICB,WY,1973,158640
2024F,TEICB,WY,1974,153351
2024F,TEICB,WY,1975,159398
2024F,TEICB,WY,1976,176671
2024F,TEICB,WY,1977,195273
2024F,TEICB,WY,1978,207739
2024F,TEICB,WY,1979,224609
2024F,TEICB,WY,1980,214576
2024F,TEICB,WY,1981,202248
2024F,TEICB,WY,1982,202923
2024F,TEICB,WY,1983,180443
2024F,TEICB,WY,1984,198726
2024F,TEICB,WY,1985,202126
2024F,TEICB,WY,1986,190628
2024F,TEICB,WY,1987,208712
2024F,TEICB,WY,1988,207589
2024F,TEICB,WY,1989,217443
2024F,TEICB,WY,1990,242564
2024F,TEICB,WY,1991,232509
2024F,TEICB,WY,1992,265927
2024F,TEICB,WY,1993,238556
2024F,TEICB,WY,1994,243511
2024F,TEICB,WY,1995,225770
2024F,TEICB,WY,1996,229865
2024F,TEICB,WY,1997,232982
2024F,TEICB,WY,1998,235579
2024F,TEICB,WY,1999,226126
2024F,TEICB,WY,2000,230022
2024F,TEICB,WY,2001,236386
2024F,TEICB,WY,2002,234878
2024F,TEICB,WY,2003,245142
2024F,TEICB,WY,2004,239722
2024F,TEICB,WY,2005,237725
2024F,TEICB,WY,2006,251290
2024F,TEICB,WY,2007,287175
2024F,TEICB,WY,2008,298646
2024F,TEICB,WY,2009,289598
2024F,TEICB,WY,2010,302130
2024F,TEICB,WY,2011,320191
2024F,TEICB,WY,2012,317188
2024F,TEICB,WY,2013,307728
2024F,TEICB,WY,2014,300735
2024F,TEICB,WY,2015,278530
2024F,TEICB,WY,2016,274856
2024F,TEICB,WY,2017,303439
2024F,TEICB,WY,2018,324086
2024F,TEICB,WY,2019,311547
2024F,TEICB,WY,2020,279356
2024F,TEICB,WY,2021,276400
2024F,TEICB,WY,2022,288383
2024F,TEICB,WY,2023,277623
2024F,TEICB,WY,2024,282956
2024F,TERCB,AK,1960,9100
2024F,TERCB,AK,1961,9705
2024F,TERCB,AK,1962,10472
2024F,TERCB,AK,1963,11256
2024F,TERCB,AK,1964,13004
2024F,TERCB,AK,1965,13857
2024F,TERCB,AK,1966,15563
2024F,TERCB,AK,1967,16413
2024F,TERCB,AK,1968,18203
2024F,TERCB,AK,1969,20544
2024F,TERCB,AK,1970,23650
2024F,TERCB,AK,1971,28350
2024F,TERCB,AK,1972,28337
2024F,TERCB,AK,1973,27583
2024F,TERCB,AK,1974,28066
2024F,TERCB,AK,1975,35048
2024F,TERCB,AK,1976,39065
2024F,TERCB,AK,1977,41906
2024F,TERCB,AK,1978,45606
2024F,TERCB,AK,1979,37079
2024F,TERCB,AK,1980,32997
2024F,TERCB,AK,1981,33080
2024F,TERCB,AK,1982,38541
2024F,TERCB,AK,1983,38625
2024F,TERCB,AK,1984,43428
2024F,TERCB,AK,1985,44637
2024F,TERCB,AK,1986,41487
2024F,TERCB,AK,1987,39655
2024F,TERCB,AK,1988,39282
2024F,TERCB,AK,1989,43778
2024F,TERCB,AK,1990,44750
2024F,TERCB,AK,1991,43253
2024F,TERCB,AK,1992,44507
2024F,TERCB,AK,1993,44596
2024F,TERCB,AK,1994,45778
2024F,TERCB,AK,1995,46821
2024F,TERCB,AK,1996,47634
2024F,TERCB,AK,1997,46179
2024F,TERCB,AK,1998,44942
2024F,TERCB,AK,1999,50265
2024F,TERCB,AK,2000,48404
2024F,TERCB,AK,2001,50813
2024F,TERCB,AK,2002,48588
2024F,TERCB,AK,2003,49016
2024F,TERCB,AK,2004,52350
2024F,TERCB,AK,2005,50160
2024F,TERCB,AK,2006,56824
2024F,TERCB,AK,2007,50947
2024F,TERCB,AK,2008,51126
2024F,TERCB,AK,2009,50683
2024F,TERCB,AK,2010,49180
2024F,TERCB,AK,2011,51050
2024F,TERCB,AK,2012,51283
2024F,TERCB,AK,2013,45571
2024F,TERCB,AK,2014,44417
2024F,TERCB,AK,2015,49764
2024F,TERCB,AK,2016,47703
2024F,TERCB,AK,2017,50014
2024F,TERCB,AK,2018,46335
2024F,TERCB,AK,2019,45576
2024F,TERCB,AK,2020,46844
2024F,TERCB,AK,2021,48550
2024F,TERCB,AK,2022,46863
2024F,TERCB,AK,2023,48750
2024F,TERCB,AK,2024,49123
2024F,TERCB,AL,1960,118461
2024F,TERCB,AL,1961,114700
2024F,TERCB,AL,1962,124708
2024F,TERCB,AL,1963,133603
2024F,TERCB,AL,1964,140027
2024F,TERCB,AL,1965,138486
2024F,TERCB,AL,1966,145090
2024F,TERCB,AL,1967,145218
2024F,TERCB,AL,1968,175828
2024F,TERCB,AL,1969,192446
2024F,TERCB,AL,1970,207031
2024F,TERCB,AL,1971,212394
2024F,TERCB,AL,1972,223573
2024F,TERCB,AL,1973,238217
2024F,TERCB,AL,1974,234102
2024F,TERCB,AL,1975,217713
2024F,TERCB,AL,1976,234171
2024F,TERCB,AL,1977,252295
2024F,TERCB,AL,1978,253893
2024F,TERCB,AL,1979,234981
2024F,TERCB,AL,1980,256959
2024F,TERCB,AL,1981,248379
2024F,TERCB,AL,1982,250871
2024F,TERCB,AL,1983,246997
2024F,TERCB,AL,1984,261507
2024F,TERCB,AL,1985,260258
2024F,TERCB,AL,1986,267557
2024F,TERCB,AL,1987,280000
2024F,TERCB,AL,1988,287320
2024F,TERCB,AL,1989,292868
2024F,TERCB,AL,1990,280898
2024F,TERCB,AL,1991,284056
2024F,TERCB,AL,1992,287511
2024F,TERCB,AL,1993,304057
2024F,TERCB,AL,1994,300704
2024F,TERCB,AL,1995,316428
2024F,TERCB,AL,1996,336218
2024F,TERCB,AL,1997,315633
2024F,TERCB,AL,1998,338840
2024F,TERCB,AL,1999,343031
2024F,TERCB,AL,2000,370236
2024F,TERCB,AL,2001,346578
2024F,TERCB,AL,2002,365195
2024F,TERCB,AL,2003,348234
2024F,TERCB,AL,2004,356075
2024F,TERCB,AL,2005,367927
2024F,TERCB,AL,2006,374411
2024F,TERCB,AL,2007,387829
2024F,TERCB,AL,2008,378548
2024F,TERCB,AL,2009,353856
2024F,TERCB,AL,2010,405336
2024F,TERCB,AL,2011,364870
2024F,TERCB,AL,2012,328461
2024F,TERCB,AL,2013,340506
2024F,TERCB,AL,2014,365119
2024F,TERCB,AL,2015,336211
2024F,TERCB,AL,2016,331716
2024F,TERCB,AL,2017,310724
2024F,TERCB,AL,2018,342255
2024F,TERCB,AL,2019,332232
2024F,TERCB,AL,2020,315576
2024F,TERCB,AL,2021,325822
2024F,TERCB,AL,2022,336143
2024F,TERCB,AL,2023,319982
2024F,TERCB,AL,2024,331569
2024F,TERCB,AR,1960,78501
2024F,TERCB,AR,1961,78524
2024F,TERCB,AR,1962,80049
2024F,TERCB,AR,1963,83198
2024F,TERCB,AR,1964,90835
2024F,TERCB,AR,1965,86678
2024F,TERCB,AR,1966,107462
2024F,TERCB,AR,1967,109719
2024F,TERCB,AR,1968,120283
2024F,TERCB,AR,1969,131241
2024F,TERCB,AR,1970,138659
2024F,TERCB,AR,1971,132279
2024F,TERCB,AR,1972,140638
2024F,TERCB,AR,1973,146330
2024F,TERCB,AR,1974,138667
2024F,TERCB,AR,1975,158002
2024F,TERCB,AR,1976,161963
2024F,TERCB,AR,1977,177276
2024F,TERCB,AR,1978,173246
2024F,TERCB,AR,1979,167466
2024F,TERCB,AR,1980,166527
2024F,TERCB,AR,1981,140187
2024F,TERCB,AR,1982,145025
2024F,TERCB,AR,1983,149045
2024F,TERCB,AR,1984,146854
2024F,TERCB,AR,1985,145003
2024F,TERCB,AR,1986,145270
2024F,TERCB,AR,1987,151220
2024F,TERCB,AR,1988,157612
2024F,TERCB,AR,1989,160968
2024F,TERCB,AR,1990,160727
2024F,TERCB,AR,1991,165453
2024F,TERCB,AR,1992,157566
2024F,TERCB,AR,1993,178823
2024F,TERCB,AR,1994,176159
2024F,TERCB,AR,1995,187184
2024F,TERCB,AR,1996,195218
2024F,TERCB,AR,1997,188701
2024F,TERCB,AR,1998,199988
2024F,TERCB,AR,1999,202026
2024F,TERCB,AR,2000,218879
2024F,TERCB,AR,2001,214597
2024F,TERCB,AR,2002,216149
2024F,TERCB,AR,2003,211117
2024F,TERCB,AR,2004,206123
2024F,TERCB,AR,2005,224943
2024F,TERCB,AR,2006,220872
2024F,TERCB,AR,2007,225012
2024F,TERCB,AR,2008,226002
2024F,TERCB,AR,2009,218162
2024F,TERCB,AR,2010,245831
2024F,TERCB,AR,2011,241166
2024F,TERCB,AR,2012,217994
2024F,TERCB,AR,2013,235604
2024F,TERCB,AR,2014,241530
2024F,TERCB,AR,2015,221167
2024F,TERCB,AR,2016,207237
2024F,TERCB,AR,2017,196907
2024F,TERCB,AR,2018,229627
2024F,TERCB,AR,2019,219617
2024F,TERCB,AR,2020,207867
2024F,TERCB,AR,2021,218636
2024F,TERCB,AR,2022,221256
2024F,TERCB,AR,2023,209295
2024F,TERCB,AR,2024,209460
2024F,TERCB,AZ,1960,46713
2024F,TERCB,AZ,1961,48522
2024F,TERCB,AZ,1962,45639
2024F,TERCB,AZ,1963,49964
2024F,TERCB,AZ,1964,57498
2024F,TERCB,AZ,1965,55139
2024F,TERCB,AZ,1966,59505
2024F,TERCB,AZ,1967,62426
2024F,TERCB,AZ,1968,67891
2024F,TERCB,AZ,1969,76806
2024F,TERCB,AZ,1970,83280
2024F,TERCB,AZ,1971,92368
2024F,TERCB,AZ,1972,103576
2024F,TERCB,AZ,1973,115008
2024F,TERCB,AZ,1974,115556
2024F,TERCB,AZ,1975,120850
2024F,TERCB,AZ,1976,126276
2024F,TERCB,AZ,1977,133334
2024F,TERCB,AZ,1978,130614
2024F,TERCB,AZ,1979,138686
2024F,TERCB,AZ,1980,144705
2024F,TERCB,AZ,1981,142044
2024F,TERCB,AZ,1982,145068
2024F,TERCB,AZ,1983,154427
2024F,TERCB,AZ,1984,158864
2024F,TERCB,AZ,1985,174855
2024F,TERCB,AZ,1986,170576
2024F,TERCB,AZ,1987,181883
2024F,TERCB,AZ,1988,192283
2024F,TERCB,AZ,1989,203050
2024F,TERCB,AZ,1990,205432
2024F,TERCB,AZ,1991,209354
2024F,TERCB,AZ,1992,214959
2024F,TERCB,AZ,1993,217737
2024F,TERCB,AZ,1994,233488
2024F,TERCB,AZ,1995,230999
2024F,TERCB,AZ,1996,251233
2024F,TERCB,AZ,1997,257274
2024F,TERCB,AZ,1998,273432
2024F,TERCB,AZ,1999,284749
2024F,TERCB,AZ,2000,314800
2024F,TERCB,AZ,2001,323477
2024F,TERCB,AZ,2002,318457
2024F,TERCB,AZ,2003,330484
2024F,TERCB,AZ,2004,342228
2024F,TERCB,AZ,2005,353479
2024F,TERCB,AZ,2006,368093
2024F,TERCB,AZ,2007,380183
2024F,TERCB,AZ,2008,371463
2024F,TERCB,AZ,2009,360924
2024F,TERCB,AZ,2010,362975
2024F,TERCB,AZ,2011,371241
2024F,TERCB,AZ,2012,361705
2024F,TERCB,AZ,2013,371251
2024F,TERCB,AZ,2014,356824
2024F,TERCB,AZ,2015,362293
2024F,TERCB,AZ,2016,364794
2024F,TERCB,AZ,2017,369932
2024F,TERCB,AZ,2018,375585
2024F,TERCB,AZ,2019,382032
2024F,TERCB,AZ,2020,404851
2024F,TERCB,AZ,2021,384812
2024F,TERCB,AZ,2022,405034
2024F,TERCB,AZ,2023,408879
2024F,TERCB,AZ,2024,413698
2024F,TERCB,CA,1960,572642
2024F,TERCB,CA,1961,594354
2024F,TERCB,CA,1962,650206
2024F,TERCB,CA,1963,684164
2024F,TERCB,CA,1964,762113
2024F,TERCB,CA,1965,807347
2024F,TERCB,CA,1966,836104
2024F,TERCB,CA,1967,891812
2024F,TERCB,CA,1968,908642
2024F,TERCB,CA,1969,990939
2024F,TERCB,CA,1970,1001228
2024F,TERCB,CA,1971,1116896
2024F,TERCB,CA,1972,1143282
2024F,TERCB,CA,1973,1141121
2024F,TERCB,CA,1974,1095377
2024F,TERCB,CA,1975,1166692
2024F,TERCB,CA,1976,1153125
2024F,TERCB,CA,1977,1116409
2024F,TERCB,CA,1978,1148025
2024F,TERCB,CA,1979,1240736
2024F,TERCB,CA,1980,1177558
2024F,TERCB,CA,1981,1146649
2024F,TERCB,CA,1982,1177687
2024F,TERCB,CA,1983,1165930
2024F,TERCB,CA,1984,1170654
2024F,TERCB,CA,1985,1253701
2024F,TERCB,CA,1986,1166165
2024F,TERCB,CA,1987,1263836
2024F,TERCB,CA,1988,1319416
2024F,TERCB,CA,1989,1371846
2024F,TERCB,CA,1990,1267416
2024F,TERCB,CA,1991,1267878
2024F,TERCB,CA,1992,1263703
2024F,TERCB,CA,1993,1218909
2024F,TERCB,CA,1994,1273362
2024F,TERCB,CA,1995,1177111
2024F,TERCB,CA,1996,1204600
2024F,TERCB,CA,1997,1209236
2024F,TERCB,CA,1998,1335068
2024F,TERCB,CA,1999,1345950
2024F,TERCB,CA,2000,1300566
2024F,TERCB,CA,2001,1322525
2024F,TERCB,CA,2002,1304814
2024F,TERCB,CA,2003,1321295
2024F,TERCB,CA,2004,1363294
2024F,TERCB,CA,2005,1311193
2024F,TERCB,CA,2006,1331067
2024F,TERCB,CA,2007,1360526
2024F,TERCB,CA,2008,1400434
2024F,TERCB,CA,2009,1364565
2024F,TERCB,CA,2010,1337056
2024F,TERCB,CA,2011,1339943
2024F,TERCB,CA,2012,1303292
2024F,TERCB,CA,2013,1301311
2024F,TERCB,CA,2014,1212364
2024F,TERCB,CA,2015,1201311
2024F,TERCB,CA,2016,1170025
2024F,TERCB,CA,2017,1170581
2024F,TERCB,CA,2018,1208295
2024F,TERCB,CA,2019,1209812
2024F,TERCB,CA,2020,1259488
2024F,TERCB,CA,2021,1224204
2024F,TERCB,CA,2022,1207011
2024F,TERCB,CA,2023,1166251
2024F,TERCB,CA,2024,1147059
2024F,TERCB,CO,1960,89293
2024F,TERCB,CO,1961,94165
2024F,TERCB,CO,1962,97034
2024F,TERCB,CO,1963,89194
2024F,TERCB,CO,1964,102823
2024F,TERCB,CO,1965,103532
2024F,TERCB,CO,1966,119524
2024F,TERCB,CO,1967,119584
2024F,TERCB,CO,1968,132167
2024F,TERCB,CO,1969,137965
2024F,TERCB,CO,1970,140743
2024F,TERCB,CO,1971,146596
2024F,TERCB,CO,1972,159638
2024F,TERCB,CO,1973,171755
2024F,TERCB,CO,1974,164175
2024F,TERCB,CO,1975,160494
2024F,TERCB,CO,1976,171762
2024F,TERCB,CO,1977,166932
2024F,TERCB,CO,1978,166258
2024F,TERCB,CO,1979,169940
2024F,TERCB,CO,1980,173685
2024F,TERCB,CO,1981,182072
2024F,TERCB,CO,1982,198866
2024F,TERCB,CO,1983,206237
2024F,TERCB,CO,1984,199006
2024F,TERCB,CO,1985,199712
2024F,TERCB,CO,1986,187871
2024F,TERCB,CO,1987,189897
2024F,TERCB,CO,1988,201207
2024F,TERCB,CO,1989,204158
2024F,TERCB,CO,1990,214336
2024F,TERCB,CO,1991,230220
2024F,TERCB,CO,1992,227103
2024F,TERCB,CO,1993,241594
2024F,TERCB,CO,1994,236787
2024F,TERCB,CO,1995,247781
2024F,TERCB,CO,1996,261270
2024F,TERCB,CO,1997,262679
2024F,TERCB,CO,1998,262308
2024F,TERCB,CO,1999,276043
2024F,TERCB,CO,2000,294906
2024F,TERCB,CO,2001,303860
2024F,TERCB,CO,2002,319481
2024F,TERCB,CO,2003,320166
2024F,TERCB,CO,2004,310150
2024F,TERCB,CO,2005,324493
2024F,TERCB,CO,2006,321495
2024F,TERCB,CO,2007,336342
2024F,TERCB,CO,2008,335744
2024F,TERCB,CO,2009,327723
2024F,TERCB,CO,2010,339990
2024F,TERCB,CO,2011,336552
2024F,TERCB,CO,2012,317473
2024F,TERCB,CO,2013,343165
2024F,TERCB,CO,2014,332090
2024F,TERCB,CO,2015,326188
2024F,TERCB,CO,2016,322204
2024F,TERCB,CO,2017,316119
2024F,TERCB,CO,2018,331961
2024F,TERCB,CO,2019,350457
2024F,TERCB,CO,2020,334446
2024F,TERCB,CO,2021,330999
2024F,TERCB,CO,2022,334362
2024F,TERCB,CO,2023,320811
2024F,TERCB,CO,2024,311890
2024F,TERCB,CT,1960,153121
2024F,TERCB,CT,1961,154275
2024F,TERCB,CT,1962,153801
2024F,TERCB,CT,1963,154899
2024F,TERCB,CT,1964,147511
2024F,TERCB,CT,1965,155024
2024F,TERCB,CT,1966,153533
2024F,TERCB,CT,1967,159299
2024F,TERCB,CT,1968,169671
2024F,TERCB,CT,1969,178993
2024F,TERCB,CT,1970,193248
2024F,TERCB,CT,1971,196196
2024F,TERCB,CT,1972,207833
2024F,TERCB,CT,1973,207740
2024F,TERCB,CT,1974,202969
2024F,TERCB,CT,1975,195782
2024F,TERCB,CT,1976,210767
2024F,TERCB,CT,1977,211580
2024F,TERCB,CT,1978,214786
2024F,TERCB,CT,1979,236496
2024F,TERCB,CT,1980,224080
2024F,TERCB,CT,1981,222777
2024F,TERCB,CT,1982,215013
2024F,TERCB,CT,1983,201901
2024F,TERCB,CT,1984,205432
2024F,TERCB,CT,1985,207501
2024F,TERCB,CT,1986,221983
2024F,TERCB,CT,1987,228233
2024F,TERCB,CT,1988,250120
2024F,TERCB,CT,1989,259686
2024F,TERCB,CT,1990,250738
2024F,TERCB,CT,1991,248714
2024F,TERCB,CT,1992,271182
2024F,TERCB,CT,1993,265053
2024F,TERCB,CT,1994,262774
2024F,TERCB,CT,1995,252532
2024F,TERCB,CT,1996,258148
2024F,TERCB,CT,1997,248065
2024F,TERCB,CT,1998,234961
2024F,TERCB,CT,1999,255205
2024F,TERCB,CT,2000,270188
2024F,TERCB,CT,2001,262225
2024F,TERCB,CT,2002,260309
2024F,TERCB,CT,2003,295821
2024F,TERCB,CT,2004,296852
2024F,TERCB,CT,2005,285269
2024F,TERCB,CT,2006,255275
2024F,TERCB,CT,2007,264253
2024F,TERCB,CT,2008,253331
2024F,TERCB,CT,2009,251826
2024F,TERCB,CT,2010,250357
2024F,TERCB,CT,2011,236963
2024F,TERCB,CT,2012,231935
2024F,TERCB,CT,2013,244581
2024F,TERCB,CT,2014,246802
2024F,TERCB,CT,2015,250631
2024F,TERCB,CT,2016,225182
2024F,TERCB,CT,2017,227565
2024F,TERCB,CT,2018,245576
2024F,TERCB,CT,2019,236805
2024F,TERCB,CT,2020,228772
2024F,TERCB,CT,2021,240141
2024F,TERCB,CT,2022,242776
2024F,TERCB,CT,2023,229171
2024F,TERCB,CT,2024,235321
2024F,TERCB,DC,1960,23603
2024F,TERCB,DC,1961,23413
2024F,TERCB,DC,1962,24308
2024F,TERCB,DC,1963,24690
2024F,TERCB,DC,1964,25122
2024F,TERCB,DC,1965,25952
2024F,TERCB,DC,1966,26362
2024F,TERCB,DC,1967,28518
2024F,TERCB,DC,1968,30403
2024F,TERCB,DC,1969,31323
2024F,TERCB,DC,1970,32956
2024F,TERCB,DC,1971,31177
2024F,TERCB,DC,1972,31350
2024F,TERCB,DC,1973,32235
2024F,TERCB,DC,1974,30444
2024F,TERCB,DC,1975,29807
2024F,TERCB,DC,1976,31186
2024F,TERCB,DC,1977,29800
2024F,TERCB,DC,1978,30808
2024F,TERCB,DC,1979,29050
2024F,TERCB,DC,1980,33085
2024F,TERCB,DC,1981,29672
2024F,TERCB,DC,1982,31923
2024F,TERCB,DC,1983,31817
2024F,TERCB,DC,1984,37501
2024F,TERCB,DC,1985,36911
2024F,TERCB,DC,1986,36989
2024F,TERCB,DC,1987,36718
2024F,TERCB,DC,1988,37305
2024F,TERCB,DC,1989,36687
2024F,TERCB,DC,1990,35255
2024F,TERCB,DC,1991,36509
2024F,TERCB,DC,1992,36941
2024F,TERCB,DC,1993,39259
2024F,TERCB,DC,1994,37273
2024F,TERCB,DC,1995,38220
2024F,TERCB,DC,1996,39157
2024F,TERCB,DC,1997,36227
2024F,TERCB,DC,1998,34683
2024F,TERCB,DC,1999,35810
2024F,TERCB,DC,2000,37720
2024F,TERCB,DC,2001,35078
2024F,TERCB,DC,2002,37857
2024F,TERCB,DC,2003,38521
2024F,TERCB,DC,2004,38951
2024F,TERCB,DC,2005,38967
2024F,TERCB,DC,2006,33601
2024F,TERCB,DC,2007,36784
2024F,TERCB,DC,2008,35383
2024F,TERCB,DC,2009,35481
2024F,TERCB,DC,2010,37895
2024F,TERCB,DC,2011,34357
2024F,TERCB,DC,2012,33009
2024F,TERCB,DC,2013,35191
2024F,TERCB,DC,2014,36742
2024F,TERCB,DC,2015,40470
2024F,TERCB,DC,2016,36840
2024F,TERCB,DC,2017,35749
2024F,TERCB,DC,2018,39049
2024F,TERCB,DC,2019,36885
2024F,TERCB,DC,2020,33536
2024F,TERCB,DC,2021,35566
2024F,TERCB,DC,2022,35568
2024F,TERCB,DC,2023,33045
2024F,TERCB,DC,2024,33790
2024F,TERCB,DE,1960,24666
2024F,TERCB,DE,1961,24169
2024F,TERCB,DE,1962,26531
2024F,TERCB,DE,1963,28974
2024F,TERCB,DE,1964,27398
2024F,TERCB,DE,1965,28632
2024F,TERCB,DE,1966,30365
2024F,TERCB,DE,1967,31277
2024F,TERCB,DE,1968,34086
2024F,TERCB,DE,1969,35140
2024F,TERCB,DE,1970,36638
2024F,TERCB,DE,1971,37761
2024F,TERCB,DE,1972,39404
2024F,TERCB,DE,1973,38877
2024F,TERCB,DE,1974,36988
2024F,TERCB,DE,1975,38763
2024F,TERCB,DE,1976,41690
2024F,TERCB,DE,1977,42088
2024F,TERCB,DE,1978,41407
2024F,TERCB,DE,1979,47441
2024F,TERCB,DE,1980,39914
2024F,TERCB,DE,1981,33101
2024F,TERCB,DE,1982,33584
2024F,TERCB,DE,1983,35214
2024F,TERCB,DE,1984,43549
2024F,TERCB,DE,1985,43500
2024F,TERCB,DE,1986,41300
2024F,TERCB,DE,1987,45700
2024F,TERCB,DE,1988,49033
2024F,TERCB,DE,1989,49658
2024F,TERCB,DE,1990,49416
2024F,TERCB,DE,1991,53682
2024F,TERCB,DE,1992,53228
2024F,TERCB,DE,1993,53498
2024F,TERCB,DE,1994,53667
2024F,TERCB,DE,1995,54757
2024F,TERCB,DE,1996,57307
2024F,TERCB,DE,1997,55495
2024F,TERCB,DE,1998,55272
2024F,TERCB,DE,1999,58653
2024F,TERCB,DE,2000,62856
2024F,TERCB,DE,2001,61068
2024F,TERCB,DE,2002,66706
2024F,TERCB,DE,2003,68416
2024F,TERCB,DE,2004,67018
2024F,TERCB,DE,2005,69725
2024F,TERCB,DE,2006,62531
2024F,TERCB,DE,2007,67051
2024F,TERCB,DE,2008,67487
2024F,TERCB,DE,2009,67260
2024F,TERCB,DE,2010,71069
2024F,TERCB,DE,2011,66065
2024F,TERCB,DE,2012,60636
2024F,TERCB,DE,2013,63245
2024F,TERCB,DE,2014,64812
2024F,TERCB,DE,2015,63856
2024F,TERCB,DE,2016,58693
2024F,TERCB,DE,2017,57163
2024F,TERCB,DE,2018,65350
2024F,TERCB,DE,2019,62342
2024F,TERCB,DE,2020,58826
2024F,TERCB,DE,2021,64727
2024F,TERCB,DE,2022,64713
2024F,TERCB,DE,2023,59334
2024F,TERCB,DE,2024,62640
2024F,TERCB,FL,1960,117746
2024F,TERCB,FL,1961,124951
2024F,TERCB,FL,1962,136258
2024F,TERCB,FL,1963,153092
2024F,TERCB,FL,1964,163944
2024F,TERCB,FL,1965,169286
2024F,TERCB,FL,1966,192264
2024F,TERCB,FL,1967,196978
2024F,TERCB,FL,1968,233269
2024F,TERCB,FL,1969,266840
2024F,TERCB,FL,1970,309379
2024F,TERCB,FL,1971,333043
2024F,TERCB,FL,1972,363656
2024F,TERCB,FL,1973,418172
2024F,TERCB,FL,1974,403043
2024F,TERCB,FL,1975,407237
2024F,TERCB,FL,1976,431465
2024F,TERCB,FL,1977,475353
2024F,TERCB,FL,1978,506668
2024F,TERCB,FL,1979,499192
2024F,TERCB,FL,1980,559568
2024F,TERCB,FL,1981,559118
2024F,TERCB,FL,1982,556668
2024F,TERCB,FL,1983,559459
2024F,TERCB,FL,1984,603973
2024F,TERCB,FL,1985,654584
2024F,TERCB,FL,1986,674247
2024F,TERCB,FL,1987,696326
2024F,TERCB,FL,1988,740912
2024F,TERCB,FL,1989,818260
2024F,TERCB,FL,1990,878331
2024F,TERCB,FL,1991,897520
2024F,TERCB,FL,1992,905461
2024F,TERCB,FL,1993,919888
2024F,TERCB,FL,1994,943471
2024F,TERCB,FL,1995,1007165
2024F,TERCB,FL,1996,1041271
2024F,TERCB,FL,1997,1028274
2024F,TERCB,FL,1998,1120158
2024F,TERCB,FL,1999,1105460
2024F,TERCB,FL,2000,1158479
2024F,TERCB,FL,2001,1160719
2024F,TERCB,FL,2002,1226842
2024F,TERCB,FL,2003,1249770
2024F,TERCB,FL,2004,1243035
2024F,TERCB,FL,2005,1256746
2024F,TERCB,FL,2006,1258765
2024F,TERCB,FL,2007,1248144
2024F,TERCB,FL,2008,1208919
2024F,TERCB,FL,2009,1215334
2024F,TERCB,FL,2010,1264768
2024F,TERCB,FL,2011,1181363
2024F,TERCB,FL,2012,1119610
2024F,TERCB,FL,2013,1138042
2024F,TERCB,FL,2014,1168972
2024F,TERCB,FL,2015,1198838
2024F,TERCB,FL,2016,1197492
2024F,TERCB,FL,2017,1164617
2024F,TERCB,FL,2018,1181052
2024F,TERCB,FL,2019,1160863
2024F,TERCB,FL,2020,1186255
2024F,TERCB,FL,2021,1175149
2024F,TERCB,FL,2022,1182724
2024F,TERCB,FL,2023,1171829
2024F,TERCB,FL,2024,1183284
2024F,TERCB,GA,1960,155919
2024F,TERCB,GA,1961,155182
2024F,TERCB,GA,1962,160370
2024F,TERCB,GA,1963,168271
2024F,TERCB,GA,1964,179084
2024F,TERCB,GA,1965,180664
2024F,TERCB,GA,1966,196991
2024F,TERCB,GA,1967,202621
2024F,TERCB,GA,1968,221404
2024F,TERCB,GA,1969,238972
2024F,TERCB,GA,1970,252486
2024F,TERCB,GA,1971,258442
2024F,TERCB,GA,1972,261865
2024F,TERCB,GA,1973,278128
2024F,TERCB,GA,1974,263687
2024F,TERCB,GA,1975,291107
2024F,TERCB,GA,1976,300925
2024F,TERCB,GA,1977,337501
2024F,TERCB,GA,1978,336818
2024F,TERCB,GA,1979,316057
2024F,TERCB,GA,1980,343691
2024F,TERCB,GA,1981,336629
2024F,TERCB,GA,1982,336660
2024F,TERCB,GA,1983,339375
2024F,TERCB,GA,1984,368035
2024F,TERCB,GA,1985,372955
2024F,TERCB,GA,1986,393358
2024F,TERCB,GA,1987,413990
2024F,TERCB,GA,1988,432395
2024F,TERCB,GA,1989,442300
2024F,TERCB,GA,1990,420158
2024F,TERCB,GA,1991,432616
2024F,TERCB,GA,1992,447892
2024F,TERCB,GA,1993,498239
2024F,TERCB,GA,1994,476470
2024F,TERCB,GA,1995,532808
2024F,TERCB,GA,1996,575871
2024F,TERCB,GA,1997,558675
2024F,TERCB,GA,1998,585358
2024F,TERCB,GA,1999,578118
2024F,TERCB,GA,2000,649841
2024F,TERCB,GA,2001,615886
2024F,TERCB,GA,2002,650004
2024F,TERCB,GA,2003,667429
2024F,TERCB,GA,2004,704344
2024F,TERCB,GA,2005,701663
2024F,TERCB,GA,2006,703444
2024F,TERCB,GA,2007,728522
2024F,TERCB,GA,2008,729482
2024F,TERCB,GA,2009,714667
2024F,TERCB,GA,2010,806895
2024F,TERCB,GA,2011,732025
2024F,TERCB,GA,2012,659224
2024F,TERCB,GA,2013,670701
2024F,TERCB,GA,2014,726340
2024F,TERCB,GA,2015,683282
2024F,TERCB,GA,2016,692959
2024F,TERCB,GA,2017,647889
2024F,TERCB,GA,2018,714609
2024F,TERCB,GA,2019,693488
2024F,TERCB,GA,2020,659293
2024F,TERCB,GA,2021,674235
2024F,TERCB,GA,2022,701106
2024F,TERCB,GA,2023,663934
2024F,TERCB,GA,2024,717097
2024F,TERCB,HI,1960,7064
2024F,TERCB,HI,1961,7272
2024F,TERCB,HI,1962,7685
2024F,TERCB,HI,1963,8642
2024F,TERCB,HI,1964,9310
2024F,TERCB,HI,1965,9821
2024F,TERCB,HI,1966,10435
2024F,TERCB,HI,1967,11659
2024F,TERCB,HI,1968,12581
2024F,TERCB,HI,1969,13999
2024F,TERCB,HI,1970,15409
2024F,TERCB,HI,1971,16704
2024F,TERCB,HI,1972,18589
2024F,TERCB,HI,1973,18964
2024F,TERCB,HI,1974,19263
2024F,TERCB,HI,1975,18917
2024F,TERCB,HI,1976,20231
2024F,TERCB,HI,1977,20676
2024F,TERCB,HI,1978,20746
2024F,TERCB,HI,1979,21396
2024F,TERCB,HI,1980,20981
2024F,TERCB,HI,1981,20909
2024F,TERCB,HI,1982,19554
2024F,TERCB,HI,1983,20058
2024F,TERCB,HI,1984,19664
2024F,TERCB,HI,1985,19853
2024F,TERCB,HI,1986,20392
2024F,TERCB,HI,1987,21907
2024F,TERCB,HI,1988,22960
2024F,TERCB,HI,1989,25243
2024F,TERCB,HI,1990,30623
2024F,TERCB,HI,1991,26003
2024F,TERCB,HI,1992,29590
2024F,TERCB,HI,1993,29218
2024F,TERCB,HI,1994,29974
2024F,TERCB,HI,1995,30689
2024F,TERCB,HI,1996,31444
2024F,TERCB,HI,1997,31534
2024F,TERCB,HI,1998,31746
2024F,TERCB,HI,1999,31839
2024F,TERCB,HI,2000,32358
2024F,TERCB,HI,2001,31648
2024F,TERCB,HI,2002,34300
2024F,TERCB,HI,2003,31342
2024F,TERCB,HI,2004,32095
2024F,TERCB,HI,2005,32758
2024F,TERCB,HI,2006,32942
2024F,TERCB,HI,2007,33072
2024F,TERCB,HI,2008,32423
2024F,TERCB,HI,2009,32319
2024F,TERCB,HI,2010,31635
2024F,TERCB,HI,2011,31100
2024F,TERCB,HI,2012,29565
2024F,TERCB,HI,2013,27939
2024F,TERCB,HI,2014,27917
2024F,TERCB,HI,2015,27700
2024F,TERCB,HI,2016,28045
2024F,TERCB,HI,2017,28755
2024F,TERCB,HI,2018,29122
2024F,TERCB,HI,2019,29502
2024F,TERCB,HI,2020,30851
2024F,TERCB,HI,2021,30668
2024F,TERCB,HI,2022,30230
2024F,TERCB,HI,2023,29368
2024F,TERCB,HI,2024,29544
2024F,TERCB,IA,1960,155178
2024F,TERCB,IA,1961,156428
2024F,TERCB,IA,1962,166050
2024F,TERCB,IA,1963,166549
2024F,TERCB,IA,1964,168020
2024F,TERCB,IA,1965,177654
2024F,TERCB,IA,1966,175334
2024F,TERCB,IA,1967,184415
2024F,TERCB,IA,1968,192981
2024F,TERCB,IA,1969,204071
2024F,TERCB,IA,1970,211108
2024F,TERCB,IA,1971,208105
2024F,TERCB,IA,1972,221712
2024F,TERCB,IA,1973,219167
2024F,TERCB,IA,1974,217264
2024F,TERCB,IA,1975,223659
2024F,TERCB,IA,1976,222003
2024F,TERCB,IA,1977,224697
2024F,TERCB,IA,1978,225917
2024F,TERCB,IA,1979,244488
2024F,TERCB,IA,1980,233000
2024F,TERCB,IA,1981,218645
2024F,TERCB,IA,1982,232702
2024F,TERCB,IA,1983,227922
2024F,TERCB,IA,1984,214585
2024F,TERCB,IA,1985,203783
2024F,TERCB,IA,1986,195054
2024F,TERCB,IA,1987,182384
2024F,TERCB,IA,1988,204047
2024F,TERCB,IA,1989,202331
2024F,TERCB,IA,1990,203676
2024F,TERCB,IA,1991,220148
2024F,TERCB,IA,1992,204348
2024F,TERCB,IA,1993,223708
2024F,TERCB,IA,1994,218001
2024F,TERCB,IA,1995,228676
2024F,TERCB,IA,1996,238932
2024F,TERCB,IA,1997,231757
2024F,TERCB,IA,1998,219831
2024F,TERCB,IA,1999,232175
2024F,TERCB,IA,2000,235769
2024F,TERCB,IA,2001,228374
2024F,TERCB,IA,2002,235393
2024F,TERCB,IA,2003,235938
2024F,TERCB,IA,2004,230261
2024F,TERCB,IA,2005,234060
2024F,TERCB,IA,2006,223610
2024F,TERCB,IA,2007,236094
2024F,TERCB,IA,2008,246469
2024F,TERCB,IA,2009,230729
2024F,TERCB,IA,2010,230991
2024F,TERCB,IA,2011,225443
2024F,TERCB,IA,2012,199180
2024F,TERCB,IA,2013,224389
2024F,TERCB,IA,2014,224473
2024F,TERCB,IA,2015,196749
2024F,TERCB,IA,2016,192811
2024F,TERCB,IA,2017,186548
2024F,TERCB,IA,2018,214694
2024F,TERCB,IA,2019,208362
2024F,TERCB,IA,2020,182148
2024F,TERCB,IA,2021,181771
2024F,TERCB,IA,2022,194137
2024F,TERCB,IA,2023,174604
2024F,TERCB,IA,2024,162000
2024F,TERCB,ID,1960,34695
2024F,TERCB,ID,1961,34836
2024F,TERCB,ID,1962,35713
2024F,TERCB,ID,1963,35990
2024F,TERCB,ID,1964,38181
2024F,TERCB,ID,1965,37419
2024F,TERCB,ID,1966,38129
2024F,TERCB,ID,1967,44329
2024F,TERCB,ID,1968,45826
2024F,TERCB,ID,1969,43861
2024F,TERCB,ID,1970,45235
2024F,TERCB,ID,1971,49613
2024F,TERCB,ID,1972,53530
2024F,TERCB,ID,1973,54774
2024F,TERCB,ID,1974,56441
2024F,TERCB,ID,1975,67521
2024F,TERCB,ID,1976,69736
2024F,TERCB,ID,1977,73748
2024F,TERCB,ID,1978,70731
2024F,TERCB,ID,1979,75681
2024F,TERCB,ID,1980,67716
2024F,TERCB,ID,1981,68998
2024F,TERCB,ID,1982,71608
2024F,TERCB,ID,1983,69925
2024F,TERCB,ID,1984,74215
2024F,TERCB,ID,1985,77023
2024F,TERCB,ID,1986,71334
2024F,TERCB,ID,1987,66249
2024F,TERCB,ID,1988,70987
2024F,TERCB,ID,1989,76109
2024F,TERCB,ID,1990,59218
2024F,TERCB,ID,1991,64460
2024F,TERCB,ID,1992,66732
2024F,TERCB,ID,1993,68367
2024F,TERCB,ID,1994,71598
2024F,TERCB,ID,1995,65622
2024F,TERCB,ID,1996,66016
2024F,TERCB,ID,1997,65505
2024F,TERCB,ID,1998,69022
2024F,TERCB,ID,1999,74633
2024F,TERCB,ID,2000,85730
2024F,TERCB,ID,2001,86854
2024F,TERCB,ID,2002,84618
2024F,TERCB,ID,2003,83402
2024F,TERCB,ID,2004,90183
2024F,TERCB,ID,2005,98781
2024F,TERCB,ID,2006,97328
2024F,TERCB,ID,2007,105956
2024F,TERCB,ID,2008,111090
2024F,TERCB,ID,2009,99622
2024F,TERCB,ID,2010,96729
2024F,TERCB,ID,2011,89356
2024F,TERCB,ID,2012,86831
2024F,TERCB,ID,2013,100219
2024F,TERCB,ID,2014,91788
2024F,TERCB,ID,2015,97557
2024F,TERCB,ID,2016,95747
2024F,TERCB,ID,2017,101990
2024F,TERCB,ID,2018,98036
2024F,TERCB,ID,2019,107510
2024F,TERCB,ID,2020,97128
2024F,TERCB,ID,2021,104573
2024F,TERCB,ID,2022,117047
2024F,TERCB,ID,2023,114213
2024F,TERCB,ID,2024,111151
2024F,TERCB,IL,1960,568985
2024F,TERCB,IL,1961,584518
2024F,TERCB,IL,1962,619140
2024F,TERCB,IL,1963,619669
2024F,TERCB,IL,1964,641437
2024F,TERCB,IL,1965,674172
2024F,TERCB,IL,1966,706603
2024F,TERCB,IL,1967,732637
2024F,TERCB,IL,1968,760001
2024F,TERCB,IL,1969,822447
2024F,TERCB,IL,1970,836162
2024F,TERCB,IL,1971,868165
2024F,TERCB,IL,1972,911375
2024F,TERCB,IL,1973,876920
2024F,TERCB,IL,1974,884476
2024F,TERCB,IL,1975,897776
2024F,TERCB,IL,1976,944866
2024F,TERCB,IL,1977,981412
2024F,TERCB,IL,1978,994962
2024F,TERCB,IL,1979,917075
2024F,TERCB,IL,1980,880193
2024F,TERCB,IL,1981,847941
2024F,TERCB,IL,1982,846100
2024F,TERCB,IL,1983,847080
2024F,TERCB,IL,1984,880791
2024F,TERCB,IL,1985,848947
2024F,TERCB,IL,1986,825252
2024F,TERCB,IL,1987,812160
2024F,TERCB,IL,1988,897860
2024F,TERCB,IL,1989,928051
2024F,TERCB,IL,1990,893058
2024F,TERCB,IL,1991,957743
2024F,TERCB,IL,1992,918827
2024F,TERCB,IL,1993,955322
2024F,TERCB,IL,1994,936682
2024F,TERCB,IL,1995,996290
2024F,TERCB,IL,1996,1029076
2024F,TERCB,IL,1997,978689
2024F,TERCB,IL,1998,914175
2024F,TERCB,IL,1999,958276
2024F,TERCB,IL,2000,971873
2024F,TERCB,IL,2001,949281
2024F,TERCB,IL,2002,1006246
2024F,TERCB,IL,2003,997820
2024F,TERCB,IL,2004,974185
2024F,TERCB,IL,2005,1012120
2024F,TERCB,IL,2006,947786
2024F,TERCB,IL,2007,1001086
2024F,TERCB,IL,2008,1024099
2024F,TERCB,IL,2009,971053
2024F,TERCB,IL,2010,989274
2024F,TERCB,IL,2011,969445
2024F,TERCB,IL,2012,902018
2024F,TERCB,IL,2013,995294
2024F,TERCB,IL,2014,1015974
2024F,TERCB,IL,2015,908426
2024F,TERCB,IL,2016,907598
2024F,TERCB,IL,2017,873177
2024F,TERCB,IL,2018,971711
2024F,TERCB,IL,2019,949675
2024F,TERCB,IL,2020,917903
2024F,TERCB,IL,2021,907653
2024F,TERCB,IL,2022,931009
2024F,TERCB,IL,2023,827634
2024F,TERCB,IL,2024,817145
2024F,TERCB,IN,1960,271911
2024F,TERCB,IN,1961,278501
2024F,TERCB,IN,1962,294235
2024F,TERCB,IN,1963,293072
2024F,TERCB,IN,1964,295450
2024F,TERCB,IN,1965,305553
2024F,TERCB,IN,1966,324768
2024F,TERCB,IN,1967,341958
2024F,TERCB,IN,1968,364836
2024F,TERCB,IN,1969,388470
2024F,TERCB,IN,1970,402417
2024F,TERCB,IN,1971,415745
2024F,TERCB,IN,1972,441363
2024F,TERCB,IN,1973,427625
2024F,TERCB,IN,1974,426615
2024F,TERCB,IN,1975,429069
2024F,TERCB,IN,1976,433454
2024F,TERCB,IN,1977,451756
2024F,TERCB,IN,1978,472571
2024F,TERCB,IN,1979,453436
2024F,TERCB,IN,1980,439983
2024F,TERCB,IN,1981,424565
2024F,TERCB,IN,1982,429111
2024F,TERCB,IN,1983,411360
2024F,TERCB,IN,1984,415049
2024F,TERCB,IN,1985,406940
2024F,TERCB,IN,1986,405477
2024F,TERCB,IN,1987,414615
2024F,TERCB,IN,1988,449952
2024F,TERCB,IN,1989,456224
2024F,TERCB,IN,1990,432572
2024F,TERCB,IN,1991,460671
2024F,TERCB,IN,1992,449934
2024F,TERCB,IN,1993,483479
2024F,TERCB,IN,1994,473010
2024F,TERCB,IN,1995,492269
2024F,TERCB,IN,1996,522309
2024F,TERCB,IN,1997,502224
2024F,TERCB,IN,1998,475100
2024F,TERCB,IN,1999,509889
2024F,TERCB,IN,2000,515784
2024F,TERCB,IN,2001,503120
2024F,TERCB,IN,2002,534678
2024F,TERCB,IN,2003,548521
2024F,TERCB,IN,2004,529881
2024F,TERCB,IN,2005,559833
2024F,TERCB,IN,2006,516132
2024F,TERCB,IN,2007,577490
2024F,TERCB,IN,2008,589724
2024F,TERCB,IN,2009,555226
2024F,TERCB,IN,2010,575619
2024F,TERCB,IN,2011,550204
2024F,TERCB,IN,2012,511645
2024F,TERCB,IN,2013,558862
2024F,TERCB,IN,2014,573355
2024F,TERCB,IN,2015,522360
2024F,TERCB,IN,2016,511925
2024F,TERCB,IN,2017,483812
2024F,TERCB,IN,2018,544397
2024F,TERCB,IN,2019,521013
2024F,TERCB,IN,2020,490723
2024F,TERCB,IN,2021,500506
2024F,TERCB,IN,2022,513283
2024F,TERCB,IN,2023,463604
2024F,TERCB,IN,2024,475574
2024F,TERCB,KS,1960,120184
2024F,TERCB,KS,1961,132916
2024F,TERCB,KS,1962,136680
2024F,TERCB,KS,1963,133181
2024F,TERCB,KS,1964,135981
2024F,TERCB,KS,1965,145163
2024F,TERCB,KS,1966,144161
2024F,TERCB,KS,1967,140532
2024F,TERCB,KS,1968,153022
2024F,TERCB,KS,1969,164726
2024F,TERCB,KS,1970,174837
2024F,TERCB,KS,1971,176930
2024F,TERCB,KS,1972,184582
2024F,TERCB,KS,1973,183929
2024F,TERCB,KS,1974,181083
2024F,TERCB,KS,1975,176771
2024F,TERCB,KS,1976,182621
2024F,TERCB,KS,1977,180089
2024F,TERCB,KS,1978,189007
2024F,TERCB,KS,1979,183832
2024F,TERCB,KS,1980,179577
2024F,TERCB,KS,1981,168789
2024F,TERCB,KS,1982,180102
2024F,TERCB,KS,1983,184250
2024F,TERCB,KS,1984,178449
2024F,TERCB,KS,1985,180784
2024F,TERCB,KS,1986,169783
2024F,TERCB,KS,1987,175197
2024F,TERCB,KS,1988,184941
2024F,TERCB,KS,1989,184631
2024F,TERCB,KS,1990,199384
2024F,TERCB,KS,1991,210871
2024F,TERCB,KS,1992,191327
2024F,TERCB,KS,1993,216421
2024F,TERCB,KS,1994,207463
2024F,TERCB,KS,1995,213485
2024F,TERCB,KS,1996,230462
2024F,TERCB,KS,1997,219050
2024F,TERCB,KS,1998,227335
2024F,TERCB,KS,1999,226051
2024F,TERCB,KS,2000,238841
2024F,TERCB,KS,2001,227150
2024F,TERCB,KS,2002,236465
2024F,TERCB,KS,2003,235900
2024F,TERCB,KS,2004,229218
2024F,TERCB,KS,2005,238654
2024F,TERCB,KS,2006,227010
2024F,TERCB,KS,2007,232899
2024F,TERCB,KS,2008,240315
2024F,TERCB,KS,2009,233809
2024F,TERCB,KS,2010,241237
2024F,TERCB,KS,2011,237375
2024F,TERCB,KS,2012,210399
2024F,TERCB,KS,2013,218599
2024F,TERCB,KS,2014,221012
2024F,TERCB,KS,2015,201011
2024F,TERCB,KS,2016,188621
2024F,TERCB,KS,2017,176480
2024F,TERCB,KS,2018,202818
2024F,TERCB,KS,2019,196205
2024F,TERCB,KS,2020,183013
2024F,TERCB,KS,2021,179855
2024F,TERCB,KS,2022,189341
2024F,TERCB,KS,2023,176426
2024F,TERCB,KS,2024,166435
2024F,TERCB,KY,1960,130891
2024F,TERCB,KY,1961,126930
2024F,TERCB,KY,1962,128837
2024F,TERCB,KY,1963,136098
2024F,TERCB,KY,1964,134782
2024F,TERCB,KY,1965,139062
2024F,TERCB,KY,1966,137974
2024F,TERCB,KY,1967,154558
2024F,TERCB,KY,1968,177982
2024F,TERCB,KY,1969,195615
2024F,TERCB,KY,1970,204855
2024F,TERCB,KY,1971,203617
2024F,TERCB,KY,1972,197606
2024F,TERCB,KY,1973,202073
2024F,TERCB,KY,1974,197855
2024F,TERCB,KY,1975,215368
2024F,TERCB,KY,1976,241217
2024F,TERCB,KY,1977,262371
2024F,TERCB,KY,1978,258621
2024F,TERCB,KY,1979,254830
2024F,TERCB,KY,1980,253736
2024F,TERCB,KY,1981,248477
2024F,TERCB,KY,1982,249439
2024F,TERCB,KY,1983,250143
2024F,TERCB,KY,1984,259383
2024F,TERCB,KY,1985,256302
2024F,TERCB,KY,1986,257754
2024F,TERCB,KY,1987,263465
2024F,TERCB,KY,1988,280581
2024F,TERCB,KY,1989,285364
2024F,TERCB,KY,1990,269660
2024F,TERCB,KY,1991,295323
2024F,TERCB,KY,1992,289803
2024F,TERCB,KY,1993,309408
2024F,TERCB,KY,1994,306771
2024F,TERCB,KY,1995,325700
2024F,TERCB,KY,1996,339352
2024F,TERCB,KY,1997,324970
2024F,TERCB,KY,1998,318359
2024F,TERCB,KY,1999,340310
2024F,TERCB,KY,2000,354678
2024F,TERCB,KY,2001,338896
2024F,TERCB,KY,2002,372358
2024F,TERCB,KY,2003,364218
2024F,TERCB,KY,2004,363234
2024F,TERCB,KY,2005,385619
2024F,TERCB,KY,2006,366855
2024F,TERCB,KY,2007,390383
2024F,TERCB,KY,2008,389482
2024F,TERCB,KY,2009,376678
2024F,TERCB,KY,2010,407223
2024F,TERCB,KY,2011,377734
2024F,TERCB,KY,2012,356074
2024F,TERCB,KY,2013,378158
2024F,TERCB,KY,2014,387595
2024F,TERCB,KY,2015,353445
2024F,TERCB,KY,2016,347494
2024F,TERCB,KY,2017,321536
2024F,TERCB,KY,2018,359216
2024F,TERCB,KY,2019,341757
2024F,TERCB,KY,2020,313264
2024F,TERCB,KY,2021,325555
2024F,TERCB,KY,2022,336483
2024F,TERCB,KY,2023,297710
2024F,TERCB,KY,2024,319029
2024F,TERCB,LA,1960,103036
2024F,TERCB,LA,1961,104683
2024F,TERCB,LA,1962,113254
2024F,TERCB,LA,1963,121081
2024F,TERCB,LA,1964,134509
2024F,TERCB,LA,1965,129055
2024F,TERCB,LA,1966,142460
2024F,TERCB,LA,1967,153502
2024F,TERCB,LA,1968,168393
2024F,TERCB,LA,1969,185560
2024F,TERCB,LA,1970,199066
2024F,TERCB,LA,1971,200865
2024F,TERCB,LA,1972,219960
2024F,TERCB,LA,1973,236575
2024F,TERCB,LA,1974,233197
2024F,TERCB,LA,1975,235104
2024F,TERCB,LA,1976,241587
2024F,TERCB,LA,1977,264493
2024F,TERCB,LA,1978,262708
2024F,TERCB,LA,1979,265978
2024F,TERCB,LA,1980,262741
2024F,TERCB,LA,1981,277263
2024F,TERCB,LA,1982,269986
2024F,TERCB,LA,1983,258015
2024F,TERCB,LA,1984,278505
2024F,TERCB,LA,1985,281829
2024F,TERCB,LA,1986,276286
2024F,TERCB,LA,1987,278906
2024F,TERCB,LA,1988,281585
2024F,TERCB,LA,1989,287568
2024F,TERCB,LA,1990,265632
2024F,TERCB,LA,1991,270329
2024F,TERCB,LA,1992,264729
2024F,TERCB,LA,1993,280588
2024F,TERCB,LA,1994,280741
2024F,TERCB,LA,1995,299736
2024F,TERCB,LA,1996,304837
2024F,TERCB,LA,1997,296049
2024F,TERCB,LA,1998,311888
2024F,TERCB,LA,1999,296047
2024F,TERCB,LA,2000,317347
2024F,TERCB,LA,2001,291447
2024F,TERCB,LA,2002,309972
2024F,TERCB,LA,2003,286020
2024F,TERCB,LA,2004,289241
2024F,TERCB,LA,2005,305426
2024F,TERCB,LA,2006,267882
2024F,TERCB,LA,2007,342273
2024F,TERCB,LA,2008,342066
2024F,TERCB,LA,2009,347696
2024F,TERCB,LA,2010,381348
2024F,TERCB,LA,2011,366301
2024F,TERCB,LA,2012,334742
2024F,TERCB,LA,2013,338053
2024F,TERCB,LA,2014,342132
2024F,TERCB,LA,2015,328034
2024F,TERCB,LA,2016,310164
2024F,TERCB,LA,2017,302997
2024F,TERCB,LA,2018,325473
2024F,TERCB,LA,2019,309294
2024F,TERCB,LA,2020,292505
2024F,TERCB,LA,2021,305340
2024F,TERCB,LA,2022,302060
2024F,TERCB,LA,2023,284348
2024F,TERCB,LA,2024,282628
2024F,TERCB,MA,1960,340179
2024F,TERCB,MA,1961,349223
2024F,TERCB,MA,1962,360261
2024F,TERCB,MA,1963,350420
2024F,TERCB,MA,1964,345132
2024F,TERCB,MA,1965,370964
2024F,TERCB,MA,1966,349710
2024F,TERCB,MA,1967,377222
2024F,TERCB,MA,1968,391061
2024F,TERCB,MA,1969,408910
2024F,TERCB,MA,1970,427945
2024F,TERCB,MA,1971,445851
2024F,TERCB,MA,1972,464892
2024F,TERCB,MA,1973,468069
2024F,TERCB,MA,1974,449761
2024F,TERCB,MA,1975,438733
2024F,TERCB,MA,1976,470967
2024F,TERCB,MA,1977,465768
2024F,TERCB,MA,1978,450809
2024F,TERCB,MA,1979,376738
2024F,TERCB,MA,1980,390110
2024F,TERCB,MA,1981,360811
2024F,TERCB,MA,1982,361541
2024F,TERCB,MA,1983,365819
2024F,TERCB,MA,1984,381910
2024F,TERCB,MA,1985,385543
2024F,TERCB,MA,1986,395781
2024F,TERCB,MA,1987,405607
2024F,TERCB,MA,1988,422155
2024F,TERCB,MA,1989,442134
2024F,TERCB,MA,1990,428678
2024F,TERCB,MA,1991,410665
2024F,TERCB,MA,1992,449840
2024F,TERCB,MA,1993,455507
2024F,TERCB,MA,1994,453414
2024F,TERCB,MA,1995,428933
2024F,TERCB,MA,1996,427277
2024F,TERCB,MA,1997,415094
2024F,TERCB,MA,1998,400967
2024F,TERCB,MA,1999,425168
2024F,TERCB,MA,2000,456181
2024F,TERCB,MA,2001,454023
2024F,TERCB,MA,2002,460055
2024F,TERCB,MA,2003,470742
2024F,TERCB,MA,2004,450632
2024F,TERCB,MA,2005,445520
2024F,TERCB,MA,2006,404337
2024F,TERCB,MA,2007,420395
2024F,TERCB,MA,2008,426391
2024F,TERCB,MA,2009,419092
2024F,TERCB,MA,2010,431487
2024F,TERCB,MA,2011,417301
2024F,TERCB,MA,2012,395808
2024F,TERCB,MA,2013,412039
2024F,TERCB,MA,2014,427032
2024F,TERCB,MA,2015,424894
2024F,TERCB,MA,2016,383012
2024F,TERCB,MA,2017,393357
2024F,TERCB,MA,2018,414042
2024F,TERCB,MA,2019,414014
2024F,TERCB,MA,2020,388582
2024F,TERCB,MA,2021,395673
2024F,TERCB,MA,2022,398511
2024F,TERCB,MA,2023,371157
2024F,TERCB,MA,2024,378996
2024F,TERCB,MD,1960,138197
2024F,TERCB,MD,1961,147795
2024F,TERCB,MD,1962,154619
2024F,TERCB,MD,1963,160740
2024F,TERCB,MD,1964,165536
2024F,TERCB,MD,1965,169334
2024F,TERCB,MD,1966,175736
2024F,TERCB,MD,1967,189505
2024F,TERCB,MD,1968,202494
2024F,TERCB,MD,1969,212764
2024F,TERCB,MD,1970,226513
2024F,TERCB,MD,1971,230769
2024F,TERCB,MD,1972,235378
2024F,TERCB,MD,1973,242946
2024F,TERCB,MD,1974,234660
2024F,TERCB,MD,1975,238469
2024F,TERCB,MD,1976,248272
2024F,TERCB,MD,1977,251611
2024F,TERCB,MD,1978,260763
2024F,TERCB,MD,1979,268349
2024F,TERCB,MD,1980,272854
2024F,TERCB,MD,1981,259700
2024F,TERCB,MD,1982,261182
2024F,TERCB,MD,1983,261147
2024F,TERCB,MD,1984,287746
2024F,TERCB,MD,1985,280848
2024F,TERCB,MD,1986,292043
2024F,TERCB,MD,1987,309881
2024F,TERCB,MD,1988,333240
2024F,TERCB,MD,1989,334530
2024F,TERCB,MD,1990,326233
2024F,TERCB,MD,1991,344035
2024F,TERCB,MD,1992,344597
2024F,TERCB,MD,1993,376265
2024F,TERCB,MD,1994,372712
2024F,TERCB,MD,1995,376482
2024F,TERCB,MD,1996,395920
2024F,TERCB,MD,1997,370920
2024F,TERCB,MD,1998,364878
2024F,TERCB,MD,1999,383832
2024F,TERCB,MD,2000,402956
2024F,TERCB,MD,2001,386994
2024F,TERCB,MD,2002,406325
2024F,TERCB,MD,2003,427908
2024F,TERCB,MD,2004,439835
2024F,TERCB,MD,2005,446377
2024F,TERCB,MD,2006,403916
2024F,TERCB,MD,2007,426860
2024F,TERCB,MD,2008,414423
2024F,TERCB,MD,2009,415430
2024F,TERCB,MD,2010,440499
2024F,TERCB,MD,2011,402872
2024F,TERCB,MD,2012,385120
2024F,TERCB,MD,2013,412721
2024F,TERCB,MD,2014,424110
2024F,TERCB,MD,2015,408667
2024F,TERCB,MD,2016,389244
2024F,TERCB,MD,2017,363581
2024F,TERCB,MD,2018,392167
2024F,TERCB,MD,2019,372703
2024F,TERCB,MD,2020,357655
2024F,TERCB,MD,2021,366954
2024F,TERCB,MD,2022,373085
2024F,TERCB,MD,2023,341613
2024F,TERCB,MD,2024,357197
2024F,TERCB,ME,1960,61932
2024F,TERCB,ME,1961,69892
2024F,TERCB,ME,1962,69720
2024F,TERCB,ME,1963,73189
2024F,TERCB,ME,1964,65423
2024F,TERCB,ME,1965,66780
2024F,TERCB,ME,1966,63552
2024F,TERCB,ME,1967,71018
2024F,TERCB,ME,1968,75058
2024F,TERCB,ME,1969,78101
2024F,TERCB,ME,1970,79551
2024F,TERCB,ME,1971,81434
2024F,TERCB,ME,1972,87214
2024F,TERCB,ME,1973,84393
2024F,TERCB,ME,1974,83495
2024F,TERCB,ME,1975,83731
2024F,TERCB,ME,1976,99193
2024F,TERCB,ME,1977,106509
2024F,TERCB,ME,1978,101968
2024F,TERCB,ME,1979,92808
2024F,TERCB,ME,1980,82512
2024F,TERCB,ME,1981,73911
2024F,TERCB,ME,1982,73116
2024F,TERCB,ME,1983,65091
2024F,TERCB,ME,1984,69404
2024F,TERCB,ME,1985,80625
2024F,TERCB,ME,1986,85048
2024F,TERCB,ME,1987,85072
2024F,TERCB,ME,1988,92184
2024F,TERCB,ME,1989,91242
2024F,TERCB,ME,1990,72525
2024F,TERCB,ME,1991,72373
2024F,TERCB,ME,1992,74180
2024F,TERCB,ME,1993,77202
2024F,TERCB,ME,1994,74434
2024F,TERCB,ME,1995,75491
2024F,TERCB,ME,1996,83542
2024F,TERCB,ME,1997,75455
2024F,TERCB,ME,1998,79359
2024F,TERCB,ME,1999,80259
2024F,TERCB,ME,2000,80098
2024F,TERCB,ME,2001,83296
2024F,TERCB,ME,2002,76779
2024F,TERCB,ME,2003,95545
2024F,TERCB,ME,2004,101232
2024F,TERCB,ME,2005,98671
2024F,TERCB,ME,2006,86661
2024F,TERCB,ME,2007,91143
2024F,TERCB,ME,2008,80301
2024F,TERCB,ME,2009,83239
2024F,TERCB,ME,2010,81849
2024F,TERCB,ME,2011,80192
2024F,TERCB,ME,2012,72119
2024F,TERCB,ME,2013,77114
2024F,TERCB,ME,2014,82424
2024F,TERCB,ME,2015,98463
2024F,TERCB,ME,2016,87927
2024F,TERCB,ME,2017,88174
2024F,TERCB,ME,2018,95139
2024F,TERCB,ME,2019,92966
2024F,TERCB,ME,2020,80480
2024F,TERCB,ME,2021,80584
2024F,TERCB,ME,2022,80751
2024F,TERCB,ME,2023,79004
2024F,TERCB,ME,2024,80521
2024F,TERCB,MI,1960,469539
2024F,TERCB,MI,1961,490189
2024F,TERCB,MI,1962,511205
2024F,TERCB,MI,1963,511087
2024F,TERCB,MI,1964,511153
2024F,TERCB,MI,1965,543980
2024F,TERCB,MI,1966,575721
2024F,TERCB,MI,1967,603659
2024F,TERCB,MI,1968,632449
2024F,TERCB,MI,1969,659871
2024F,TERCB,MI,1970,682478
2024F,TERCB,MI,1971,706470
2024F,TERCB,MI,1972,744791
2024F,TERCB,MI,1973,732427
2024F,TERCB,MI,1974,723418
2024F,TERCB,MI,1975,714894
2024F,TERCB,MI,1976,729666
2024F,TERCB,MI,1977,697568
2024F,TERCB,MI,1978,733134
2024F,TERCB,MI,1979,726034
2024F,TERCB,MI,1980,744278
2024F,TERCB,MI,1981,700904
2024F,TERCB,MI,1982,689264
2024F,TERCB,MI,1983,676183
2024F,TERCB,MI,1984,672140
2024F,TERCB,MI,1985,680226
2024F,TERCB,MI,1986,675918
2024F,TERCB,MI,1987,672392
2024F,TERCB,MI,1988,733835
2024F,TERCB,MI,1989,756226
2024F,TERCB,MI,1990,721196
2024F,TERCB,MI,1991,724067
2024F,TERCB,MI,1992,734345
2024F,TERCB,MI,1993,743666
2024F,TERCB,MI,1994,727514
2024F,TERCB,MI,1995,766183
2024F,TERCB,MI,1996,807613
2024F,TERCB,MI,1997,781666
2024F,TERCB,MI,1998,736163
2024F,TERCB,MI,1999,780797
2024F,TERCB,MI,2000,804069
2024F,TERCB,MI,2001,810739
2024F,TERCB,MI,2002,858254
2024F,TERCB,MI,2003,870157
2024F,TERCB,MI,2004,832732
2024F,TERCB,MI,2005,877245
2024F,TERCB,MI,2006,787361
2024F,TERCB,MI,2007,810711
2024F,TERCB,MI,2008,804655
2024F,TERCB,MI,2009,751885
2024F,TERCB,MI,2010,748224
2024F,TERCB,MI,2011,759404
2024F,TERCB,MI,2012,696038
2024F,TERCB,MI,2013,763444
2024F,TERCB,MI,2014,777665
2024F,TERCB,MI,2015,730999
2024F,TERCB,MI,2016,720076
2024F,TERCB,MI,2017,712426
2024F,TERCB,MI,2018,775877
2024F,TERCB,MI,2019,771601
2024F,TERCB,MI,2020,749489
2024F,TERCB,MI,2021,738265
2024F,TERCB,MI,2022,760789
2024F,TERCB,MI,2023,665984
2024F,TERCB,MI,2024,661406
2024F,TERCB,MN,1960,190156
2024F,TERCB,MN,1961,194841
2024F,TERCB,MN,1962,204036
2024F,TERCB,MN,1963,201933
2024F,TERCB,MN,1964,211130
2024F,TERCB,MN,1965,230525
2024F,TERCB,MN,1966,245781
2024F,TERCB,MN,1967,246096
2024F,TERCB,MN,1968,260860
2024F,TERCB,MN,1969,274646
2024F,TERCB,MN,1970,287766
2024F,TERCB,MN,1971,292688
2024F,TERCB,MN,1972,307069
2024F,TERCB,MN,1973,296869
2024F,TERCB,MN,1974,302302
2024F,TERCB,MN,1975,302209
2024F,TERCB,MN,1976,308422
2024F,TERCB,MN,1977,301511
2024F,TERCB,MN,1978,315998
2024F,TERCB,MN,1979,312785
2024F,TERCB,MN,1980,290796
2024F,TERCB,MN,1981,277773
2024F,TERCB,MN,1982,305961
2024F,TERCB,MN,1983,285396
2024F,TERCB,MN,1984,287115
2024F,TERCB,MN,1985,297708
2024F,TERCB,MN,1986,292367
2024F,TERCB,MN,1987,282922
2024F,TERCB,MN,1988,320974
2024F,TERCB,MN,1989,335031
2024F,TERCB,MN,1990,324448
2024F,TERCB,MN,1991,341683
2024F,TERCB,MN,1992,324271
2024F,TERCB,MN,1993,338057
2024F,TERCB,MN,1994,338492
2024F,TERCB,MN,1995,357908
2024F,TERCB,MN,1996,380564
2024F,TERCB,MN,1997,356853
2024F,TERCB,MN,1998,327862
2024F,TERCB,MN,1999,348857
2024F,TERCB,MN,2000,364813
2024F,TERCB,MN,2001,365434
2024F,TERCB,MN,2002,392408
2024F,TERCB,MN,2003,420864
2024F,TERCB,MN,2004,404292
2024F,TERCB,MN,2005,402021
2024F,TERCB,MN,2006,384229
2024F,TERCB,MN,2007,405047
2024F,TERCB,MN,2008,408068
2024F,TERCB,MN,2009,393067
2024F,TERCB,MN,2010,386629
2024F,TERCB,MN,2011,380318
2024F,TERCB,MN,2012,352318
2024F,TERCB,MN,2013,395128
2024F,TERCB,MN,2014,408321
2024F,TERCB,MN,2015,358038
2024F,TERCB,MN,2016,353541
2024F,TERCB,MN,2017,359716
2024F,TERCB,MN,2018,404987
2024F,TERCB,MN,2019,392885
2024F,TERCB,MN,2020,377689
2024F,TERCB,MN,2021,382661
2024F,TERCB,MN,2022,405375
2024F,TERCB,MN,2023,367144
2024F,TERCB,MN,2024,346210
2024F,TERCB,MO,1960,226389
2024F,TERCB,MO,1961,229461
2024F,TERCB,MO,1962,235443
2024F,TERCB,MO,1963,234772
2024F,TERCB,MO,1964,236272
2024F,TERCB,MO,1965,243576
2024F,TERCB,MO,1966,255543
2024F,TERCB,MO,1967,261208
2024F,TERCB,MO,1968,278704
2024F,TERCB,MO,1969,301700
2024F,TERCB,MO,1970,313140
2024F,TERCB,MO,1971,316363
2024F,TERCB,MO,1972,334446
2024F,TERCB,MO,1973,332873
2024F,TERCB,MO,1974,332270
2024F,TERCB,MO,1975,356131
2024F,TERCB,MO,1976,361328
2024F,TERCB,MO,1977,373624
2024F,TERCB,MO,1978,397720
2024F,TERCB,MO,1979,396427
2024F,TERCB,MO,1980,388820
2024F,TERCB,MO,1981,345789
2024F,TERCB,MO,1982,355947
2024F,TERCB,MO,1983,369249
2024F,TERCB,MO,1984,360819
2024F,TERCB,MO,1985,363318
2024F,TERCB,MO,1986,360937
2024F,TERCB,MO,1987,363425
2024F,TERCB,MO,1988,388285
2024F,TERCB,MO,1989,393256
2024F,TERCB,MO,1990,395014
2024F,TERCB,MO,1991,429195
2024F,TERCB,MO,1992,400871
2024F,TERCB,MO,1993,451525
2024F,TERCB,MO,1994,435743
2024F,TERCB,MO,1995,457707
2024F,TERCB,MO,1996,488689
2024F,TERCB,MO,1997,476078
2024F,TERCB,MO,1998,470046
2024F,TERCB,MO,1999,476973
2024F,TERCB,MO,2000,499068
2024F,TERCB,MO,2001,507721
2024F,TERCB,MO,2002,511543
2024F,TERCB,MO,2003,508579
2024F,TERCB,MO,2004,499636
2024F,TERCB,MO,2005,538882
2024F,TERCB,MO,2006,517439
2024F,TERCB,MO,2007,532171
2024F,TERCB,MO,2008,543200
2024F,TERCB,MO,2009,522284
2024F,TERCB,MO,2010,557291
2024F,TERCB,MO,2011,534438
2024F,TERCB,MO,2012,486841
2024F,TERCB,MO,2013,530935
2024F,TERCB,MO,2014,554267
2024F,TERCB,MO,2015,490005
2024F,TERCB,MO,2016,484634
2024F,TERCB,MO,2017,462228
2024F,TERCB,MO,2018,545573
2024F,TERCB,MO,2019,515182
2024F,TERCB,MO,2020,480439
2024F,TERCB,MO,2021,481201
2024F,TERCB,MO,2022,507439
2024F,TERCB,MO,2023,468843
2024F,TERCB,MO,2024,458961
2024F,TERCB,MS,1960,82484
2024F,TERCB,MS,1961,80193
2024F,TERCB,MS,1962,84662
2024F,TERCB,MS,1963,87639
2024F,TERCB,MS,1964,92463
2024F,TERCB,MS,1965,90938
2024F,TERCB,MS,1966,101216
2024F,TERCB,MS,1967,99567
2024F,TERCB,MS,1968,113698
2024F,TERCB,MS,1969,122519
2024F,TERCB,MS,1970,137957
2024F,TERCB,MS,1971,145919
2024F,TERCB,MS,1972,155781
2024F,TERCB,MS,1973,157852
2024F,TERCB,MS,1974,151744
2024F,TERCB,MS,1975,140674
2024F,TERCB,MS,1976,141961
2024F,TERCB,MS,1977,153715
2024F,TERCB,MS,1978,159134
2024F,TERCB,MS,1979,153991
2024F,TERCB,MS,1980,154794
2024F,TERCB,MS,1981,149204
2024F,TERCB,MS,1982,152254
2024F,TERCB,MS,1983,149535
2024F,TERCB,MS,1984,155814
2024F,TERCB,MS,1985,159157
2024F,TERCB,MS,1986,158800
2024F,TERCB,MS,1987,161129
2024F,TERCB,MS,1988,166864
2024F,TERCB,MS,1989,170601
2024F,TERCB,MS,1990,181113
2024F,TERCB,MS,1991,182337
2024F,TERCB,MS,1992,184206
2024F,TERCB,MS,1993,192772
2024F,TERCB,MS,1994,197762
2024F,TERCB,MS,1995,206016
2024F,TERCB,MS,1996,216059
2024F,TERCB,MS,1997,207417
2024F,TERCB,MS,1998,223766
2024F,TERCB,MS,1999,226778
2024F,TERCB,MS,2000,246012
2024F,TERCB,MS,2001,220722
2024F,TERCB,MS,2002,238018
2024F,TERCB,MS,2003,237831
2024F,TERCB,MS,2004,230335
2024F,TERCB,MS,2005,230910
2024F,TERCB,MS,2006,229386
2024F,TERCB,MS,2007,231684
2024F,TERCB,MS,2008,227522
2024F,TERCB,MS,2009,220730
2024F,TERCB,MS,2010,240291
2024F,TERCB,MS,2011,228371
2024F,TERCB,MS,2012,194273
2024F,TERCB,MS,2013,210681
2024F,TERCB,MS,2014,217703
2024F,TERCB,MS,2015,196642
2024F,TERCB,MS,2016,187713
2024F,TERCB,MS,2017,178117
2024F,TERCB,MS,2018,200446
2024F,TERCB,MS,2019,195833
2024F,TERCB,MS,2020,179061
2024F,TERCB,MS,2021,189687
2024F,TERCB,MS,2022,191825
2024F,TERCB,MS,2023,184431
2024F,TERCB,MS,2024,179700
2024F,TERCB,MT,1960,35662
2024F,TERCB,MT,1961,36745
2024F,TERCB,MT,1962,36786
2024F,TERCB,MT,1963,36295
2024F,TERCB,MT,1964,38852
2024F,TERCB,MT,1965,40131
2024F,TERCB,MT,1966,40745
2024F,TERCB,MT,1967,41058
2024F,TERCB,MT,1968,42437
2024F,TERCB,MT,1969,45134
2024F,TERCB,MT,1970,49207
2024F,TERCB,MT,1971,51548
2024F,TERCB,MT,1972,51977
2024F,TERCB,MT,1973,53327
2024F,TERCB,MT,1974,50858
2024F,TERCB,MT,1975,56962
2024F,TERCB,MT,1976,58221
2024F,TERCB,MT,1977,59103
2024F,TERCB,MT,1978,65826
2024F,TERCB,MT,1979,65857
2024F,TERCB,MT,1980,58675
2024F,TERCB,MT,1981,54834
2024F,TERCB,MT,1982,61596
2024F,TERCB,MT,1983,58828
2024F,TERCB,MT,1984,60502
2024F,TERCB,MT,1985,64756
2024F,TERCB,MT,1986,57455
2024F,TERCB,MT,1987,53348
2024F,TERCB,MT,1988,57169
2024F,TERCB,MT,1989,62087
2024F,TERCB,MT,1990,51762
2024F,TERCB,MT,1991,53541
2024F,TERCB,MT,1992,51974
2024F,TERCB,MT,1993,56640
2024F,TERCB,MT,1994,56050
2024F,TERCB,MT,1995,56319
2024F,TERCB,MT,1996,58193
2024F,TERCB,MT,1997,58088
2024F,TERCB,MT,1998,55896
2024F,TERCB,MT,1999,54008
2024F,TERCB,MT,2000,61055
2024F,TERCB,MT,2001,62167
2024F,TERCB,MT,2002,61989
2024F,TERCB,MT,2003,65951
2024F,TERCB,MT,2004,67184
2024F,TERCB,MT,2005,72278
2024F,TERCB,MT,2006,72007
2024F,TERCB,MT,2007,74844
2024F,TERCB,MT,2008,79387
2024F,TERCB,MT,2009,75794
2024F,TERCB,MT,2010,73498
2024F,TERCB,MT,2011,72147
2024F,TERCB,MT,2012,66698
2024F,TERCB,MT,2013,71991
2024F,TERCB,MT,2014,72782
2024F,TERCB,MT,2015,77170
2024F,TERCB,MT,2016,76041
2024F,TERCB,MT,2017,81018
2024F,TERCB,MT,2018,85367
2024F,TERCB,MT,2019,91841
2024F,TERCB,MT,2020,74637
2024F,TERCB,MT,2021,77254
2024F,TERCB,MT,2022,84794
2024F,TERCB,MT,2023,79999
2024F,TERCB,MT,2024,73945
2024F,TERCB,NC,1960,225676
2024F,TERCB,NC,1961,232885
2024F,TERCB,NC,1962,245127
2024F,TERCB,NC,1963,246364
2024F,TERCB,NC,1964,241239
2024F,TERCB,NC,1965,247234
2024F,TERCB,NC,1966,269151
2024F,TERCB,NC,1967,274310
2024F,TERCB,NC,1968,296531
2024F,TERCB,NC,1969,308323
2024F,TERCB,NC,1970,324047
2024F,TERCB,NC,1971,329621
2024F,TERCB,NC,1972,336170
2024F,TERCB,NC,1973,341775
2024F,TERCB,NC,1974,323924
2024F,TERCB,NC,1975,326125
2024F,TERCB,NC,1976,355639
2024F,TERCB,NC,1977,382917
2024F,TERCB,NC,1978,389087
2024F,TERCB,NC,1979,392507
2024F,TERCB,NC,1980,384357
2024F,TERCB,NC,1981,367425
2024F,TERCB,NC,1982,361332
2024F,TERCB,NC,1983,363113
2024F,TERCB,NC,1984,408400
2024F,TERCB,NC,1985,401894
2024F,TERCB,NC,1986,421337
2024F,TERCB,NC,1987,449335
2024F,TERCB,NC,1988,468955
2024F,TERCB,NC,1989,471561
2024F,TERCB,NC,1990,448572
2024F,TERCB,NC,1991,468784
2024F,TERCB,NC,1992,484232
2024F,TERCB,NC,1993,529227
2024F,TERCB,NC,1994,506404
2024F,TERCB,NC,1995,547783
2024F,TERCB,NC,1996,585390
2024F,TERCB,NC,1997,552273
2024F,TERCB,NC,1998,576761
2024F,TERCB,NC,1999,589154
2024F,TERCB,NC,2000,640967
2024F,TERCB,NC,2001,621695
2024F,TERCB,NC,2002,655006
2024F,TERCB,NC,2003,651575
2024F,TERCB,NC,2004,686947
2024F,TERCB,NC,2005,708033
2024F,TERCB,NC,2006,682922
2024F,TERCB,NC,2007,718536
2024F,TERCB,NC,2008,726159
2024F,TERCB,NC,2009,716813
2024F,TERCB,NC,2010,791783
2024F,TERCB,NC,2011,719137
2024F,TERCB,NC,2012,659230
2024F,TERCB,NC,2013,668315
2024F,TERCB,NC,2014,701612
2024F,TERCB,NC,2015,669478
2024F,TERCB,NC,2016,664060
2024F,TERCB,NC,2017,620593
2024F,TERCB,NC,2018,685740
2024F,TERCB,NC,2019,656903
2024F,TERCB,NC,2020,621419
2024F,TERCB,NC,2021,658436
2024F,TERCB,NC,2022,674309
2024F,TERCB,NC,2023,624962
2024F,TERCB,NC,2024,662204
2024F,TERCB,ND,1960,29951
2024F,TERCB,ND,1961,29486
2024F,TERCB,ND,1962,31037
2024F,TERCB,ND,1963,31255
2024F,TERCB,ND,1964,31102
2024F,TERCB,ND,1965,29360
2024F,TERCB,ND,1966,33036
2024F,TERCB,ND,1967,32958
2024F,TERCB,ND,1968,34988
2024F,TERCB,ND,1969,36101
2024F,TERCB,ND,1970,36914
2024F,TERCB,ND,1971,36272
2024F,TERCB,ND,1972,39977
2024F,TERCB,ND,1973,35935
2024F,TERCB,ND,1974,38148
2024F,TERCB,ND,1975,40109
2024F,TERCB,ND,1976,41421
2024F,TERCB,ND,1977,41661
2024F,TERCB,ND,1978,47253
2024F,TERCB,ND,1979,51530
2024F,TERCB,ND,1980,47839
2024F,TERCB,ND,1981,48348
2024F,TERCB,ND,1982,51279
2024F,TERCB,ND,1983,47996
2024F,TERCB,ND,1984,47751
2024F,TERCB,ND,1985,51302
2024F,TERCB,ND,1986,49687
2024F,TERCB,ND,1987,45422
2024F,TERCB,ND,1988,50802
2024F,TERCB,ND,1989,52744
2024F,TERCB,ND,1990,50716
2024F,TERCB,ND,1991,54190
2024F,TERCB,ND,1992,50953
2024F,TERCB,ND,1993,53404
2024F,TERCB,ND,1994,52501
2024F,TERCB,ND,1995,54854
2024F,TERCB,ND,1996,59426
2024F,TERCB,ND,1997,58079
2024F,TERCB,ND,1998,53817
2024F,TERCB,ND,1999,55506
2024F,TERCB,ND,2000,58297
2024F,TERCB,ND,2001,59985
2024F,TERCB,ND,2002,61551
2024F,TERCB,ND,2003,62979
2024F,TERCB,ND,2004,62380
2024F,TERCB,ND,2005,60513
2024F,TERCB,ND,2006,58692
2024F,TERCB,ND,2007,62500
2024F,TERCB,ND,2008,66893
2024F,TERCB,ND,2009,64841
2024F,TERCB,ND,2010,60700
2024F,TERCB,ND,2011,61873
2024F,TERCB,ND,2012,58302
2024F,TERCB,ND,2013,67156
2024F,TERCB,ND,2014,70638
2024F,TERCB,ND,2015,63407
2024F,TERCB,ND,2016,60618
2024F,TERCB,ND,2017,59822
2024F,TERCB,ND,2018,66032
2024F,TERCB,ND,2019,68820
2024F,TERCB,ND,2020,57215
2024F,TERCB,ND,2021,59761
2024F,TERCB,ND,2022,64001
2024F,TERCB,ND,2023,64016
2024F,TERCB,ND,2024,61278
2024F,TERCB,NE,1960,75583
2024F,TERCB,NE,1961,77419
2024F,TERCB,NE,1962,82487
2024F,TERCB,NE,1963,81160
2024F,TERCB,NE,1964,85549
2024F,TERCB,NE,1965,91691
2024F,TERCB,NE,1966,97810
2024F,TERCB,NE,1967,97624
2024F,TERCB,NE,1968,103669
2024F,TERCB,NE,1969,113354
2024F,TERCB,NE,1970,122524
2024F,TERCB,NE,1971,123471
2024F,TERCB,NE,1972,125627
2024F,TERCB,NE,1973,117327
2024F,TERCB,NE,1974,114066
2024F,TERCB,NE,1975,119875
2024F,TERCB,NE,1976,122892
2024F,TERCB,NE,1977,121957
2024F,TERCB,NE,1978,122103
2024F,TERCB,NE,1979,119714
2024F,TERCB,NE,1980,120712
2024F,TERCB,NE,1981,114475
2024F,TERCB,NE,1982,125841
2024F,TERCB,NE,1983,126865
2024F,TERCB,NE,1984,122532
2024F,TERCB,NE,1985,122665
2024F,TERCB,NE,1986,117623
2024F,TERCB,NE,1987,114675
2024F,TERCB,NE,1988,124890
2024F,TERCB,NE,1989,127037
2024F,TERCB,NE,1990,127649
2024F,TERCB,NE,1991,135384
2024F,TERCB,NE,1992,126022
2024F,TERCB,NE,1993,140245
2024F,TERCB,NE,1994,137800
2024F,TERCB,NE,1995,140228
2024F,TERCB,NE,1996,148277
2024F,TERCB,NE,1997,146608
2024F,TERCB,NE,1998,143515
2024F,TERCB,NE,1999,140468
2024F,TERCB,NE,2000,149201
2024F,TERCB,NE,2001,155797
2024F,TERCB,NE,2002,157010
2024F,TERCB,NE,2003,153895
2024F,TERCB,NE,2004,149532
2024F,TERCB,NE,2005,154986
2024F,TERCB,NE,2006,151009
2024F,TERCB,NE,2007,158502
2024F,TERCB,NE,2008,164053
2024F,TERCB,NE,2009,157146
2024F,TERCB,NE,2010,160470
2024F,TERCB,NE,2011,155956
2024F,TERCB,NE,2012,142280
2024F,TERCB,NE,2013,158332
2024F,TERCB,NE,2014,157086
2024F,TERCB,NE,2015,141298
2024F,TERCB,NE,2016,140748
2024F,TERCB,NE,2017,135025
2024F,TERCB,NE,2018,156018
2024F,TERCB,NE,2019,155462
2024F,TERCB,NE,2020,142671
2024F,TERCB,NE,2021,142014
2024F,TERCB,NE,2022,143364
2024F,TERCB,NE,2023,137504
2024F,TERCB,NE,2024,128919
2024F,TERCB,NH,1960,39103
2024F,TERCB,NH,1961,44715
2024F,TERCB,NH,1962,47195
2024F,TERCB,NH,1963,49866
2024F,TERCB,NH,1964,46343
2024F,TERCB,NH,1965,47743
2024F,TERCB,NH,1966,47104
2024F,TERCB,NH,1967,51692
2024F,TERCB,NH,1968,55805
2024F,TERCB,NH,1969,60000
2024F,TERCB,NH,1970,62564
2024F,TERCB,NH,1971,66671
2024F,TERCB,NH,1972,71073
2024F,TERCB,NH,1973,71487
2024F,TERCB,NH,1974,68811
2024F,TERCB,NH,1975,67032
2024F,TERCB,NH,1976,78593
2024F,TERCB,NH,1977,77025
2024F,TERCB,NH,1978,79327
2024F,TERCB,NH,1979,64697
2024F,TERCB,NH,1980,62145
2024F,TERCB,NH,1981,60470
2024F,TERCB,NH,1982,58185
2024F,TERCB,NH,1983,58878
2024F,TERCB,NH,1984,63807
2024F,TERCB,NH,1985,68125
2024F,TERCB,NH,1986,67591
2024F,TERCB,NH,1987,75061
2024F,TERCB,NH,1988,77093
2024F,TERCB,NH,1989,83191
2024F,TERCB,NH,1990,75552
2024F,TERCB,NH,1991,74121
2024F,TERCB,NH,1992,76398
2024F,TERCB,NH,1993,76843
2024F,TERCB,NH,1994,76843
2024F,TERCB,NH,1995,78072
2024F,TERCB,NH,1996,80823
2024F,TERCB,NH,1997,78822
2024F,TERCB,NH,1998,77301
2024F,TERCB,NH,1999,80289
2024F,TERCB,NH,2000,82465
2024F,TERCB,NH,2001,83669
2024F,TERCB,NH,2002,84264
2024F,TERCB,NH,2003,93195
2024F,TERCB,NH,2004,93801
2024F,TERCB,NH,2005,92008
2024F,TERCB,NH,2006,86710
2024F,TERCB,NH,2007,88458
2024F,TERCB,NH,2008,85615
2024F,TERCB,NH,2009,88238
2024F,TERCB,NH,2010,86319
2024F,TERCB,NH,2011,85211
2024F,TERCB,NH,2012,79084
2024F,TERCB,NH,2013,89337
2024F,TERCB,NH,2014,94987
2024F,TERCB,NH,2015,98711
2024F,TERCB,NH,2016,91951
2024F,TERCB,NH,2017,96750
2024F,TERCB,NH,2018,104101
2024F,TERCB,NH,2019,102110
2024F,TERCB,NH,2020,95168
2024F,TERCB,NH,2021,91458
2024F,TERCB,NH,2022,94504
2024F,TERCB,NH,2023,90718
2024F,TERCB,NH,2024,91836
2024F,TERCB,NJ,1960,302058
2024F,TERCB,NJ,1961,324372
2024F,TERCB,NJ,1962,338195
2024F,TERCB,NJ,1963,359430
2024F,TERCB,NJ,1964,366594
2024F,TERCB,NJ,1965,382135
2024F,TERCB,NJ,1966,399924
2024F,TERCB,NJ,1967,426200
2024F,TERCB,NJ,1968,445250
2024F,TERCB,NJ,1969,468643
2024F,TERCB,NJ,1970,481146
2024F,TERCB,NJ,1971,489333
2024F,TERCB,NJ,1972,519155
2024F,TERCB,NJ,1973,520089
2024F,TERCB,NJ,1974,487022
2024F,TERCB,NJ,1975,479733
2024F,TERCB,NJ,1976,513367
2024F,TERCB,NJ,1977,500929
2024F,TERCB,NJ,1978,497421
2024F,TERCB,NJ,1979,443042
2024F,TERCB,NJ,1980,487470
2024F,TERCB,NJ,1981,491310
2024F,TERCB,NJ,1982,463290
2024F,TERCB,NJ,1983,460866
2024F,TERCB,NJ,1984,477021
2024F,TERCB,NJ,1985,482898
2024F,TERCB,NJ,1986,487752
2024F,TERCB,NJ,1987,512213
2024F,TERCB,NJ,1988,543517
2024F,TERCB,NJ,1989,550261
2024F,TERCB,NJ,1990,512187
2024F,TERCB,NJ,1991,521279
2024F,TERCB,NJ,1992,531585
2024F,TERCB,NJ,1993,542762
2024F,TERCB,NJ,1994,576306
2024F,TERCB,NJ,1995,547624
2024F,TERCB,NJ,1996,569892
2024F,TERCB,NJ,1997,550146
2024F,TERCB,NJ,1998,532411
2024F,TERCB,NJ,1999,567201
2024F,TERCB,NJ,2000,582731
2024F,TERCB,NJ,2001,575601
2024F,TERCB,NJ,2002,591176
2024F,TERCB,NJ,2003,639805
2024F,TERCB,NJ,2004,634057
2024F,TERCB,NJ,2005,636062
2024F,TERCB,NJ,2006,573535
2024F,TERCB,NJ,2007,614709
2024F,TERCB,NJ,2008,598698
2024F,TERCB,NJ,2009,586415
2024F,TERCB,NJ,2010,593651
2024F,TERCB,NJ,2011,569610
2024F,TERCB,NJ,2012,533050
2024F,TERCB,NJ,2013,575928
2024F,TERCB,NJ,2014,589410
2024F,TERCB,NJ,2015,576645
2024F,TERCB,NJ,2016,533177
2024F,TERCB,NJ,2017,528977
2024F,TERCB,NJ,2018,577024
2024F,TERCB,NJ,2019,552809
2024F,TERCB,NJ,2020,547555
2024F,TERCB,NJ,2021,567311
2024F,TERCB,NJ,2022,573079
2024F,TERCB,NJ,2023,531861
2024F,TERCB,NJ,2024,550060
2024F,TERCB,NM,1960,41736
2024F,TERCB,NM,1961,45091
2024F,TERCB,NM,1962,45857
2024F,TERCB,NM,1963,49699
2024F,TERCB,NM,1964,49441
2024F,TERCB,NM,1965,47326
2024F,TERCB,NM,1966,53163
2024F,TERCB,NM,1967,55882
2024F,TERCB,NM,1968,58257
2024F,TERCB,NM,1969,56681
2024F,TERCB,NM,1970,60226
2024F,TERCB,NM,1971,62633
2024F,TERCB,NM,1972,67297
2024F,TERCB,NM,1973,55742
2024F,TERCB,NM,1974,57620
2024F,TERCB,NM,1975,59253
2024F,TERCB,NM,1976,69960
2024F,TERCB,NM,1977,61238
2024F,TERCB,NM,1978,61615
2024F,TERCB,NM,1979,67267
2024F,TERCB,NM,1980,65444
2024F,TERCB,NM,1981,59656
2024F,TERCB,NM,1982,63598
2024F,TERCB,NM,1983,66500
2024F,TERCB,NM,1984,68663
2024F,TERCB,NM,1985,70224
2024F,TERCB,NM,1986,67674
2024F,TERCB,NM,1987,70321
2024F,TERCB,NM,1988,71479
2024F,TERCB,NM,1989,72656
2024F,TERCB,NM,1990,79454
2024F,TERCB,NM,1991,80834
2024F,TERCB,NM,1992,82908
2024F,TERCB,NM,1993,83277
2024F,TERCB,NM,1994,82023
2024F,TERCB,NM,1995,81893
2024F,TERCB,NM,1996,90246
2024F,TERCB,NM,1997,96001
2024F,TERCB,NM,1998,96269
2024F,TERCB,NM,1999,98499
2024F,TERCB,NM,2000,100927
2024F,TERCB,NM,2001,103384
2024F,TERCB,NM,2002,104043
2024F,TERCB,NM,2003,103430
2024F,TERCB,NM,2004,107616
2024F,TERCB,NM,2005,115423
2024F,TERCB,NM,2006,111925
2024F,TERCB,NM,2007,117901
2024F,TERCB,NM,2008,117676
2024F,TERCB,NM,2009,113248
2024F,TERCB,NM,2010,117620
2024F,TERCB,NM,2011,117637
2024F,TERCB,NM,2012,112180
2024F,TERCB,NM,2013,119297
2024F,TERCB,NM,2014,112441
2024F,TERCB,NM,2015,113570
2024F,TERCB,NM,2016,111538
2024F,TERCB,NM,2017,104114
2024F,TERCB,NM,2018,109825
2024F,TERCB,NM,2019,121842
2024F,TERCB,NM,2020,109372
2024F,TERCB,NM,2021,103050
2024F,TERCB,NM,2022,104048
2024F,TERCB,NM,2023,100369
2024F,TERCB,NM,2024,98103
2024F,TERCB,NV,1960,12914
2024F,TERCB,NV,1961,13693
2024F,TERCB,NV,1962,15032
2024F,TERCB,NV,1963,19350
2024F,TERCB,NV,1964,24067
2024F,TERCB,NV,1965,22373
2024F,TERCB,NV,1966,24948
2024F,TERCB,NV,1967,25210
2024F,TERCB,NV,1968,26631
2024F,TERCB,NV,1969,30099
2024F,TERCB,NV,1970,34330
2024F,TERCB,NV,1971,38060
2024F,TERCB,NV,1972,40549
2024F,TERCB,NV,1973,43219
2024F,TERCB,NV,1974,43114
2024F,TERCB,NV,1975,44748
2024F,TERCB,NV,1976,44578
2024F,TERCB,NV,1977,47571
2024F,TERCB,NV,1978,52729
2024F,TERCB,NV,1979,57233
2024F,TERCB,NV,1980,58458
2024F,TERCB,NV,1981,56995
2024F,TERCB,NV,1982,62701
2024F,TERCB,NV,1983,57181
2024F,TERCB,NV,1984,61602
2024F,TERCB,NV,1985,64474
2024F,TERCB,NV,1986,62143
2024F,TERCB,NV,1987,66037
2024F,TERCB,NV,1988,72472
2024F,TERCB,NV,1989,78392
2024F,TERCB,NV,1990,85004
2024F,TERCB,NV,1991,87862
2024F,TERCB,NV,1992,89876
2024F,TERCB,NV,1993,94627
2024F,TERCB,NV,1994,104567
2024F,TERCB,NV,1995,99610
2024F,TERCB,NV,1996,113145
2024F,TERCB,NV,1997,115765
2024F,TERCB,NV,1998,120013
2024F,TERCB,NV,1999,124473
2024F,TERCB,NV,2000,135162
2024F,TERCB,NV,2001,139134
2024F,TERCB,NV,2002,135257
2024F,TERCB,NV,2003,145314
2024F,TERCB,NV,2004,150471
2024F,TERCB,NV,2005,151706
2024F,TERCB,NV,2006,159316
2024F,TERCB,NV,2007,157732
2024F,TERCB,NV,2008,153425
2024F,TERCB,NV,2009,145380
2024F,TERCB,NV,2010,144638
2024F,TERCB,NV,2011,143868
2024F,TERCB,NV,2012,140774
2024F,TERCB,NV,2013,145857
2024F,TERCB,NV,2014,137215
2024F,TERCB,NV,2015,136667
2024F,TERCB,NV,2016,139796
2024F,TERCB,NV,2017,143327
2024F,TERCB,NV,2018,148961
2024F,TERCB,NV,2019,150980
2024F,TERCB,NV,2020,158230
2024F,TERCB,NV,2021,156675
2024F,TERCB,NV,2022,157641
2024F,TERCB,NV,2023,153198
2024F,TERCB,NV,2024,153337
2024F,TERCB,NY,1960,708450
2024F,TERCB,NY,1961,754905
2024F,TERCB,NY,1962,800332
2024F,TERCB,NY,1963,814905
2024F,TERCB,NY,1964,821647
2024F,TERCB,NY,1965,873885
2024F,TERCB,NY,1966,910867
2024F,TERCB,NY,1967,921984
2024F,TERCB,NY,1968,963656
2024F,TERCB,NY,1969,995658
2024F,TERCB,NY,1970,1041322
2024F,TERCB,NY,1971,1052958
2024F,TERCB,NY,1972,1089941
2024F,TERCB,NY,1973,1084372
2024F,TERCB,NY,1974,1035335
2024F,TERCB,NY,1975,1013220
2024F,TERCB,NY,1976,1081036
2024F,TERCB,NY,1977,1075650
2024F,TERCB,NY,1978,1084186
2024F,TERCB,NY,1979,960325
2024F,TERCB,NY,1980,985435
2024F,TERCB,NY,1981,977959
2024F,TERCB,NY,1982,953448
2024F,TERCB,NY,1983,949405
2024F,TERCB,NY,1984,984561
2024F,TERCB,NY,1985,973488
2024F,TERCB,NY,1986,1003575
2024F,TERCB,NY,1987,1039041
2024F,TERCB,NY,1988,1098964
2024F,TERCB,NY,1989,1093732
2024F,TERCB,NY,1990,986030
2024F,TERCB,NY,1991,978147
2024F,TERCB,NY,1992,1033195
2024F,TERCB,NY,1993,1039369
2024F,TERCB,NY,1994,1021470
2024F,TERCB,NY,1995,1007021
2024F,TERCB,NY,1996,1051887
2024F,TERCB,NY,1997,1053808
2024F,TERCB,NY,1998,1002771
2024F,TERCB,NY,1999,1096872
2024F,TERCB,NY,2000,1163405
2024F,TERCB,NY,2001,1121512
2024F,TERCB,NY,2002,1106582
2024F,TERCB,NY,2003,1182056
2024F,TERCB,NY,2004,1175085
2024F,TERCB,NY,2005,1202268
2024F,TERCB,NY,2006,1048335
2024F,TERCB,NY,2007,1123968
2024F,TERCB,NY,2008,1089292
2024F,TERCB,NY,2009,1011210
2024F,TERCB,NY,2010,1025101
2024F,TERCB,NY,2011,999247
2024F,TERCB,NY,2012,957700
2024F,TERCB,NY,2013,1006774
2024F,TERCB,NY,2014,1056236
2024F,TERCB,NY,2015,1073188
2024F,TERCB,NY,2016,987089
2024F,TERCB,NY,2017,979455
2024F,TERCB,NY,2018,1098561
2024F,TERCB,NY,2019,1063470
2024F,TERCB,NY,2020,990167
2024F,TERCB,NY,2021,1020595
2024F,TERCB,NY,2022,1027519
2024F,TERCB,NY,2023,980866
2024F,TERCB,NY,2024,968332
2024F,TERCB,OH,1960,612741
2024F,TERCB,OH,1961,618859
2024F,TERCB,OH,1962,647127
2024F,TERCB,OH,1963,659856
2024F,TERCB,OH,1964,658820
2024F,TERCB,OH,1965,693690
2024F,TERCB,OH,1966,738751
2024F,TERCB,OH,1967,755333
2024F,TERCB,OH,1968,775570
2024F,TERCB,OH,1969,806145
2024F,TERCB,OH,1970,827322
2024F,TERCB,OH,1971,834070
2024F,TERCB,OH,1972,872790
2024F,TERCB,OH,1973,854330
2024F,TERCB,OH,1974,857469
2024F,TERCB,OH,1975,847323
2024F,TERCB,OH,1976,896881
2024F,TERCB,OH,1977,893650
2024F,TERCB,OH,1978,916928
2024F,TERCB,OH,1979,828594
2024F,TERCB,OH,1980,835645
2024F,TERCB,OH,1981,803472
2024F,TERCB,OH,1982,787142
2024F,TERCB,OH,1983,751369
2024F,TERCB,OH,1984,783095
2024F,TERCB,OH,1985,781434
2024F,TERCB,OH,1986,797525
2024F,TERCB,OH,1987,817298
2024F,TERCB,OH,1988,871151
2024F,TERCB,OH,1989,890792
2024F,TERCB,OH,1990,830504
2024F,TERCB,OH,1991,880690
2024F,TERCB,OH,1992,877714
2024F,TERCB,OH,1993,914095
2024F,TERCB,OH,1994,896329
2024F,TERCB,OH,1995,936977
2024F,TERCB,OH,1996,960119
2024F,TERCB,OH,1997,918759
2024F,TERCB,OH,1998,864613
2024F,TERCB,OH,1999,927587
2024F,TERCB,OH,2000,945913
2024F,TERCB,OH,2001,900901
2024F,TERCB,OH,2002,950940
2024F,TERCB,OH,2003,969963
2024F,TERCB,OH,2004,964465
2024F,TERCB,OH,2005,1001778
2024F,TERCB,OH,2006,906816
2024F,TERCB,OH,2007,965166
2024F,TERCB,OH,2008,962625
2024F,TERCB,OH,2009,926273
2024F,TERCB,OH,2010,950625
2024F,TERCB,OH,2011,930135
2024F,TERCB,OH,2012,850834
2024F,TERCB,OH,2013,902420
2024F,TERCB,OH,2014,939193
2024F,TERCB,OH,2015,877536
2024F,TERCB,OH,2016,852228
2024F,TERCB,OH,2017,818547
2024F,TERCB,OH,2018,901435
2024F,TERCB,OH,2019,855385
2024F,TERCB,OH,2020,830876
2024F,TERCB,OH,2021,835957
2024F,TERCB,OH,2022,855782
2024F,TERCB,OH,2023,764016
2024F,TERCB,OH,2024,767385
2024F,TERCB,OK,1960,111298
2024F,TERCB,OK,1961,114824
2024F,TERCB,OK,1962,120825
2024F,TERCB,OK,1963,126776
2024F,TERCB,OK,1964,132469
2024F,TERCB,OK,1965,132868
2024F,TERCB,OK,1966,139692
2024F,TERCB,OK,1967,140549
2024F,TERCB,OK,1968,157692
2024F,TERCB,OK,1969,169968
2024F,TERCB,OK,1970,184409
2024F,TERCB,OK,1971,185362
2024F,TERCB,OK,1972,202602
2024F,TERCB,OK,1973,202255
2024F,TERCB,OK,1974,207012
2024F,TERCB,OK,1975,203776
2024F,TERCB,OK,1976,208637
2024F,TERCB,OK,1977,228956
2024F,TERCB,OK,1978,235511
2024F,TERCB,OK,1979,219519
2024F,TERCB,OK,1980,217984
2024F,TERCB,OK,1981,222957
2024F,TERCB,OK,1982,241774
2024F,TERCB,OK,1983,246881
2024F,TERCB,OK,1984,240188
2024F,TERCB,OK,1985,240567
2024F,TERCB,OK,1986,220524
2024F,TERCB,OK,1987,221603
2024F,TERCB,OK,1988,236273
2024F,TERCB,OK,1989,234192
2024F,TERCB,OK,1990,263316
2024F,TERCB,OK,1991,247707
2024F,TERCB,OK,1992,229497
2024F,TERCB,OK,1993,260579
2024F,TERCB,OK,1994,258134
2024F,TERCB,OK,1995,257313
2024F,TERCB,OK,1996,282282
2024F,TERCB,OK,1997,272847
2024F,TERCB,OK,1998,288996
2024F,TERCB,OK,1999,274862
2024F,TERCB,OK,2000,301129
2024F,TERCB,OK,2001,296878
2024F,TERCB,OK,2002,300690
2024F,TERCB,OK,2003,295966
2024F,TERCB,OK,2004,280459
2024F,TERCB,OK,2005,291141
2024F,TERCB,OK,2006,288722
2024F,TERCB,OK,2007,288229
2024F,TERCB,OK,2008,293897
2024F,TERCB,OK,2009,286346
2024F,TERCB,OK,2010,312950
2024F,TERCB,OK,2011,309189
2024F,TERCB,OK,2012,272415
2024F,TERCB,OK,2013,294936
2024F,TERCB,OK,2014,295936
2024F,TERCB,OK,2015,262504
2024F,TERCB,OK,2016,242446
2024F,TERCB,OK,2017,226568
2024F,TERCB,OK,2018,258282
2024F,TERCB,OK,2019,246640
2024F,TERCB,OK,2020,233584
2024F,TERCB,OK,2021,241965
2024F,TERCB,OK,2022,249118
2024F,TERCB,OK,2023,232105
2024F,TERCB,OK,2024,230967
2024F,TERCB,OR,1960,100172
2024F,TERCB,OR,1961,101222
2024F,TERCB,OR,1962,105571
2024F,TERCB,OR,1963,112129
2024F,TERCB,OR,1964,123068
2024F,TERCB,OR,1965,121327
2024F,TERCB,OR,1966,126893
2024F,TERCB,OR,1967,128764
2024F,TERCB,OR,1968,136851
2024F,TERCB,OR,1969,151198
2024F,TERCB,OR,1970,153760
2024F,TERCB,OR,1971,165595
2024F,TERCB,OR,1972,172017
2024F,TERCB,OR,1973,172614
2024F,TERCB,OR,1974,170608
2024F,TERCB,OR,1975,180581
2024F,TERCB,OR,1976,177388
2024F,TERCB,OR,1977,176161
2024F,TERCB,OR,1978,186918
2024F,TERCB,OR,1979,199325
2024F,TERCB,OR,1980,183766
2024F,TERCB,OR,1981,181424
2024F,TERCB,OR,1982,185007
2024F,TERCB,OR,1983,174371
2024F,TERCB,OR,1984,187581
2024F,TERCB,OR,1985,198259
2024F,TERCB,OR,1986,182221
2024F,TERCB,OR,1987,181533
2024F,TERCB,OR,1988,193583
2024F,TERCB,OR,1989,208089
2024F,TERCB,OR,1990,121812
2024F,TERCB,OR,1991,122762
2024F,TERCB,OR,1992,137646
2024F,TERCB,OR,1993,149944
2024F,TERCB,OR,1994,160244
2024F,TERCB,OR,1995,135377
2024F,TERCB,OR,1996,133039
2024F,TERCB,OR,1997,129067
2024F,TERCB,OR,1998,142324
2024F,TERCB,OR,1999,146811
2024F,TERCB,OR,2000,164589
2024F,TERCB,OR,2001,174649
2024F,TERCB,OR,2002,156860
2024F,TERCB,OR,2003,161053
2024F,TERCB,OR,2004,154845
2024F,TERCB,OR,2005,163566
2024F,TERCB,OR,2006,154303
2024F,TERCB,OR,2007,165808
2024F,TERCB,OR,2008,171636
2024F,TERCB,OR,2009,172724
2024F,TERCB,OR,2010,165768
2024F,TERCB,OR,2011,161228
2024F,TERCB,OR,2012,153577
2024F,TERCB,OR,2013,169960
2024F,TERCB,OR,2014,159009
2024F,TERCB,OR,2015,158417
2024F,TERCB,OR,2016,160863
2024F,TERCB,OR,2017,176731
2024F,TERCB,OR,2018,170090
2024F,TERCB,OR,2019,187173
2024F,TERCB,OR,2020,164412
2024F,TERCB,OR,2021,171910
2024F,TERCB,OR,2022,177155
2024F,TERCB,OR,2023,177894
2024F,TERCB,OR,2024,173147
2024F,TERCB,PA,1960,675543
2024F,TERCB,PA,1961,671278
2024F,TERCB,PA,1962,687218
2024F,TERCB,PA,1963,692909
2024F,TERCB,PA,1964,687301
2024F,TERCB,PA,1965,699410
2024F,TERCB,PA,1966,720643
2024F,TERCB,PA,1967,741746
2024F,TERCB,PA,1968,769803
2024F,TERCB,PA,1969,789515
2024F,TERCB,PA,1970,821636
2024F,TERCB,PA,1971,835036
2024F,TERCB,PA,1972,856815
2024F,TERCB,PA,1973,854428
2024F,TERCB,PA,1974,804175
2024F,TERCB,PA,1975,802481
2024F,TERCB,PA,1976,859434
2024F,TERCB,PA,1977,870914
2024F,TERCB,PA,1978,878201
2024F,TERCB,PA,1979,883073
2024F,TERCB,PA,1980,874096
2024F,TERCB,PA,1981,848436
2024F,TERCB,PA,1982,804600
2024F,TERCB,PA,1983,799317
2024F,TERCB,PA,1984,836139
2024F,TERCB,PA,1985,812094
2024F,TERCB,PA,1986,811317
2024F,TERCB,PA,1987,821446
2024F,TERCB,PA,1988,875803
2024F,TERCB,PA,1989,900487
2024F,TERCB,PA,1990,831257
2024F,TERCB,PA,1991,853685
2024F,TERCB,PA,1992,872745
2024F,TERCB,PA,1993,910165
2024F,TERCB,PA,1994,915462
2024F,TERCB,PA,1995,914404
2024F,TERCB,PA,1996,945629
2024F,TERCB,PA,1997,895890
2024F,TERCB,PA,1998,833341
2024F,TERCB,PA,1999,893509
2024F,TERCB,PA,2000,946670
2024F,TERCB,PA,2001,914231
2024F,TERCB,PA,2002,946266
2024F,TERCB,PA,2003,991918
2024F,TERCB,PA,2004,984762
2024F,TERCB,PA,2005,999573
2024F,TERCB,PA,2006,909289
2024F,TERCB,PA,2007,960513
2024F,TERCB,PA,2008,1009562
2024F,TERCB,PA,2009,915492
2024F,TERCB,PA,2010,940386
2024F,TERCB,PA,2011,917514
2024F,TERCB,PA,2012,857063
2024F,TERCB,PA,2013,923116
2024F,TERCB,PA,2014,960047
2024F,TERCB,PA,2015,938119
2024F,TERCB,PA,2016,887561
2024F,TERCB,PA,2017,859624
2024F,TERCB,PA,2018,952753
2024F,TERCB,PA,2019,881339
2024F,TERCB,PA,2020,836772
2024F,TERCB,PA,2021,860653
2024F,TERCB,PA,2022,887686
2024F,TERCB,PA,2023,801084
2024F,TERCB,PA,2024,819276
2024F,TERCB,RI,1960,51571
2024F,TERCB,RI,1961,51301
2024F,TERCB,RI,1962,51217
2024F,TERCB,RI,1963,51812
2024F,TERCB,RI,1964,46223
2024F,TERCB,RI,1965,50810
2024F,TERCB,RI,1966,49998
2024F,TERCB,RI,1967,53837
2024F,TERCB,RI,1968,56887
2024F,TERCB,RI,1969,61936
2024F,TERCB,RI,1970,64283
2024F,TERCB,RI,1971,67262
2024F,TERCB,RI,1972,70827
2024F,TERCB,RI,1973,67281
2024F,TERCB,RI,1974,64583
2024F,TERCB,RI,1975,64370
2024F,TERCB,RI,1976,68328
2024F,TERCB,RI,1977,68912
2024F,TERCB,RI,1978,67380
2024F,TERCB,RI,1979,64194
2024F,TERCB,RI,1980,60723
2024F,TERCB,RI,1981,55488
2024F,TERCB,RI,1982,55388
2024F,TERCB,RI,1983,58499
2024F,TERCB,RI,1984,61191
2024F,TERCB,RI,1985,64615
2024F,TERCB,RI,1986,63149
2024F,TERCB,RI,1987,65459
2024F,TERCB,RI,1988,70689
2024F,TERCB,RI,1989,68821
2024F,TERCB,RI,1990,67897
2024F,TERCB,RI,1991,64703
2024F,TERCB,RI,1992,69098
2024F,TERCB,RI,1993,67217
2024F,TERCB,RI,1994,67643
2024F,TERCB,RI,1995,64829
2024F,TERCB,RI,1996,66864
2024F,TERCB,RI,1997,63722
2024F,TERCB,RI,1998,59679
2024F,TERCB,RI,1999,61804
2024F,TERCB,RI,2000,65372
2024F,TERCB,RI,2001,65563
2024F,TERCB,RI,2002,66147
2024F,TERCB,RI,2003,74957
2024F,TERCB,RI,2004,74687
2024F,TERCB,RI,2005,71424
2024F,TERCB,RI,2006,62793
2024F,TERCB,RI,2007,63745
2024F,TERCB,RI,2008,60854
2024F,TERCB,RI,2009,61288
2024F,TERCB,RI,2010,61998
2024F,TERCB,RI,2011,59964
2024F,TERCB,RI,2012,59631
2024F,TERCB,RI,2013,65137
2024F,TERCB,RI,2014,65388
2024F,TERCB,RI,2015,67577
2024F,TERCB,RI,2016,57414
2024F,TERCB,RI,2017,55810
2024F,TERCB,RI,2018,63731
2024F,TERCB,RI,2019,59935
2024F,TERCB,RI,2020,57437
2024F,TERCB,RI,2021,61292
2024F,TERCB,RI,2022,62004
2024F,TERCB,RI,2023,59652
2024F,TERCB,RI,2024,60977
2024F,TERCB,SC,1960,102837
2024F,TERCB,SC,1961,102746
2024F,TERCB,SC,1962,109276
2024F,TERCB,SC,1963,108766
2024F,TERCB,SC,1964,108686
2024F,TERCB,SC,1965,102876
2024F,TERCB,SC,1966,109913
2024F,TERCB,SC,1967,113682
2024F,TERCB,SC,1968,125370
2024F,TERCB,SC,1969,132344
2024F,TERCB,SC,1970,139709
2024F,TERCB,SC,1971,145516
2024F,TERCB,SC,1972,148290
2024F,TERCB,SC,1973,158286
2024F,TERCB,SC,1974,150745
2024F,TERCB,SC,1975,152323
2024F,TERCB,SC,1976,179421
2024F,TERCB,SC,1977,191244
2024F,TERCB,SC,1978,186552
2024F,TERCB,SC,1979,171284
2024F,TERCB,SC,1980,187053
2024F,TERCB,SC,1981,183122
2024F,TERCB,SC,1982,187726
2024F,TERCB,SC,1983,187461
2024F,TERCB,SC,1984,202321
2024F,TERCB,SC,1985,203504
2024F,TERCB,SC,1986,214819
2024F,TERCB,SC,1987,226650
2024F,TERCB,SC,1988,231504
2024F,TERCB,SC,1989,237723
2024F,TERCB,SC,1990,238892
2024F,TERCB,SC,1991,246137
2024F,TERCB,SC,1992,248337
2024F,TERCB,SC,1993,275166
2024F,TERCB,SC,1994,261691
2024F,TERCB,SC,1995,282046
2024F,TERCB,SC,1996,299802
2024F,TERCB,SC,1997,284199
2024F,TERCB,SC,1998,302227
2024F,TERCB,SC,1999,309525
2024F,TERCB,SC,2000,329890
2024F,TERCB,SC,2001,319258
2024F,TERCB,SC,2002,334991
2024F,TERCB,SC,2003,333253
2024F,TERCB,SC,2004,354817
2024F,TERCB,SC,2005,356554
2024F,TERCB,SC,2006,351544
2024F,TERCB,SC,2007,359331
2024F,TERCB,SC,2008,365353
2024F,TERCB,SC,2009,355918
2024F,TERCB,SC,2010,398269
2024F,TERCB,SC,2011,366891
2024F,TERCB,SC,2012,337191
2024F,TERCB,SC,2013,344967
2024F,TERCB,SC,2014,371489
2024F,TERCB,SC,2015,358997
2024F,TERCB,SC,2016,363929
2024F,TERCB,SC,2017,347631
2024F,TERCB,SC,2018,372163
2024F,TERCB,SC,2019,358891
2024F,TERCB,SC,2020,348165
2024F,TERCB,SC,2021,362389
2024F,TERCB,SC,2022,374959
2024F,TERCB,SC,2023,352672
2024F,TERCB,SC,2024,370712
2024F,TERCB,SD,1960,31741
2024F,TERCB,SD,1961,32388
2024F,TERCB,SD,1962,34007
2024F,TERCB,SD,1963,33979
2024F,TERCB,SD,1964,35598
2024F,TERCB,SD,1965,35087
2024F,TERCB,SD,1966,34989
2024F,TERCB,SD,1967,34299
2024F,TERCB,SD,1968,37635
2024F,TERCB,SD,1969,40859
2024F,TERCB,SD,1970,43460
2024F,TERCB,SD,1971,42091
2024F,TERCB,SD,1972,45859
2024F,TERCB,SD,1973,42779
2024F,TERCB,SD,1974,42469
2024F,TERCB,SD,1975,45177
2024F,TERCB,SD,1976,48116
2024F,TERCB,SD,1977,48645
2024F,TERCB,SD,1978,52862
2024F,TERCB,SD,1979,50729
2024F,TERCB,SD,1980,50048
2024F,TERCB,SD,1981,46271
2024F,TERCB,SD,1982,50399
2024F,TERCB,SD,1983,49852
2024F,TERCB,SD,1984,49179
2024F,TERCB,SD,1985,50752
2024F,TERCB,SD,1986,51353
2024F,TERCB,SD,1987,49760
2024F,TERCB,SD,1988,52943
2024F,TERCB,SD,1989,56524
2024F,TERCB,SD,1990,47638
2024F,TERCB,SD,1991,47727
2024F,TERCB,SD,1992,43578
2024F,TERCB,SD,1993,52795
2024F,TERCB,SD,1994,44228
2024F,TERCB,SD,1995,44248
2024F,TERCB,SD,1996,47213
2024F,TERCB,SD,1997,44193
2024F,TERCB,SD,1998,43405
2024F,TERCB,SD,1999,41973
2024F,TERCB,SD,2000,46738
2024F,TERCB,SD,2001,53037
2024F,TERCB,SD,2002,52649
2024F,TERCB,SD,2003,53726
2024F,TERCB,SD,2004,53464
2024F,TERCB,SD,2005,57088
2024F,TERCB,SD,2006,55445
2024F,TERCB,SD,2007,59215
2024F,TERCB,SD,2008,63664
2024F,TERCB,SD,2009,59024
2024F,TERCB,SD,2010,54153
2024F,TERCB,SD,2011,47926
2024F,TERCB,SD,2012,45667
2024F,TERCB,SD,2013,56204
2024F,TERCB,SD,2014,53969
2024F,TERCB,SD,2015,49224
2024F,TERCB,SD,2016,47140
2024F,TERCB,SD,2017,48137
2024F,TERCB,SD,2018,52873
2024F,TERCB,SD,2019,52605
2024F,TERCB,SD,2020,46335
2024F,TERCB,SD,2021,44413
2024F,TERCB,SD,2022,49303
2024F,TERCB,SD,2023,47872
2024F,TERCB,SD,2024,44217
2024F,TERCB,TN,1960,171812
2024F,TERCB,TN,1961,169214
2024F,TERCB,TN,1962,180904
2024F,TERCB,TN,1963,193994
2024F,TERCB,TN,1964,193022
2024F,TERCB,TN,1965,199678
2024F,TERCB,TN,1966,218688
2024F,TERCB,TN,1967,220830
2024F,TERCB,TN,1968,246933
2024F,TERCB,TN,1969,266086
2024F,TERCB,TN,1970,278422
2024F,TERCB,TN,1971,279023
2024F,TERCB,TN,1972,291727
2024F,TERCB,TN,1973,297611
2024F,TERCB,TN,1974,286426
2024F,TERCB,TN,1975,322415
2024F,TERCB,TN,1976,335244
2024F,TERCB,TN,1977,373399
2024F,TERCB,TN,1978,364175
2024F,TERCB,TN,1979,356098
2024F,TERCB,TN,1980,356199
2024F,TERCB,TN,1981,335178
2024F,TERCB,TN,1982,340372
2024F,TERCB,TN,1983,333707
2024F,TERCB,TN,1984,357190
2024F,TERCB,TN,1985,350602
2024F,TERCB,TN,1986,344703
2024F,TERCB,TN,1987,361203
2024F,TERCB,TN,1988,378357
2024F,TERCB,TN,1989,390920
2024F,TERCB,TN,1990,371139
2024F,TERCB,TN,1991,383455
2024F,TERCB,TN,1992,387977
2024F,TERCB,TN,1993,399124
2024F,TERCB,TN,1994,416850
2024F,TERCB,TN,1995,405455
2024F,TERCB,TN,1996,465550
2024F,TERCB,TN,1997,429644
2024F,TERCB,TN,1998,452348
2024F,TERCB,TN,1999,465527
2024F,TERCB,TN,2000,492023
2024F,TERCB,TN,2001,484520
2024F,TERCB,TN,2002,494497
2024F,TERCB,TN,2003,477692
2024F,TERCB,TN,2004,491205
2024F,TERCB,TN,2005,525347
2024F,TERCB,TN,2006,520960
2024F,TERCB,TN,2007,548414
2024F,TERCB,TN,2008,543255
2024F,TERCB,TN,2009,501810
2024F,TERCB,TN,2010,575394
2024F,TERCB,TN,2011,527763
2024F,TERCB,TN,2012,470094
2024F,TERCB,TN,2013,493698
2024F,TERCB,TN,2014,529273
2024F,TERCB,TN,2015,501404
2024F,TERCB,TN,2016,502677
2024F,TERCB,TN,2017,465553
2024F,TERCB,TN,2018,524451
2024F,TERCB,TN,2019,491758
2024F,TERCB,TN,2020,456211
2024F,TERCB,TN,2021,493365
2024F,TERCB,TN,2022,505445
2024F,TERCB,TN,2023,473364
2024F,TERCB,TN,2024,492028
2024F,TERCB,TX,1960,343936
2024F,TERCB,TX,1961,338817
2024F,TERCB,TX,1962,393652
2024F,TERCB,TX,1963,417584
2024F,TERCB,TX,1964,428793
2024F,TERCB,TX,1965,434217
2024F,TERCB,TX,1966,463797
2024F,TERCB,TX,1967,489415
2024F,TERCB,TX,1968,535534
2024F,TERCB,TX,1969,602594
2024F,TERCB,TX,1970,638226
2024F,TERCB,TX,1971,675000
2024F,TERCB,TX,1972,734302
2024F,TERCB,TX,1973,748265
2024F,TERCB,TX,1974,734367
2024F,TERCB,TX,1975,712548
2024F,TERCB,TX,1976,725322
2024F,TERCB,TX,1977,830981
2024F,TERCB,TX,1978,882550
2024F,TERCB,TX,1979,894630
2024F,TERCB,TX,1980,877205
2024F,TERCB,TX,1981,858402
2024F,TERCB,TX,1982,905579
2024F,TERCB,TX,1983,880792
2024F,TERCB,TX,1984,980540
2024F,TERCB,TX,1985,1015564
2024F,TERCB,TX,1986,986538
2024F,TERCB,TX,1987,1035020
2024F,TERCB,TX,1988,1071628
2024F,TERCB,TX,1989,1133588
2024F,TERCB,TX,1990,1121459
2024F,TERCB,TX,1991,1138132
2024F,TERCB,TX,1992,1101903
2024F,TERCB,TX,1993,1172999
2024F,TERCB,TX,1994,1182253
2024F,TERCB,TX,1995,1203635
2024F,TERCB,TX,1996,1294572
2024F,TERCB,TX,1997,1314774
2024F,TERCB,TX,1998,1384828
2024F,TERCB,TX,1999,1357678
2024F,TERCB,TX,2000,1460523
2024F,TERCB,TX,2001,1450183
2024F,TERCB,TX,2002,1513718
2024F,TERCB,TX,2003,1464987
2024F,TERCB,TX,2004,1417546
2024F,TERCB,TX,2005,1478243
2024F,TERCB,TX,2006,1444532
2024F,TERCB,TX,2007,1524245
2024F,TERCB,TX,2008,1542723
2024F,TERCB,TX,2009,1538419
2024F,TERCB,TX,2010,1618905
2024F,TERCB,TX,2011,1669597
2024F,TERCB,TX,2012,1525164
2024F,TERCB,TX,2013,1598113
2024F,TERCB,TX,2014,1615751
2024F,TERCB,TX,2015,1586838
2024F,TERCB,TX,2016,1528505
2024F,TERCB,TX,2017,1487626
2024F,TERCB,TX,2018,1607171
2024F,TERCB,TX,2019,1583315
2024F,TERCB,TX,2020,1536642
2024F,TERCB,TX,2021,1513510
2024F,TERCB,TX,2022,1639897
2024F,TERCB,TX,2023,1565174
2024F,TERCB,TX,2024,1513986
2024F,TERCB,US,1960,8719196
2024F,TERCB,US,1961,8952494
2024F,TERCB,US,1962,9415838
2024F,TERCB,US,1963,9629007
2024F,TERCB,US,1964,9853461
2024F,TERCB,US,1965,10215417
2024F,TERCB,US,1966,10738741
2024F,TERCB,US,1967,11149599
2024F,TERCB,US,1968,11836331
2024F,TERCB,US,1969,12588232
2024F,TERCB,US,1970,13139730
2024F,TERCB,US,1971,13569414
2024F,TERCB,US,1972,14216788
2024F,TERCB,US,1973,14272814
2024F,TERCB,US,1974,13928651
2024F,TERCB,US,1975,14100295
2024F,TERCB,US,1976,14763294
2024F,TERCB,US,1977,15141623
2024F,TERCB,US,1978,15484818
2024F,TERCB,US,1979,15164035
2024F,TERCB,US,1980,15059477
2024F,TERCB,US,1981,14616227
2024F,TERCB,US,1982,14723273
2024F,TERCB,US,1983,14559266
2024F,TERCB,US,1984,15131333
2024F,TERCB,US,1985,15343160
2024F,TERCB,US,1986,15218699
2024F,TERCB,US,1987,15596688
2024F,TERCB,US,1988,16573901
2024F,TERCB,US,1989,17087710
2024F,TERCB,US,1990,16214999
2024F,TERCB,US,1991,16680049
2024F,TERCB,US,1992,16713518
2024F,TERCB,US,1993,17506007
2024F,TERCB,US,1994,17448263
2024F,TERCB,US,1995,17754173
2024F,TERCB,US,1996,18637804
2024F,TERCB,US,1997,18105720
2024F,TERCB,US,1998,18174547
2024F,TERCB,US,1999,18766405
2024F,TERCB,US,2000,19713563
2024F,TERCB,US,2001,19446709
2024F,TERCB,US,2002,20049206
2024F,TERCB,US,2003,20343265
2024F,TERCB,US,2004,20328581
2024F,TERCB,US,2005,20844591
2024F,TERCB,US,2006,19839294
2024F,TERCB,US,2007,20773460
2024F,TERCB,US,2008,20849966
2024F,TERCB,US,2009,20179502
2024F,TERCB,US,2010,20978522
2024F,TERCB,US,2011,20268904
2024F,TERCB,US,2012,18843521
2024F,TERCB,US,2013,19968018
2024F,TERCB,US,2014,20343258
2024F,TERCB,US,2015,19526914
2024F,TERCB,US,2016,18953307
2024F,TERCB,US,2017,18480303
2024F,TERCB,US,2018,20052839
2024F,TERCB,US,2019,19598900
2024F,TERCB,US,2020,18820303
2024F,TERCB,US,2021,19033215
2024F,TERCB,US,2022,19570724
2024F,TERCB,US,2023,18369074
2024F,TERCB,US,2024,18424026
2024F,TERCB,UT,1960,40719
2024F,TERCB,UT,1961,43443
2024F,TERCB,UT,1962,47583
2024F,TERCB,UT,1963,45987
2024F,TERCB,UT,1964,50355
2024F,TERCB,UT,1965,47243
2024F,TERCB,UT,1966,52879
2024F,TERCB,UT,1967,56429
2024F,TERCB,UT,1968,58814
2024F,TERCB,UT,1969,63426
2024F,TERCB,UT,1970,65437
2024F,TERCB,UT,1971,74215
2024F,TERCB,UT,1972,73895
2024F,TERCB,UT,1973,76815
2024F,TERCB,UT,1974,82349
2024F,TERCB,UT,1975,89209
2024F,TERCB,UT,1976,98073
2024F,TERCB,UT,1977,70888
2024F,TERCB,UT,1978,84324
2024F,TERCB,UT,1979,100464
2024F,TERCB,UT,1980,102725
2024F,TERCB,UT,1981,102728
2024F,TERCB,UT,1982,90723
2024F,TERCB,UT,1983,107360
2024F,TERCB,UT,1984,107606
2024F,TERCB,UT,1985,113835
2024F,TERCB,UT,1986,103830
2024F,TERCB,UT,1987,91283
2024F,TERCB,UT,1988,94968
2024F,TERCB,UT,1989,99401
2024F,TERCB,UT,1990,97186
2024F,TERCB,UT,1991,107838
2024F,TERCB,UT,1992,101115
2024F,TERCB,UT,1993,110606
2024F,TERCB,UT,1994,109118
2024F,TERCB,UT,1995,110229
2024F,TERCB,UT,1996,119955
2024F,TERCB,UT,1997,125675
2024F,TERCB,UT,1998,123721
2024F,TERCB,UT,1999,128897
2024F,TERCB,UT,2000,134346
2024F,TERCB,UT,2001,135272
2024F,TERCB,UT,2002,143625
2024F,TERCB,UT,2003,139888
2024F,TERCB,UT,2004,147725
2024F,TERCB,UT,2005,148785
2024F,TERCB,UT,2006,154182
2024F,TERCB,UT,2007,156147
2024F,TERCB,UT,2008,161823
2024F,TERCB,UT,2009,159703
2024F,TERCB,UT,2010,161950
2024F,TERCB,UT,2011,166477
2024F,TERCB,UT,2012,158068
2024F,TERCB,UT,2013,173059
2024F,TERCB,UT,2014,156523
2024F,TERCB,UT,2015,155943
2024F,TERCB,UT,2016,160854
2024F,TERCB,UT,2017,165691
2024F,TERCB,UT,2018,168952
2024F,TERCB,UT,2019,179740
2024F,TERCB,UT,2020,182176
2024F,TERCB,UT,2021,181168
2024F,TERCB,UT,2022,192592
2024F,TERCB,UT,2023,195280
2024F,TERCB,UT,2024,190672
2024F,TERCB,VA,1960,185718
2024F,TERCB,VA,1961,191725
2024F,TERCB,VA,1962,198268
2024F,TERCB,VA,1963,205926
2024F,TERCB,VA,1964,203124
2024F,TERCB,VA,1965,211803
2024F,TERCB,VA,1966,231822
2024F,TERCB,VA,1967,240925
2024F,TERCB,VA,1968,257777
2024F,TERCB,VA,1969,265186
2024F,TERCB,VA,1970,281875
2024F,TERCB,VA,1971,282796
2024F,TERCB,VA,1972,296920
2024F,TERCB,VA,1973,305944
2024F,TERCB,VA,1974,294197
2024F,TERCB,VA,1975,304772
2024F,TERCB,VA,1976,330682
2024F,TERCB,VA,1977,347781
2024F,TERCB,VA,1978,350148
2024F,TERCB,VA,1979,376465
2024F,TERCB,VA,1980,343378
2024F,TERCB,VA,1981,327959
2024F,TERCB,VA,1982,328102
2024F,TERCB,VA,1983,333876
2024F,TERCB,VA,1984,360774
2024F,TERCB,VA,1985,370280
2024F,TERCB,VA,1986,395619
2024F,TERCB,VA,1987,414712
2024F,TERCB,VA,1988,440213
2024F,TERCB,VA,1989,452734
2024F,TERCB,VA,1990,429754
2024F,TERCB,VA,1991,448024
2024F,TERCB,VA,1992,462598
2024F,TERCB,VA,1993,504293
2024F,TERCB,VA,1994,496943
2024F,TERCB,VA,1995,515480
2024F,TERCB,VA,1996,535812
2024F,TERCB,VA,1997,517273
2024F,TERCB,VA,1998,516238
2024F,TERCB,VA,1999,537331
2024F,TERCB,VA,2000,580257
2024F,TERCB,VA,2001,555371
2024F,TERCB,VA,2002,588419
2024F,TERCB,VA,2003,601089
2024F,TERCB,VA,2004,625532
2024F,TERCB,VA,2005,658788
2024F,TERCB,VA,2006,611203
2024F,TERCB,VA,2007,647952
2024F,TERCB,VA,2008,633896
2024F,TERCB,VA,2009,624985
2024F,TERCB,VA,2010,668951
2024F,TERCB,VA,2011,613963
2024F,TERCB,VA,2012,563147
2024F,TERCB,VA,2013,609669
2024F,TERCB,VA,2014,626927
2024F,TERCB,VA,2015,597564
2024F,TERCB,VA,2016,565427
2024F,TERCB,VA,2017,538467
2024F,TERCB,VA,2018,591498
2024F,TERCB,VA,2019,556330
2024F,TERCB,VA,2020,539876
2024F,TERCB,VA,2021,553291
2024F,TERCB,VA,2022,558261
2024F,TERCB,VA,2023,509640
2024F,TERCB,VA,2024,525952
2024F,TERCB,VT,1960,25880
2024F,TERCB,VT,1961,28832
2024F,TERCB,VT,1962,29920
2024F,TERCB,VT,1963,30385
2024F,TERCB,VT,1964,29098
2024F,TERCB,VT,1965,33038
2024F,TERCB,VT,1966,35661
2024F,TERCB,VT,1967,37252
2024F,TERCB,VT,1968,39740
2024F,TERCB,VT,1969,41711
2024F,TERCB,VT,1970,42319
2024F,TERCB,VT,1971,42502
2024F,TERCB,VT,1972,46066
2024F,TERCB,VT,1973,46305
2024F,TERCB,VT,1974,41852
2024F,TERCB,VT,1975,39615
2024F,TERCB,VT,1976,44940
2024F,TERCB,VT,1977,43759
2024F,TERCB,VT,1978,45602
2024F,TERCB,VT,1979,46102
2024F,TERCB,VT,1980,39692
2024F,TERCB,VT,1981,37168
2024F,TERCB,VT,1982,33285
2024F,TERCB,VT,1983,38299
2024F,TERCB,VT,1984,40991
2024F,TERCB,VT,1985,39933
2024F,TERCB,VT,1986,31748
2024F,TERCB,VT,1987,34423
2024F,TERCB,VT,1988,37826
2024F,TERCB,VT,1989,41020
2024F,TERCB,VT,1990,36481
2024F,TERCB,VT,1991,38045
2024F,TERCB,VT,1992,40852
2024F,TERCB,VT,1993,39775
2024F,TERCB,VT,1994,39038
2024F,TERCB,VT,1995,37027
2024F,TERCB,VT,1996,38624
2024F,TERCB,VT,1997,37508
2024F,TERCB,VT,1998,35360
2024F,TERCB,VT,1999,33735
2024F,TERCB,VT,2000,39815
2024F,TERCB,VT,2001,40077
2024F,TERCB,VT,2002,40583
2024F,TERCB,VT,2003,42784
2024F,TERCB,VT,2004,45417
2024F,TERCB,VT,2005,46042
2024F,TERCB,VT,2006,43486
2024F,TERCB,VT,2007,44271
2024F,TERCB,VT,2008,40797
2024F,TERCB,VT,2009,47463
2024F,TERCB,VT,2010,45928
2024F,TERCB,VT,2011,44801
2024F,TERCB,VT,2012,36096
2024F,TERCB,VT,2013,40986
2024F,TERCB,VT,2014,43141
2024F,TERCB,VT,2015,44703
2024F,TERCB,VT,2016,40673
2024F,TERCB,VT,2017,41436
2024F,TERCB,VT,2018,46722
2024F,TERCB,VT,2019,46355
2024F,TERCB,VT,2020,34084
2024F,TERCB,VT,2021,33603
2024F,TERCB,VT,2022,34267
2024F,TERCB,VT,2023,33036
2024F,TERCB,VT,2024,32657
2024F,TERCB,WA,1960,162362
2024F,TERCB,WA,1961,163597
2024F,TERCB,WA,1962,167091
2024F,TERCB,WA,1963,173379
2024F,TERCB,WA,1964,186969
2024F,TERCB,WA,1965,185651
2024F,TERCB,WA,1966,197634
2024F,TERCB,WA,1967,199236
2024F,TERCB,WA,1968,219837
2024F,TERCB,WA,1969,238362
2024F,TERCB,WA,1970,249115
2024F,TERCB,WA,1971,262100
2024F,TERCB,WA,1972,289145
2024F,TERCB,WA,1973,286358
2024F,TERCB,WA,1974,279682
2024F,TERCB,WA,1975,276108
2024F,TERCB,WA,1976,290126
2024F,TERCB,WA,1977,303031
2024F,TERCB,WA,1978,313466
2024F,TERCB,WA,1979,337886
2024F,TERCB,WA,1980,325166
2024F,TERCB,WA,1981,363386
2024F,TERCB,WA,1982,367771
2024F,TERCB,WA,1983,341381
2024F,TERCB,WA,1984,340441
2024F,TERCB,WA,1985,361376
2024F,TERCB,WA,1986,336518
2024F,TERCB,WA,1987,332195
2024F,TERCB,WA,1988,357906
2024F,TERCB,WA,1989,382460
2024F,TERCB,WA,1990,213085
2024F,TERCB,WA,1991,221109
2024F,TERCB,WA,1992,238709
2024F,TERCB,WA,1993,286936
2024F,TERCB,WA,1994,268197
2024F,TERCB,WA,1995,243883
2024F,TERCB,WA,1996,257518
2024F,TERCB,WA,1997,251618
2024F,TERCB,WA,1998,267767
2024F,TERCB,WA,1999,273136
2024F,TERCB,WA,2000,301027
2024F,TERCB,WA,2001,355465
2024F,TERCB,WA,2002,298803
2024F,TERCB,WA,2003,295140
2024F,TERCB,WA,2004,304211
2024F,TERCB,WA,2005,292623
2024F,TERCB,WA,2006,289468
2024F,TERCB,WA,2007,295134
2024F,TERCB,WA,2008,312734
2024F,TERCB,WA,2009,318788
2024F,TERCB,WA,2010,312258
2024F,TERCB,WA,2011,289208
2024F,TERCB,WA,2012,279097
2024F,TERCB,WA,2013,306571
2024F,TERCB,WA,2014,299314
2024F,TERCB,WA,2015,287213
2024F,TERCB,WA,2016,292779
2024F,TERCB,WA,2017,325305
2024F,TERCB,WA,2018,311536
2024F,TERCB,WA,2019,344912
2024F,TERCB,WA,2020,302352
2024F,TERCB,WA,2021,311523
2024F,TERCB,WA,2022,325400
2024F,TERCB,WA,2023,339072
2024F,TERCB,WA,2024,330160
2024F,TERCB,WI,1960,241613
2024F,TERCB,WI,1961,253926
2024F,TERCB,WI,1962,264455
2024F,TERCB,WI,1963,264181
2024F,TERCB,WI,1964,262819
2024F,TERCB,WI,1965,278635
2024F,TERCB,WI,1966,294582
2024F,TERCB,WI,1967,315762
2024F,TERCB,WI,1968,322560
2024F,TERCB,WI,1969,332826
2024F,TERCB,WI,1970,336492
2024F,TERCB,WI,1971,342688
2024F,TERCB,WI,1972,339011
2024F,TERCB,WI,1973,341958
2024F,TERCB,WI,1974,345172
2024F,TERCB,WI,1975,348654
2024F,TERCB,WI,1976,367006
2024F,TERCB,WI,1977,370923
2024F,TERCB,WI,1978,387739
2024F,TERCB,WI,1979,376865
2024F,TERCB,WI,1980,351833
2024F,TERCB,WI,1981,335218
2024F,TERCB,WI,1982,344879
2024F,TERCB,WI,1983,330965
2024F,TERCB,WI,1984,349340
2024F,TERCB,WI,1985,361617
2024F,TERCB,WI,1986,353729
2024F,TERCB,WI,1987,335977
2024F,TERCB,WI,1988,370456
2024F,TERCB,WI,1989,378167
2024F,TERCB,WI,1990,362880
2024F,TERCB,WI,1991,385549
2024F,TERCB,WI,1992,374412
2024F,TERCB,WI,1993,388503
2024F,TERCB,WI,1994,382156
2024F,TERCB,WI,1995,398757
2024F,TERCB,WI,1996,419843
2024F,TERCB,WI,1997,394040
2024F,TERCB,WI,1998,376431
2024F,TERCB,WI,1999,403910
2024F,TERCB,WI,2000,417071
2024F,TERCB,WI,2001,413238
2024F,TERCB,WI,2002,444127
2024F,TERCB,WI,2003,438319
2024F,TERCB,WI,2004,432650
2024F,TERCB,WI,2005,465119
2024F,TERCB,WI,2006,424925
2024F,TERCB,WI,2007,445530
2024F,TERCB,WI,2008,453603
2024F,TERCB,WI,2009,421424
2024F,TERCB,WI,2010,419567
2024F,TERCB,WI,2011,418081
2024F,TERCB,WI,2012,387976
2024F,TERCB,WI,2013,434849
2024F,TERCB,WI,2014,440422
2024F,TERCB,WI,2015,408402
2024F,TERCB,WI,2016,402160
2024F,TERCB,WI,2017,403403
2024F,TERCB,WI,2018,435669
2024F,TERCB,WI,2019,436437
2024F,TERCB,WI,2020,406754
2024F,TERCB,WI,2021,405859
2024F,TERCB,WI,2022,427609
2024F,TERCB,WI,2023,391661
2024F,TERCB,WI,2024,375889
2024F,TERCB,WV,1960,83850
2024F,TERCB,WV,1961,84531
2024F,TERCB,WV,1962,88025
2024F,TERCB,WV,1963,91918
2024F,TERCB,WV,1964,90678
2024F,TERCB,WV,1965,90777
2024F,TERCB,WV,1966,96885
2024F,TERCB,WV,1967,98618
2024F,TERCB,WV,1968,104581
2024F,TERCB,WV,1969,107834
2024F,TERCB,WV,1970,107904
2024F,TERCB,WV,1971,109168
2024F,TERCB,WV,1972,117632
2024F,TERCB,WV,1973,116627
2024F,TERCB,WV,1974,117049
2024F,TERCB,WV,1975,118163
2024F,TERCB,WV,1976,124123
2024F,TERCB,WV,1977,133641
2024F,TERCB,WV,1978,138481
2024F,TERCB,WV,1979,142353
2024F,TERCB,WV,1980,139194
2024F,TERCB,WV,1981,134786
2024F,TERCB,WV,1982,132218
2024F,TERCB,WV,1983,124304
2024F,TERCB,WV,1984,126777
2024F,TERCB,WV,1985,124065
2024F,TERCB,WV,1986,125815
2024F,TERCB,WV,1987,126338
2024F,TERCB,WV,1988,132977
2024F,TERCB,WV,1989,135236
2024F,TERCB,WV,1990,119763
2024F,TERCB,WV,1991,124891
2024F,TERCB,WV,1992,128449
2024F,TERCB,WV,1993,136780
2024F,TERCB,WV,1994,136097
2024F,TERCB,WV,1995,140674
2024F,TERCB,WV,1996,144077
2024F,TERCB,WV,1997,139814
2024F,TERCB,WV,1998,132030
2024F,TERCB,WV,1999,139674
2024F,TERCB,WV,2000,143166
2024F,TERCB,WV,2001,144453
2024F,TERCB,WV,2002,147120
2024F,TERCB,WV,2003,148228
2024F,TERCB,WV,2004,151815
2024F,TERCB,WV,2005,161941
2024F,TERCB,WV,2006,155542
2024F,TERCB,WV,2007,163175
2024F,TERCB,WV,2008,165541
2024F,TERCB,WV,2009,170836
2024F,TERCB,WV,2010,180044
2024F,TERCB,WV,2011,169091
2024F,TERCB,WV,2012,157335
2024F,TERCB,WV,2013,171263
2024F,TERCB,WV,2014,176559
2024F,TERCB,WV,2015,159045
2024F,TERCB,WV,2016,153179
2024F,TERCB,WV,2017,141312
2024F,TERCB,WV,2018,160820
2024F,TERCB,WV,2019,153418
2024F,TERCB,WV,2020,144544
2024F,TERCB,WV,2021,145903
2024F,TERCB,WV,2022,151512
2024F,TERCB,WV,2023,137569
2024F,TERCB,WV,2024,141012
2024F,TERCB,WY,1960,15683
2024F,TERCB,WY,1961,16842
2024F,TERCB,WY,1962,17737
2024F,TERCB,WY,1963,15737
2024F,TERCB,WY,1964,17467
2024F,TERCB,WY,1965,17834
2024F,TERCB,WY,1966,19283
2024F,TERCB,WY,1967,20272
2024F,TERCB,WY,1968,21728
2024F,TERCB,WY,1969,25779
2024F,TERCB,WY,1970,29342
2024F,TERCB,WY,1971,31682
2024F,TERCB,WY,1972,35685
2024F,TERCB,WY,1973,27060
2024F,TERCB,WY,1974,24678
2024F,TERCB,WY,1975,25203
2024F,TERCB,WY,1976,25950
2024F,TERCB,WY,1977,26663
2024F,TERCB,WY,1978,31517
2024F,TERCB,WY,1979,33310
2024F,TERCB,WY,1980,29373
2024F,TERCB,WY,1981,31371
2024F,TERCB,WY,1982,39264
2024F,TERCB,WY,1983,40997
2024F,TERCB,WY,1984,38749
2024F,TERCB,WY,1985,38332
2024F,TERCB,WY,1986,35428
2024F,TERCB,WY,1987,33571
2024F,TERCB,WY,1988,34949
2024F,TERCB,WY,1989,34096
2024F,TERCB,WY,1990,34518
2024F,TERCB,WY,1991,36293
2024F,TERCB,WY,1992,34093
2024F,TERCB,WY,1993,37477
2024F,TERCB,WY,1994,35675
2024F,TERCB,WY,1995,37444
2024F,TERCB,WY,1996,39607
2024F,TERCB,WY,1997,37409
2024F,TERCB,WY,1998,36978
2024F,TERCB,WY,1999,36783
2024F,TERCB,WY,2000,38375
2024F,TERCB,WY,2001,38142
2024F,TERCB,WY,2002,41080
2024F,TERCB,WY,2003,41046
2024F,TERCB,WY,2004,40494
2024F,TERCB,WY,2005,41862
2024F,TERCB,WY,2006,42379
2024F,TERCB,WY,2007,46579
2024F,TERCB,WY,2008,48657
2024F,TERCB,WY,2009,46583
2024F,TERCB,WY,2010,45919
2024F,TERCB,WY,2011,46941
2024F,TERCB,WY,2012,43277
2024F,TERCB,WY,2013,47336
2024F,TERCB,WY,2014,46132
2024F,TERCB,WY,2015,46295
2024F,TERCB,WY,2016,47059
2024F,TERCB,WY,2017,49225
2024F,TERCB,WY,2018,49671
2024F,TERCB,WY,2019,51814
2024F,TERCB,WY,2020,46967
2024F,TERCB,WY,2021,46073
2024F,TERCB,WY,2022,47552
2024F,TERCB,WY,2023,48127
2024F,TERCB,WY,2024,45549
2024F,TETCB,AK,1960,59303
2024F,TETCB,AK,1961,70020
2024F,TETCB,AK,1962,76642
2024F,TETCB,AK,1963,78488
2024F,TETCB,AK,1964,82793
2024F,TETCB,AK,1965,85319
2024F,TETCB,AK,1966,100481
2024F,TETCB,AK,1967,112625
2024F,TETCB,AK,1968,119992
2024F,TETCB,AK,1969,154232
2024F,TETCB,AK,1970,179470
2024F,TETCB,AK,1971,198395
2024F,TETCB,AK,1972,211964
2024F,TETCB,AK,1973,194968
2024F,TETCB,AK,1974,199194
2024F,TETCB,AK,1975,229676
2024F,TETCB,AK,1976,251979
2024F,TETCB,AK,1977,289893
2024F,TETCB,AK,1978,320731
2024F,TETCB,AK,1979,296592
2024F,TETCB,AK,1980,291985
2024F,TETCB,AK,1981,275504
2024F,TETCB,AK,1982,405103
2024F,TETCB,AK,1983,433409
2024F,TETCB,AK,1984,478019
2024F,TETCB,AK,1985,469166
2024F,TETCB,AK,1986,498563
2024F,TETCB,AK,1987,493105
2024F,TETCB,AK,1988,514932
2024F,TETCB,AK,1989,570067
2024F,TETCB,AK,1990,577270
2024F,TETCB,AK,1991,596366
2024F,TETCB,AK,1992,620875
2024F,TETCB,AK,1993,614626
2024F,TETCB,AK,1994,613753
2024F,TETCB,AK,1995,694594
2024F,TETCB,AK,1996,709979
2024F,TETCB,AK,1997,701267
2024F,TETCB,AK,1998,715652
2024F,TETCB,AK,1999,719766
2024F,TETCB,AK,2000,735260
2024F,TETCB,AK,2001,726418
2024F,TETCB,AK,2002,723166
2024F,TETCB,AK,2003,722838
2024F,TETCB,AK,2004,765107
2024F,TETCB,AK,2005,788012
2024F,TETCB,AK,2006,738306
2024F,TETCB,AK,2007,714615
2024F,TETCB,AK,2008,642737
2024F,TETCB,AK,2009,631141
2024F,TETCB,AK,2010,629889
2024F,TETCB,AK,2011,632336
2024F,TETCB,AK,2012,621268
2024F,TETCB,AK,2013,588186
2024F,TETCB,AK,2014,586153
2024F,TETCB,AK,2015,603899
2024F,TETCB,AK,2016,582758
2024F,TETCB,AK,2017,590991
2024F,TETCB,AK,2018,594282
2024F,TETCB,AK,2019,596184
2024F,TETCB,AK,2020,626805
2024F,TETCB,AK,2021,685320
2024F,TETCB,AK,2022,730475
2024F,TETCB,AK,2023,747530
2024F,TETCB,AK,2024,760053
2024F,TETCB,AL,1960,842283
2024F,TETCB,AL,1961,806682
2024F,TETCB,AL,1962,853424
2024F,TETCB,AL,1963,885811
2024F,TETCB,AL,1964,949411
2024F,TETCB,AL,1965,1011125
2024F,TETCB,AL,1966,1055347
2024F,TETCB,AL,1967,1100904
2024F,TETCB,AL,1968,1208038
2024F,TETCB,AL,1969,1298562
2024F,TETCB,AL,1970,1349405
2024F,TETCB,AL,1971,1338719
2024F,TETCB,AL,1972,1430589
2024F,TETCB,AL,1973,1479232
2024F,TETCB,AL,1974,1493276
2024F,TETCB,AL,1975,1465789
2024F,TETCB,AL,1976,1503723
2024F,TETCB,AL,1977,1584720
2024F,TETCB,AL,1978,1589735
2024F,TETCB,AL,1979,1600732
2024F,TETCB,AL,1980,1597446
2024F,TETCB,AL,1981,1560204
2024F,TETCB,AL,1982,1450995
2024F,TETCB,AL,1983,1395242
2024F,TETCB,AL,1984,1493906
2024F,TETCB,AL,1985,1475311
2024F,TETCB,AL,1986,1458334
2024F,TETCB,AL,1987,1541794
2024F,TETCB,AL,1988,1616129
2024F,TETCB,AL,1989,1638956
2024F,TETCB,AL,1990,1599432
2024F,TETCB,AL,1991,1618216
2024F,TETCB,AL,1992,1691870
2024F,TETCB,AL,1993,1744734
2024F,TETCB,AL,1994,1822330
2024F,TETCB,AL,1995,1907458
2024F,TETCB,AL,1996,1935016
2024F,TETCB,AL,1997,1903449
2024F,TETCB,AL,1998,1946380
2024F,TETCB,AL,1999,2002228
2024F,TETCB,AL,2000,2065056
2024F,TETCB,AL,2001,1859587
2024F,TETCB,AL,2002,1920029
2024F,TETCB,AL,2003,1897040
2024F,TETCB,AL,2004,2017765
2024F,TETCB,AL,2005,2018912
2024F,TETCB,AL,2006,2050932
2024F,TETCB,AL,2007,2067485
2024F,TETCB,AL,2008,1976589
2024F,TETCB,AL,2009,1749863
2024F,TETCB,AL,2010,1906134
2024F,TETCB,AL,2011,1882109
2024F,TETCB,AL,2012,1862573
2024F,TETCB,AL,2013,1881861
2024F,TETCB,AL,2014,1929820
2024F,TETCB,AL,2015,1880806
2024F,TETCB,AL,2016,1895509
2024F,TETCB,AL,2017,1867808
2024F,TETCB,AL,2018,1912768
2024F,TETCB,AL,2019,1883805
2024F,TETCB,AL,2020,1795052
2024F,TETCB,AL,2021,1927979
2024F,TETCB,AL,2022,1912683
2024F,TETCB,AL,2023,1866307
2024F,TETCB,AL,2024,1906213
2024F,TETCB,AR,1960,417153
2024F,TETCB,AR,1961,423192
2024F,TETCB,AR,1962,446994
2024F,TETCB,AR,1963,474761
2024F,TETCB,AR,1964,515874
2024F,TETCB,AR,1965,515759
2024F,TETCB,AR,1966,553146
2024F,TETCB,AR,1967,581814
2024F,TETCB,AR,1968,620382
2024F,TETCB,AR,1969,664066
2024F,TETCB,AR,1970,691896
2024F,TETCB,AR,1971,682389
2024F,TETCB,AR,1972,725860
2024F,TETCB,AR,1973,801202
2024F,TETCB,AR,1974,777116
2024F,TETCB,AR,1975,763584
2024F,TETCB,AR,1976,818585
2024F,TETCB,AR,1977,867684
2024F,TETCB,AR,1978,863565
2024F,TETCB,AR,1979,849130
2024F,TETCB,AR,1980,834372
2024F,TETCB,AR,1981,801407
2024F,TETCB,AR,1982,768781
2024F,TETCB,AR,1983,770586
2024F,TETCB,AR,1984,774080
2024F,TETCB,AR,1985,768517
2024F,TETCB,AR,1986,739016
2024F,TETCB,AR,1987,718177
2024F,TETCB,AR,1988,801908
2024F,TETCB,AR,1989,863033
2024F,TETCB,AR,1990,829674
2024F,TETCB,AR,1991,818074
2024F,TETCB,AR,1992,847533
2024F,TETCB,AR,1993,912973
2024F,TETCB,AR,1994,951014
2024F,TETCB,AR,1995,1002777
2024F,TETCB,AR,1996,1025669
2024F,TETCB,AR,1997,1039783
2024F,TETCB,AR,1998,1061551
2024F,TETCB,AR,1999,1083254
2024F,TETCB,AR,2000,1124742
2024F,TETCB,AR,2001,1078834
2024F,TETCB,AR,2002,1095219
2024F,TETCB,AR,2003,1083763
2024F,TETCB,AR,2004,1069229
2024F,TETCB,AR,2005,1094815
2024F,TETCB,AR,2006,1103064
2024F,TETCB,AR,2007,1108782
2024F,TETCB,AR,2008,1082215
2024F,TETCB,AR,2009,1019337
2024F,TETCB,AR,2010,1108050
2024F,TETCB,AR,2011,1114143
2024F,TETCB,AR,2012,1063798
2024F,TETCB,AR,2013,1091385
2024F,TETCB,AR,2014,1107699
2024F,TETCB,AR,2015,1042791
2024F,TETCB,AR,2016,1036038
2024F,TETCB,AR,2017,1043144
2024F,TETCB,AR,2018,1102095
2024F,TETCB,AR,2019,1077136
2024F,TETCB,AR,2020,1012039
2024F,TETCB,AR,2021,1057029
2024F,TETCB,AR,2022,1062321
2024F,TETCB,AR,2023,1054139
2024F,TETCB,AR,2024,1059524
2024F,TETCB,AZ,1960,273431
2024F,TETCB,AZ,1961,294660
2024F,TETCB,AZ,1962,313581
2024F,TETCB,AZ,1963,337213
2024F,TETCB,AZ,1964,357961
2024F,TETCB,AZ,1965,362858
2024F,TETCB,AZ,1966,390820
2024F,TETCB,AZ,1967,400280
2024F,TETCB,AZ,1968,442172
2024F,TETCB,AZ,1969,481370
2024F,TETCB,AZ,1970,502886
2024F,TETCB,AZ,1971,534558
2024F,TETCB,AZ,1972,595492
2024F,TETCB,AZ,1973,648638
2024F,TETCB,AZ,1974,650824
2024F,TETCB,AZ,1975,634126
2024F,TETCB,AZ,1976,667849
2024F,TETCB,AZ,1977,720003
2024F,TETCB,AZ,1978,724401
2024F,TETCB,AZ,1979,761540
2024F,TETCB,AZ,1980,729272
2024F,TETCB,AZ,1981,762578
2024F,TETCB,AZ,1982,717832
2024F,TETCB,AZ,1983,726638
2024F,TETCB,AZ,1984,772368
2024F,TETCB,AZ,1985,813921
2024F,TETCB,AZ,1986,822415
2024F,TETCB,AZ,1987,838472
2024F,TETCB,AZ,1988,881963
2024F,TETCB,AZ,1989,912149
2024F,TETCB,AZ,1990,912983
2024F,TETCB,AZ,1991,923446
2024F,TETCB,AZ,1992,954555
2024F,TETCB,AZ,1993,968200
2024F,TETCB,AZ,1994,1020281
2024F,TETCB,AZ,1995,1051644
2024F,TETCB,AZ,1996,1112722
2024F,TETCB,AZ,1997,1125743
2024F,TETCB,AZ,1998,1185968
2024F,TETCB,AZ,1999,1235022
2024F,TETCB,AZ,2000,1289942
2024F,TETCB,AZ,2001,1302269
2024F,TETCB,AZ,2002,1298175
2024F,TETCB,AZ,2003,1319572
2024F,TETCB,AZ,2004,1372363
2024F,TETCB,AZ,2005,1411695
2024F,TETCB,AZ,2006,1457800
2024F,TETCB,AZ,2007,1466903
2024F,TETCB,AZ,2008,1433406
2024F,TETCB,AZ,2009,1351254
2024F,TETCB,AZ,2010,1404841
2024F,TETCB,AZ,2011,1431013
2024F,TETCB,AZ,2012,1406179
2024F,TETCB,AZ,2013,1423208
2024F,TETCB,AZ,2014,1425539
2024F,TETCB,AZ,2015,1444587
2024F,TETCB,AZ,2016,1466255
2024F,TETCB,AZ,2017,1466773
2024F,TETCB,AZ,2018,1477873
2024F,TETCB,AZ,2019,1496536
2024F,TETCB,AZ,2020,1440291
2024F,TETCB,AZ,2021,1483627
2024F,TETCB,AZ,2022,1513145
2024F,TETCB,AZ,2023,1531010
2024F,TETCB,AZ,2024,1568088
2024F,TETCB,CA,1960,3360697
2024F,TETCB,CA,1961,3513822
2024F,TETCB,CA,1962,3623382
2024F,TETCB,CA,1963,3825677
2024F,TETCB,CA,1964,4112125
2024F,TETCB,CA,1965,4267121
2024F,TETCB,CA,1966,4525141
2024F,TETCB,CA,1967,4703411
2024F,TETCB,CA,1968,4979463
2024F,TETCB,CA,1969,5206803
2024F,TETCB,CA,1970,5349033
2024F,TETCB,CA,1971,5585821
2024F,TETCB,CA,1972,5709669
2024F,TETCB,CA,1973,5890331
2024F,TETCB,CA,1974,5651469
2024F,TETCB,CA,1975,5852102
2024F,TETCB,CA,1976,6017642
2024F,TETCB,CA,1977,6232973
2024F,TETCB,CA,1978,6313568
2024F,TETCB,CA,1979,6565989
2024F,TETCB,CA,1980,6383232
2024F,TETCB,CA,1981,6183021
2024F,TETCB,CA,1982,5899763
2024F,TETCB,CA,1983,5907152
2024F,TETCB,CA,1984,6351329
2024F,TETCB,CA,1985,6439167
2024F,TETCB,CA,1986,6335080
2024F,TETCB,CA,1987,6795178
2024F,TETCB,CA,1988,7018321
2024F,TETCB,CA,1989,7265036
2024F,TETCB,CA,1990,7120826
2024F,TETCB,CA,1991,7011231
2024F,TETCB,CA,1992,7020561
2024F,TETCB,CA,1993,6715658
2024F,TETCB,CA,1994,6974865
2024F,TETCB,CA,1995,6837236
2024F,TETCB,CA,1996,6926290
2024F,TETCB,CA,1997,7063176
2024F,TETCB,CA,1998,7331105
2024F,TETCB,CA,1999,7365674
2024F,TETCB,CA,2000,7504612
2024F,TETCB,CA,2001,7610078
2024F,TETCB,CA,2002,7595049
2024F,TETCB,CA,2003,7454129
2024F,TETCB,CA,2004,7835668
2024F,TETCB,CA,2005,7741970
2024F,TETCB,CA,2006,7785762
2024F,TETCB,CA,2007,7923319
2024F,TETCB,CA,2008,7748640
2024F,TETCB,CA,2009,7429624
2024F,TETCB,CA,2010,7271117
2024F,TETCB,CA,2011,7187937
2024F,TETCB,CA,2012,7074252
2024F,TETCB,CA,2013,7142804
2024F,TETCB,CA,2014,7054368
2024F,TETCB,CA,2015,7138191
2024F,TETCB,CA,2016,7137620
2024F,TETCB,CA,2017,7146703
2024F,TETCB,CA,2018,7294353
2024F,TETCB,CA,2019,7232052
2024F,TETCB,CA,2020,6433619
2024F,TETCB,CA,2021,6778817
2024F,TETCB,CA,2022,6857539
2024F,TETCB,CA,2023,6814876
2024F,TETCB,CA,2024,6855450
2024F,TETCB,CO,1960,417013
2024F,TETCB,CO,1961,453816
2024F,TETCB,CO,1962,459822
2024F,TETCB,CO,1963,457373
2024F,TETCB,CO,1964,488833
2024F,TETCB,CO,1965,498729
2024F,TETCB,CO,1966,521816
2024F,TETCB,CO,1967,543833
2024F,TETCB,CO,1968,611043
2024F,TETCB,CO,1969,635561
2024F,TETCB,CO,1970,663966
2024F,TETCB,CO,1971,676838
2024F,TETCB,CO,1972,740855
2024F,TETCB,CO,1973,786248
2024F,TETCB,CO,1974,768388
2024F,TETCB,CO,1975,765161
2024F,TETCB,CO,1976,800732
2024F,TETCB,CO,1977,820659
2024F,TETCB,CO,1978,831741
2024F,TETCB,CO,1979,836818
2024F,TETCB,CO,1980,818498
2024F,TETCB,CO,1981,795488
2024F,TETCB,CO,1982,807902
2024F,TETCB,CO,1983,804336
2024F,TETCB,CO,1984,841649
2024F,TETCB,CO,1985,846243
2024F,TETCB,CO,1986,835101
2024F,TETCB,CO,1987,845282
2024F,TETCB,CO,1988,881005
2024F,TETCB,CO,1989,892223
2024F,TETCB,CO,1990,933527
2024F,TETCB,CO,1991,980904
2024F,TETCB,CO,1992,984390
2024F,TETCB,CO,1993,1048764
2024F,TETCB,CO,1994,1053680
2024F,TETCB,CO,1995,1075533
2024F,TETCB,CO,1996,1125733
2024F,TETCB,CO,1997,1119835
2024F,TETCB,CO,1998,1172701
2024F,TETCB,CO,1999,1191909
2024F,TETCB,CO,2000,1257656
2024F,TETCB,CO,2001,1358653
2024F,TETCB,CO,2002,1358529
2024F,TETCB,CO,2003,1360444
2024F,TETCB,CO,2004,1388345
2024F,TETCB,CO,2005,1419633
2024F,TETCB,CO,2006,1432297
2024F,TETCB,CO,2007,1463502
2024F,TETCB,CO,2008,1451814
2024F,TETCB,CO,2009,1430787
2024F,TETCB,CO,2010,1481223
2024F,TETCB,CO,2011,1426804
2024F,TETCB,CO,2012,1394568
2024F,TETCB,CO,2013,1420550
2024F,TETCB,CO,2014,1432194
2024F,TETCB,CO,2015,1439475
2024F,TETCB,CO,2016,1394680
2024F,TETCB,CO,2017,1399088
2024F,TETCB,CO,2018,1447764
2024F,TETCB,CO,2019,1484501
2024F,TETCB,CO,2020,1347247
2024F,TETCB,CO,2021,1386620
2024F,TETCB,CO,2022,1427932
2024F,TETCB,CO,2023,1370920
2024F,TETCB,CO,2024,1345861
2024F,TETCB,CT,1960,496298
2024F,TETCB,CT,1961,505953
2024F,TETCB,CT,1962,523254
2024F,TETCB,CT,1963,532247
2024F,TETCB,CT,1964,549692
2024F,TETCB,CT,1965,554317
2024F,TETCB,CT,1966,593831
2024F,TETCB,CT,1967,606150
2024F,TETCB,CT,1968,630827
2024F,TETCB,CT,1969,647335
2024F,TETCB,CT,1970,673492
2024F,TETCB,CT,1971,660770
2024F,TETCB,CT,1972,695699
2024F,TETCB,CT,1973,721282
2024F,TETCB,CT,1974,690428
2024F,TETCB,CT,1975,666939
2024F,TETCB,CT,1976,721053
2024F,TETCB,CT,1977,731889
2024F,TETCB,CT,1978,748555
2024F,TETCB,CT,1979,735534
2024F,TETCB,CT,1980,708289
2024F,TETCB,CT,1981,676092
2024F,TETCB,CT,1982,673204
2024F,TETCB,CT,1983,662588
2024F,TETCB,CT,1984,691613
2024F,TETCB,CT,1985,702339
2024F,TETCB,CT,1986,717725
2024F,TETCB,CT,1987,744352
2024F,TETCB,CT,1988,778584
2024F,TETCB,CT,1989,790516
2024F,TETCB,CT,1990,772489
2024F,TETCB,CT,1991,772348
2024F,TETCB,CT,1992,807110
2024F,TETCB,CT,1993,793436
2024F,TETCB,CT,1994,796851
2024F,TETCB,CT,1995,779891
2024F,TETCB,CT,1996,807830
2024F,TETCB,CT,1997,796695
2024F,TETCB,CT,1998,783855
2024F,TETCB,CT,1999,829664
2024F,TETCB,CT,2000,841087
2024F,TETCB,CT,2001,826501
2024F,TETCB,CT,2002,811464
2024F,TETCB,CT,2003,888123
2024F,TETCB,CT,2004,903011
2024F,TETCB,CT,2005,871777
2024F,TETCB,CT,2006,816420
2024F,TETCB,CT,2007,838749
2024F,TETCB,CT,2008,770340
2024F,TETCB,CT,2009,763039
2024F,TETCB,CT,2010,767505
2024F,TETCB,CT,2011,740352
2024F,TETCB,CT,2012,726547
2024F,TETCB,CT,2013,744710
2024F,TETCB,CT,2014,748771
2024F,TETCB,CT,2015,754395
2024F,TETCB,CT,2016,721667
2024F,TETCB,CT,2017,724109
2024F,TETCB,CT,2018,750446
2024F,TETCB,CT,2019,730033
2024F,TETCB,CT,2020,664929
2024F,TETCB,CT,2021,699038
2024F,TETCB,CT,2022,718240
2024F,TETCB,CT,2023,687832
2024F,TETCB,CT,2024,709097
2024F,TETCB,DC,1960,115737
2024F,TETCB,DC,1961,113840
2024F,TETCB,DC,1962,115913
2024F,TETCB,DC,1963,116637
2024F,TETCB,DC,1964,127494
2024F,TETCB,DC,1965,153758
2024F,TETCB,DC,1966,164156
2024F,TETCB,DC,1967,176165
2024F,TETCB,DC,1968,175877
2024F,TETCB,DC,1969,188885
2024F,TETCB,DC,1970,199069
2024F,TETCB,DC,1971,192227
2024F,TETCB,DC,1972,181958
2024F,TETCB,DC,1973,186586
2024F,TETCB,DC,1974,164342
2024F,TETCB,DC,1975,156103
2024F,TETCB,DC,1976,157938
2024F,TETCB,DC,1977,158285
2024F,TETCB,DC,1978,153934
2024F,TETCB,DC,1979,146139
2024F,TETCB,DC,1980,146689
2024F,TETCB,DC,1981,143116
2024F,TETCB,DC,1982,156109
2024F,TETCB,DC,1983,154037
2024F,TETCB,DC,1984,158980
2024F,TETCB,DC,1985,158697
2024F,TETCB,DC,1986,167001
2024F,TETCB,DC,1987,167535
2024F,TETCB,DC,1988,169107
2024F,TETCB,DC,1989,173198
2024F,TETCB,DC,1990,180636
2024F,TETCB,DC,1991,186181
2024F,TETCB,DC,1992,187410
2024F,TETCB,DC,1993,194596
2024F,TETCB,DC,1994,189663
2024F,TETCB,DC,1995,191627
2024F,TETCB,DC,1996,183930
2024F,TETCB,DC,1997,180824
2024F,TETCB,DC,1998,182578
2024F,TETCB,DC,1999,185034
2024F,TETCB,DC,2000,194839
2024F,TETCB,DC,2001,190410
2024F,TETCB,DC,2002,191595
2024F,TETCB,DC,2003,188466
2024F,TETCB,DC,2004,196183
2024F,TETCB,DC,2005,196028
2024F,TETCB,DC,2006,181712
2024F,TETCB,DC,2007,189393
2024F,TETCB,DC,2008,178021
2024F,TETCB,DC,2009,180615
2024F,TETCB,DC,2010,184241
2024F,TETCB,DC,2011,174692
2024F,TETCB,DC,2012,163794
2024F,TETCB,DC,2013,166316
2024F,TETCB,DC,2014,170057
2024F,TETCB,DC,2015,169442
2024F,TETCB,DC,2016,163726
2024F,TETCB,DC,2017,155197
2024F,TETCB,DC,2018,162007
2024F,TETCB,DC,2019,157329
2024F,TETCB,DC,2020,132166
2024F,TETCB,DC,2021,139880
2024F,TETCB,DC,2022,141152
2024F,TETCB,DC,2023,135280
2024F,TETCB,DC,2024,138469
2024F,TETCB,DE,1960,153726
2024F,TETCB,DE,1961,147678
2024F,TETCB,DE,1962,158977
2024F,TETCB,DE,1963,169737
2024F,TETCB,DE,1964,169803
2024F,TETCB,DE,1965,180486
2024F,TETCB,DE,1966,188475
2024F,TETCB,DE,1967,182891
2024F,TETCB,DE,1968,201693
2024F,TETCB,DE,1969,213604
2024F,TETCB,DE,1970,213921
2024F,TETCB,DE,1971,216325
2024F,TETCB,DE,1972,226448
2024F,TETCB,DE,1973,240308
2024F,TETCB,DE,1974,222261
2024F,TETCB,DE,1975,212526
2024F,TETCB,DE,1976,223383
2024F,TETCB,DE,1977,223234
2024F,TETCB,DE,1978,220704
2024F,TETCB,DE,1979,239047
2024F,TETCB,DE,1980,236880
2024F,TETCB,DE,1981,190684
2024F,TETCB,DE,1982,181170
2024F,TETCB,DE,1983,191692
2024F,TETCB,DE,1984,214173
2024F,TETCB,DE,1985,209389
2024F,TETCB,DE,1986,210957
2024F,TETCB,DE,1987,222263
2024F,TETCB,DE,1988,229414
2024F,TETCB,DE,1989,235488
2024F,TETCB,DE,1990,251171
2024F,TETCB,DE,1991,254456
2024F,TETCB,DE,1992,260364
2024F,TETCB,DE,1993,265800
2024F,TETCB,DE,1994,261025
2024F,TETCB,DE,1995,262221
2024F,TETCB,DE,1996,271563
2024F,TETCB,DE,1997,271024
2024F,TETCB,DE,1998,271046
2024F,TETCB,DE,1999,283315
2024F,TETCB,DE,2000,303879
2024F,TETCB,DE,2001,290543
2024F,TETCB,DE,2002,304848
2024F,TETCB,DE,2003,300832
2024F,TETCB,DE,2004,287001
2024F,TETCB,DE,2005,297787
2024F,TETCB,DE,2006,285714
2024F,TETCB,DE,2007,291538
2024F,TETCB,DE,2008,288650
2024F,TETCB,DE,2009,255701
2024F,TETCB,DE,2010,263229
2024F,TETCB,DE,2011,281158
2024F,TETCB,DE,2012,279977
2024F,TETCB,DE,2013,276690
2024F,TETCB,DE,2014,276437
2024F,TETCB,DE,2015,280239
2024F,TETCB,DE,2016,276704
2024F,TETCB,DE,2017,274293
2024F,TETCB,DE,2018,292792
2024F,TETCB,DE,2019,291612
2024F,TETCB,DE,2020,263853
2024F,TETCB,DE,2021,281136
2024F,TETCB,DE,2022,275231
2024F,TETCB,DE,2023,268525
2024F,TETCB,DE,2024,261559
2024F,TETCB,FL,1960,783376
2024F,TETCB,FL,1961,820633
2024F,TETCB,FL,1962,917001
2024F,TETCB,FL,1963,962029
2024F,TETCB,FL,1964,1013935
2024F,TETCB,FL,1965,1071226
2024F,TETCB,FL,1966,1138189
2024F,TETCB,FL,1967,1174126
2024F,TETCB,FL,1968,1297961
2024F,TETCB,FL,1969,1393446
2024F,TETCB,FL,1970,1513915
2024F,TETCB,FL,1971,1603057
2024F,TETCB,FL,1972,1730274
2024F,TETCB,FL,1973,1917545
2024F,TETCB,FL,1974,1842485
2024F,TETCB,FL,1975,1853431
2024F,TETCB,FL,1976,1982044
2024F,TETCB,FL,1977,2153266
2024F,TETCB,FL,1978,2244444
2024F,TETCB,FL,1979,2339943
2024F,TETCB,FL,1980,2426745
2024F,TETCB,FL,1981,2400474
2024F,TETCB,FL,1982,2303770
2024F,TETCB,FL,1983,2349196
2024F,TETCB,FL,1984,2446324
2024F,TETCB,FL,1985,2601036
2024F,TETCB,FL,1986,2677412
2024F,TETCB,FL,1987,2779486
2024F,TETCB,FL,1988,2960574
2024F,TETCB,FL,1989,3143302
2024F,TETCB,FL,1990,3275218
2024F,TETCB,FL,1991,3236549
2024F,TETCB,FL,1992,3306983
2024F,TETCB,FL,1993,3338698
2024F,TETCB,FL,1994,3458320
2024F,TETCB,FL,1995,3604864
2024F,TETCB,FL,1996,3677088
2024F,TETCB,FL,1997,3699302
2024F,TETCB,FL,1998,3850212
2024F,TETCB,FL,1999,3907612
2024F,TETCB,FL,2000,4067861
2024F,TETCB,FL,2001,4051572
2024F,TETCB,FL,2002,4161068
2024F,TETCB,FL,2003,4180999
2024F,TETCB,FL,2004,4334599
2024F,TETCB,FL,2005,4406875
2024F,TETCB,FL,2006,4460801
2024F,TETCB,FL,2007,4405230
2024F,TETCB,FL,2008,4250476
2024F,TETCB,FL,2009,4099568
2024F,TETCB,FL,2010,4306344
2024F,TETCB,FL,2011,4152521
2024F,TETCB,FL,2012,4053147
2024F,TETCB,FL,2013,4113038
2024F,TETCB,FL,2014,4157928
2024F,TETCB,FL,2015,4308804
2024F,TETCB,FL,2016,4344354
2024F,TETCB,FL,2017,4324156
2024F,TETCB,FL,2018,4412680
2024F,TETCB,FL,2019,4338003
2024F,TETCB,FL,2020,3954381
2024F,TETCB,FL,2021,4257181
2024F,TETCB,FL,2022,4337403
2024F,TETCB,FL,2023,4307540
2024F,TETCB,FL,2024,4357609
2024F,TETCB,GA,1960,681860
2024F,TETCB,GA,1961,686173
2024F,TETCB,GA,1962,742616
2024F,TETCB,GA,1963,781362
2024F,TETCB,GA,1964,833715
2024F,TETCB,GA,1965,890335
2024F,TETCB,GA,1966,969858
2024F,TETCB,GA,1967,1030780
2024F,TETCB,GA,1968,1120406
2024F,TETCB,GA,1969,1189279
2024F,TETCB,GA,1970,1240557
2024F,TETCB,GA,1971,1305275
2024F,TETCB,GA,1972,1391743
2024F,TETCB,GA,1973,1510176
2024F,TETCB,GA,1974,1445621
2024F,TETCB,GA,1975,1438784
2024F,TETCB,GA,1976,1504233
2024F,TETCB,GA,1977,1589996
2024F,TETCB,GA,1978,1634584
2024F,TETCB,GA,1979,1682673
2024F,TETCB,GA,1980,1668806
2024F,TETCB,GA,1981,1648041
2024F,TETCB,GA,1982,1623407
2024F,TETCB,GA,1983,1688045
2024F,TETCB,GA,1984,1813511
2024F,TETCB,GA,1985,1874526
2024F,TETCB,GA,1986,1891913
2024F,TETCB,GA,1987,1995372
2024F,TETCB,GA,1988,2091376
2024F,TETCB,GA,1989,2160879
2024F,TETCB,GA,1990,2188433
2024F,TETCB,GA,1991,2176941
2024F,TETCB,GA,1992,2217975
2024F,TETCB,GA,1993,2373461
2024F,TETCB,GA,1994,2395160
2024F,TETCB,GA,1995,2578340
2024F,TETCB,GA,1996,2726850
2024F,TETCB,GA,1997,2709444
2024F,TETCB,GA,1998,2744268
2024F,TETCB,GA,1999,2779826
2024F,TETCB,GA,2000,2901427
2024F,TETCB,GA,2001,2797716
2024F,TETCB,GA,2002,2912009
2024F,TETCB,GA,2003,2923139
2024F,TETCB,GA,2004,3065310
2024F,TETCB,GA,2005,3080403
2024F,TETCB,GA,2006,3067394
2024F,TETCB,GA,2007,3061401
2024F,TETCB,GA,2008,2926774
2024F,TETCB,GA,2009,2884852
2024F,TETCB,GA,2010,3118878
2024F,TETCB,GA,2011,3000462
2024F,TETCB,GA,2012,2818231
2024F,TETCB,GA,2013,2869293
2024F,TETCB,GA,2014,2941556
2024F,TETCB,GA,2015,2946449
2024F,TETCB,GA,2016,2911451
2024F,TETCB,GA,2017,2882421
2024F,TETCB,GA,2018,2948666
2024F,TETCB,GA,2019,2905172
2024F,TETCB,GA,2020,2658733
2024F,TETCB,GA,2021,2764908
2024F,TETCB,GA,2022,2852217
2024F,TETCB,GA,2023,2873369
2024F,TETCB,GA,2024,2960655
2024F,TETCB,HI,1960,94640
2024F,TETCB,HI,1961,113578
2024F,TETCB,HI,1962,108141
2024F,TETCB,HI,1963,114103
2024F,TETCB,HI,1964,122620
2024F,TETCB,HI,1965,129824
2024F,TETCB,HI,1966,144691
2024F,TETCB,HI,1967,163104
2024F,TETCB,HI,1968,182141
2024F,TETCB,HI,1969,190159
2024F,TETCB,HI,1970,196184
2024F,TETCB,HI,1971,211042
2024F,TETCB,HI,1972,217426
2024F,TETCB,HI,1973,223651
2024F,TETCB,HI,1974,211458
2024F,TETCB,HI,1975,213754
2024F,TETCB,HI,1976,219397
2024F,TETCB,HI,1977,232732
2024F,TETCB,HI,1978,236388
2024F,TETCB,HI,1979,255980
2024F,TETCB,HI,1980,261744
2024F,TETCB,HI,1981,236151
2024F,TETCB,HI,1982,217460
2024F,TETCB,HI,1983,220552
2024F,TETCB,HI,1984,231705
2024F,TETCB,HI,1985,247820
2024F,TETCB,HI,1986,244655
2024F,TETCB,HI,1987,248796
2024F,TETCB,HI,1988,289021
2024F,TETCB,HI,1989,309045
2024F,TETCB,HI,1990,320661
2024F,TETCB,HI,1991,294400
2024F,TETCB,HI,1992,305433
2024F,TETCB,HI,1993,281060
2024F,TETCB,HI,1994,296649
2024F,TETCB,HI,1995,294338
2024F,TETCB,HI,1996,280503
2024F,TETCB,HI,1997,270917
2024F,TETCB,HI,1998,270821
2024F,TETCB,HI,1999,267015
2024F,TETCB,HI,2000,270704
2024F,TETCB,HI,2001,267970
2024F,TETCB,HI,2002,283505
2024F,TETCB,HI,2003,299086
2024F,TETCB,HI,2004,312623
2024F,TETCB,HI,2005,322560
2024F,TETCB,HI,2006,324507
2024F,TETCB,HI,2007,334047
2024F,TETCB,HI,2008,272843
2024F,TETCB,HI,2009,272233
2024F,TETCB,HI,2010,294039
2024F,TETCB,HI,2011,297974
2024F,TETCB,HI,2012,291000
2024F,TETCB,HI,2013,293753
2024F,TETCB,HI,2014,285589
2024F,TETCB,HI,2015,288564
2024F,TETCB,HI,2016,289196
2024F,TETCB,HI,2017,295642
2024F,TETCB,HI,2018,294449
2024F,TETCB,HI,2019,296631
2024F,TETCB,HI,2020,219585
2024F,TETCB,HI,2021,255903
2024F,TETCB,HI,2022,270404
2024F,TETCB,HI,2023,271755
2024F,TETCB,HI,2024,271819
2024F,TETCB,IA,1960,589195
2024F,TETCB,IA,1961,586832
2024F,TETCB,IA,1962,612223
2024F,TETCB,IA,1963,630303
2024F,TETCB,IA,1964,654469
2024F,TETCB,IA,1965,680139
2024F,TETCB,IA,1966,683755
2024F,TETCB,IA,1967,730492
2024F,TETCB,IA,1968,764778
2024F,TETCB,IA,1969,802579
2024F,TETCB,IA,1970,831027
2024F,TETCB,IA,1971,841352
2024F,TETCB,IA,1972,883091
2024F,TETCB,IA,1973,941425
2024F,TETCB,IA,1974,925213
2024F,TETCB,IA,1975,917581
2024F,TETCB,IA,1976,956316
2024F,TETCB,IA,1977,961845
2024F,TETCB,IA,1978,938650
2024F,TETCB,IA,1979,1015722
2024F,TETCB,IA,1980,959968
2024F,TETCB,IA,1981,945569
2024F,TETCB,IA,1982,941125
2024F,TETCB,IA,1983,921964
2024F,TETCB,IA,1984,910783
2024F,TETCB,IA,1985,875272
2024F,TETCB,IA,1986,878360
2024F,TETCB,IA,1987,886824
2024F,TETCB,IA,1988,960660
2024F,TETCB,IA,1989,918981
2024F,TETCB,IA,1990,941873
2024F,TETCB,IA,1991,978008
2024F,TETCB,IA,1992,968775
2024F,TETCB,IA,1993,1033373
2024F,TETCB,IA,1994,1062480
2024F,TETCB,IA,1995,1100958
2024F,TETCB,IA,1996,1142304
2024F,TETCB,IA,1997,1129820
2024F,TETCB,IA,1998,1141438
2024F,TETCB,IA,1999,1188691
2024F,TETCB,IA,2000,1186019
2024F,TETCB,IA,2001,1157637
2024F,TETCB,IA,2002,1183045
2024F,TETCB,IA,2003,1179269
2024F,TETCB,IA,2004,1232893
2024F,TETCB,IA,2005,1259846
2024F,TETCB,IA,2006,1281045
2024F,TETCB,IA,2007,1354377
2024F,TETCB,IA,2008,1412115
2024F,TETCB,IA,2009,1398438
2024F,TETCB,IA,2010,1442010
2024F,TETCB,IA,2011,1441420
2024F,TETCB,IA,2012,1358083
2024F,TETCB,IA,2013,1430536
2024F,TETCB,IA,2014,1444176
2024F,TETCB,IA,2015,1404968
2024F,TETCB,IA,2016,1413797
2024F,TETCB,IA,2017,1450929
2024F,TETCB,IA,2018,1521108
2024F,TETCB,IA,2019,1503248
2024F,TETCB,IA,2020,1349865
2024F,TETCB,IA,2021,1385997
2024F,TETCB,IA,2022,1428619
2024F,TETCB,IA,2023,1403266
2024F,TETCB,IA,2024,1398574
2024F,TETCB,ID,1960,181977
2024F,TETCB,ID,1961,193392
2024F,TETCB,ID,1962,201192
2024F,TETCB,ID,1963,203722
2024F,TETCB,ID,1964,220220
2024F,TETCB,ID,1965,224114
2024F,TETCB,ID,1966,234465
2024F,TETCB,ID,1967,254143
2024F,TETCB,ID,1968,274456
2024F,TETCB,ID,1969,273043
2024F,TETCB,ID,1970,283123
2024F,TETCB,ID,1971,297493
2024F,TETCB,ID,1972,319731
2024F,TETCB,ID,1973,323593
2024F,TETCB,ID,1974,331607
2024F,TETCB,ID,1975,343621
2024F,TETCB,ID,1976,347893
2024F,TETCB,ID,1977,355486
2024F,TETCB,ID,1978,357228
2024F,TETCB,ID,1979,370680
2024F,TETCB,ID,1980,334792
2024F,TETCB,ID,1981,347367
2024F,TETCB,ID,1982,333178
2024F,TETCB,ID,1983,327933
2024F,TETCB,ID,1984,330482
2024F,TETCB,ID,1985,340363
2024F,TETCB,ID,1986,327985
2024F,TETCB,ID,1987,333521
2024F,TETCB,ID,1988,354967
2024F,TETCB,ID,1989,386190
2024F,TETCB,ID,1990,340787
2024F,TETCB,ID,1991,350770
2024F,TETCB,ID,1992,371064
2024F,TETCB,ID,1993,366600
2024F,TETCB,ID,1994,393148
2024F,TETCB,ID,1995,386129
2024F,TETCB,ID,1996,400574
2024F,TETCB,ID,1997,395691
2024F,TETCB,ID,1998,415600
2024F,TETCB,ID,1999,434818
2024F,TETCB,ID,2000,466227
2024F,TETCB,ID,2001,449829
2024F,TETCB,ID,2002,432653
2024F,TETCB,ID,2003,410104
2024F,TETCB,ID,2004,442107
2024F,TETCB,ID,2005,452949
2024F,TETCB,ID,2006,447801
2024F,TETCB,ID,2007,475593
2024F,TETCB,ID,2008,468048
2024F,TETCB,ID,2009,428088
2024F,TETCB,ID,2010,455550
2024F,TETCB,ID,2011,421579
2024F,TETCB,ID,2012,427590
2024F,TETCB,ID,2013,455306
2024F,TETCB,ID,2014,444877
2024F,TETCB,ID,2015,467831
2024F,TETCB,ID,2016,463515
2024F,TETCB,ID,2017,468820
2024F,TETCB,ID,2018,467215
2024F,TETCB,ID,2019,485154
2024F,TETCB,ID,2020,463090
2024F,TETCB,ID,2021,490781
2024F,TETCB,ID,2022,513797
2024F,TETCB,ID,2023,512597
2024F,TETCB,ID,2024,493435
2024F,TETCB,IL,1960,2470864
2024F,TETCB,IL,1961,2504146
2024F,TETCB,IL,1962,2595952
2024F,TETCB,IL,1963,2660868
2024F,TETCB,IL,1964,2786619
2024F,TETCB,IL,1965,2957154
2024F,TETCB,IL,1966,3115310
2024F,TETCB,IL,1967,3235878
2024F,TETCB,IL,1968,3371320
2024F,TETCB,IL,1969,3545323
2024F,TETCB,IL,1970,3606919
2024F,TETCB,IL,1971,3626688
2024F,TETCB,IL,1972,3833254
2024F,TETCB,IL,1973,3922291
2024F,TETCB,IL,1974,3848522
2024F,TETCB,IL,1975,3756882
2024F,TETCB,IL,1976,3924044
2024F,TETCB,IL,1977,4024163
2024F,TETCB,IL,1978,4103957
2024F,TETCB,IL,1979,3956004
2024F,TETCB,IL,1980,3677167
2024F,TETCB,IL,1981,3463727
2024F,TETCB,IL,1982,3295717
2024F,TETCB,IL,1983,3363793
2024F,TETCB,IL,1984,3401645
2024F,TETCB,IL,1985,3346836
2024F,TETCB,IL,1986,3325624
2024F,TETCB,IL,1987,3393980
2024F,TETCB,IL,1988,3633357
2024F,TETCB,IL,1989,3536169
2024F,TETCB,IL,1990,3611525
2024F,TETCB,IL,1991,3677262
2024F,TETCB,IL,1992,3649626
2024F,TETCB,IL,1993,3752683
2024F,TETCB,IL,1994,3772943
2024F,TETCB,IL,1995,3885782
2024F,TETCB,IL,1996,3969450
2024F,TETCB,IL,1997,3937179
2024F,TETCB,IL,1998,3852291
2024F,TETCB,IL,1999,4023131
2024F,TETCB,IL,2000,4028341
2024F,TETCB,IL,2001,3904632
2024F,TETCB,IL,2002,3919273
2024F,TETCB,IL,2003,3944694
2024F,TETCB,IL,2004,3992115
2024F,TETCB,IL,2005,4138872
2024F,TETCB,IL,2006,3988635
2024F,TETCB,IL,2007,4075892
2024F,TETCB,IL,2008,4070403
2024F,TETCB,IL,2009,3841146
2024F,TETCB,IL,2010,3955722
2024F,TETCB,IL,2011,3932828
2024F,TETCB,IL,2012,3802475
2024F,TETCB,IL,2013,3960891
2024F,TETCB,IL,2014,4036853
2024F,TETCB,IL,2015,3869319
2024F,TETCB,IL,2016,3873296
2024F,TETCB,IL,2017,3830008
2024F,TETCB,IL,2018,3957944
2024F,TETCB,IL,2019,3883106
2024F,TETCB,IL,2020,3544398
2024F,TETCB,IL,2021,3627711
2024F,TETCB,IL,2022,3668788
2024F,TETCB,IL,2023,3479416
2024F,TETCB,IL,2024,3434701
2024F,TETCB,IN,1960,1503173
2024F,TETCB,IN,1961,1522771
2024F,TETCB,IN,1962,1549590
2024F,TETCB,IN,1963,1604646
2024F,TETCB,IN,1964,1682470
2024F,TETCB,IN,1965,1762170
2024F,TETCB,IN,1966,1882381
2024F,TETCB,IN,1967,1909401
2024F,TETCB,IN,1968,2000493
2024F,TETCB,IN,1969,2107983
2024F,TETCB,IN,1970,2171749
2024F,TETCB,IN,1971,2184587
2024F,TETCB,IN,1972,2383665
2024F,TETCB,IN,1973,2421144
2024F,TETCB,IN,1974,2371441
2024F,TETCB,IN,1975,2314295
2024F,TETCB,IN,1976,2349341
2024F,TETCB,IN,1977,2437182
2024F,TETCB,IN,1978,2477026
2024F,TETCB,IN,1979,2527022
2024F,TETCB,IN,1980,2343506
2024F,TETCB,IN,1981,2306266
2024F,TETCB,IN,1982,2114799
2024F,TETCB,IN,1983,2128513
2024F,TETCB,IN,1984,2210675
2024F,TETCB,IN,1985,2245045
2024F,TETCB,IN,1986,2204836
2024F,TETCB,IN,1987,2330405
2024F,TETCB,IN,1988,2439515
2024F,TETCB,IN,1989,2461663
2024F,TETCB,IN,1990,2486534
2024F,TETCB,IN,1991,2468749
2024F,TETCB,IN,1992,2456593
2024F,TETCB,IN,1993,2566462
2024F,TETCB,IN,1994,2553094
2024F,TETCB,IN,1995,2618357
2024F,TETCB,IN,1996,2700030
2024F,TETCB,IN,1997,2679932
2024F,TETCB,IN,1998,2670088
2024F,TETCB,IN,1999,2780767
2024F,TETCB,IN,2000,2863912
2024F,TETCB,IN,2001,2767007
2024F,TETCB,IN,2002,2853599
2024F,TETCB,IN,2003,2934671
2024F,TETCB,IN,2004,2927611
2024F,TETCB,IN,2005,2921512
2024F,TETCB,IN,2006,2856693
2024F,TETCB,IN,2007,2955502
2024F,TETCB,IN,2008,2912828
2024F,TETCB,IN,2009,2700448
2024F,TETCB,IN,2010,2831940
2024F,TETCB,IN,2011,2801574
2024F,TETCB,IN,2012,2714804
2024F,TETCB,IN,2013,2839873
2024F,TETCB,IN,2014,2882058
2024F,TETCB,IN,2015,2786528
2024F,TETCB,IN,2016,2733729
2024F,TETCB,IN,2017,2631104
2024F,TETCB,IN,2018,2769168
2024F,TETCB,IN,2019,2732808
2024F,TETCB,IN,2020,2502235
2024F,TETCB,IN,2021,2649744
2024F,TETCB,IN,2022,2624825
2024F,TETCB,IN,2023,2553684
2024F,TETCB,IN,2024,2540438
2024F,TETCB,KS,1960,620381
2024F,TETCB,KS,1961,606876
2024F,TETCB,KS,1962,626981
2024F,TETCB,KS,1963,628491
2024F,TETCB,KS,1964,643831
2024F,TETCB,KS,1965,709644
2024F,TETCB,KS,1966,749649
2024F,TETCB,KS,1967,707552
2024F,TETCB,KS,1968,778395
2024F,TETCB,KS,1969,821929
2024F,TETCB,KS,1970,856728
2024F,TETCB,KS,1971,889706
2024F,TETCB,KS,1972,942729
2024F,TETCB,KS,1973,947894
2024F,TETCB,KS,1974,938726
2024F,TETCB,KS,1975,903571
2024F,TETCB,KS,1976,952921
2024F,TETCB,KS,1977,965754
2024F,TETCB,KS,1978,1017039
2024F,TETCB,KS,1979,1112522
2024F,TETCB,KS,1980,1001634
2024F,TETCB,KS,1981,927844
2024F,TETCB,KS,1982,921758
2024F,TETCB,KS,1983,891881
2024F,TETCB,KS,1984,993087
2024F,TETCB,KS,1985,990991
2024F,TETCB,KS,1986,952845
2024F,TETCB,KS,1987,997525
2024F,TETCB,KS,1988,1053533
2024F,TETCB,KS,1989,1023345
2024F,TETCB,KS,1990,1074330
2024F,TETCB,KS,1991,1070386
2024F,TETCB,KS,1992,1057319
2024F,TETCB,KS,1993,1085811
2024F,TETCB,KS,1994,1111782
2024F,TETCB,KS,1995,1078330
2024F,TETCB,KS,1996,1109621
2024F,TETCB,KS,1997,1101084
2024F,TETCB,KS,1998,1088778
2024F,TETCB,KS,1999,1108236
2024F,TETCB,KS,2000,1116017
2024F,TETCB,KS,2001,1063512
2024F,TETCB,KS,2002,1096710
2024F,TETCB,KS,2003,1137937
2024F,TETCB,KS,2004,1119126
2024F,TETCB,KS,2005,1064258
2024F,TETCB,KS,2006,1089261
2024F,TETCB,KS,2007,1150829
2024F,TETCB,KS,2008,1108904
2024F,TETCB,KS,2009,1072050
2024F,TETCB,KS,2010,1090179
2024F,TETCB,KS,2011,1074529
2024F,TETCB,KS,2012,1036982
2024F,TETCB,KS,2013,1045680
2024F,TETCB,KS,2014,1076214
2024F,TETCB,KS,2015,1041287
2024F,TETCB,KS,2016,1018042
2024F,TETCB,KS,2017,985825
2024F,TETCB,KS,2018,1044285
2024F,TETCB,KS,2019,1031484
2024F,TETCB,KS,2020,970696
2024F,TETCB,KS,2021,968284
2024F,TETCB,KS,2022,1002810
2024F,TETCB,KS,2023,959507
2024F,TETCB,KS,2024,959338
2024F,TETCB,KY,1960,779353
2024F,TETCB,KY,1961,775993
2024F,TETCB,KY,1962,793930
2024F,TETCB,KY,1963,848634
2024F,TETCB,KY,1964,851579
2024F,TETCB,KY,1965,861120
2024F,TETCB,KY,1966,870415
2024F,TETCB,KY,1967,916069
2024F,TETCB,KY,1968,975596
2024F,TETCB,KY,1969,1032370
2024F,TETCB,KY,1970,1065453
2024F,TETCB,KY,1971,1074826
2024F,TETCB,KY,1972,1157521
2024F,TETCB,KY,1973,1191967
2024F,TETCB,KY,1974,1178145
2024F,TETCB,KY,1975,1221092
2024F,TETCB,KY,1976,1344030
2024F,TETCB,KY,1977,1370843
2024F,TETCB,KY,1978,1351921
2024F,TETCB,KY,1979,1384575
2024F,TETCB,KY,1980,1321263
2024F,TETCB,KY,1981,1253701
2024F,TETCB,KY,1982,1212027
2024F,TETCB,KY,1983,1223762
2024F,TETCB,KY,1984,1322041
2024F,TETCB,KY,1985,1285182
2024F,TETCB,KY,1986,1260043
2024F,TETCB,KY,1987,1303513
2024F,TETCB,KY,1988,1385250
2024F,TETCB,KY,1989,1464594
2024F,TETCB,KY,1990,1469560
2024F,TETCB,KY,1991,1491458
2024F,TETCB,KY,1992,1556815
2024F,TETCB,KY,1993,1599201
2024F,TETCB,KY,1994,1645098
2024F,TETCB,KY,1995,1719009
2024F,TETCB,KY,1996,1737381
2024F,TETCB,KY,1997,1746301
2024F,TETCB,KY,1998,1705476
2024F,TETCB,KY,1999,1798735
2024F,TETCB,KY,2000,1787820
2024F,TETCB,KY,2001,1807989
2024F,TETCB,KY,2002,1959802
2024F,TETCB,KY,2003,1895859
2024F,TETCB,KY,2004,1971977
2024F,TETCB,KY,2005,1997945
2024F,TETCB,KY,2006,1992266
2024F,TETCB,KY,2007,2031787
2024F,TETCB,KY,2008,1993954
2024F,TETCB,KY,2009,1906534
2024F,TETCB,KY,2010,1977001
2024F,TETCB,KY,2011,1907289
2024F,TETCB,KY,2012,1872803
2024F,TETCB,KY,2013,1811778
2024F,TETCB,KY,2014,1754198
2024F,TETCB,KY,2015,1703432
2024F,TETCB,KY,2016,1676582
2024F,TETCB,KY,2017,1624233
2024F,TETCB,KY,2018,1708797
2024F,TETCB,KY,2019,1685758
2024F,TETCB,KY,2020,1544128
2024F,TETCB,KY,2021,1642879
2024F,TETCB,KY,2022,1671383
2024F,TETCB,KY,2023,1607542
2024F,TETCB,KY,2024,1644720
2024F,TETCB,LA,1960,1486803
2024F,TETCB,LA,1961,1548642
2024F,TETCB,LA,1962,1560868
2024F,TETCB,LA,1963,1728650
2024F,TETCB,LA,1964,1846112
2024F,TETCB,LA,1965,1810100
2024F,TETCB,LA,1966,1949810
2024F,TETCB,LA,1967,2207245
2024F,TETCB,LA,1968,2390970
2024F,TETCB,LA,1969,2665151
2024F,TETCB,LA,1970,2799666
2024F,TETCB,LA,1971,2856667
2024F,TETCB,LA,1972,3040208
2024F,TETCB,LA,1973,3274473
2024F,TETCB,LA,1974,3359124
2024F,TETCB,LA,1975,3063639
2024F,TETCB,LA,1976,3492740
2024F,TETCB,LA,1977,3900298
2024F,TETCB,LA,1978,4047994
2024F,TETCB,LA,1979,3996684
2024F,TETCB,LA,1980,3859310
2024F,TETCB,LA,1981,3911456
2024F,TETCB,LA,1982,3577091
2024F,TETCB,LA,1983,3369520
2024F,TETCB,LA,1984,3513860
2024F,TETCB,LA,1985,3286756
2024F,TETCB,LA,1986,3447675
2024F,TETCB,LA,1987,3520246
2024F,TETCB,LA,1988,3564281
2024F,TETCB,LA,1989,3712321
2024F,TETCB,LA,1990,3699880
2024F,TETCB,LA,1991,3703937
2024F,TETCB,LA,1992,3813285
2024F,TETCB,LA,1993,3875810
2024F,TETCB,LA,1994,4014247
2024F,TETCB,LA,1995,4058533
2024F,TETCB,LA,1996,4227956
2024F,TETCB,LA,1997,4319442
2024F,TETCB,LA,1998,4040905
2024F,TETCB,LA,1999,4021156
2024F,TETCB,LA,2000,4327069
2024F,TETCB,LA,2001,3818697
2024F,TETCB,LA,2002,3952583
2024F,TETCB,LA,2003,3804200
2024F,TETCB,LA,2004,4005138
2024F,TETCB,LA,2005,3849720
2024F,TETCB,LA,2006,4021734
2024F,TETCB,LA,2007,4275672
2024F,TETCB,LA,2008,4215291
2024F,TETCB,LA,2009,4021054
2024F,TETCB,LA,2010,4111754
2024F,TETCB,LA,2011,4124616
2024F,TETCB,LA,2012,3995923
2024F,TETCB,LA,2013,3904500
2024F,TETCB,LA,2014,3922471
2024F,TETCB,LA,2015,3896396
2024F,TETCB,LA,2016,4011692
2024F,TETCB,LA,2017,4180807
2024F,TETCB,LA,2018,4220130
2024F,TETCB,LA,2019,4257391
2024F,TETCB,LA,2020,4178004
2024F,TETCB,LA,2021,4257494
2024F,TETCB,LA,2022,4280254
2024F,TETCB,LA,2023,4217657
2024F,TETCB,LA,2024,4264603
2024F,TETCB,MA,1960,1033978
2024F,TETCB,MA,1961,1058961
2024F,TETCB,MA,1962,1089545
2024F,TETCB,MA,1963,1061964
2024F,TETCB,MA,1964,1097307
2024F,TETCB,MA,1965,1220575
2024F,TETCB,MA,1966,1223415
2024F,TETCB,MA,1967,1298002
2024F,TETCB,MA,1968,1345380
2024F,TETCB,MA,1969,1370926
2024F,TETCB,MA,1970,1432704
2024F,TETCB,MA,1971,1459375
2024F,TETCB,MA,1972,1511923
2024F,TETCB,MA,1973,1546784
2024F,TETCB,MA,1974,1437544
2024F,TETCB,MA,1975,1383944
2024F,TETCB,MA,1976,1464965
2024F,TETCB,MA,1977,1460758
2024F,TETCB,MA,1978,1439688
2024F,TETCB,MA,1979,1276603
2024F,TETCB,MA,1980,1215036
2024F,TETCB,MA,1981,1185369
2024F,TETCB,MA,1982,1197842
2024F,TETCB,MA,1983,1191163
2024F,TETCB,MA,1984,1254053
2024F,TETCB,MA,1985,1279641
2024F,TETCB,MA,1986,1346945
2024F,TETCB,MA,1987,1372951
2024F,TETCB,MA,1988,1398947
2024F,TETCB,MA,1989,1424934
2024F,TETCB,MA,1990,1405515
2024F,TETCB,MA,1991,1365471
2024F,TETCB,MA,1992,1433608
2024F,TETCB,MA,1993,1435011
2024F,TETCB,MA,1994,1440816
2024F,TETCB,MA,1995,1425706
2024F,TETCB,MA,1996,1443362
2024F,TETCB,MA,1997,1443663
2024F,TETCB,MA,1998,1418374
2024F,TETCB,MA,1999,1436226
2024F,TETCB,MA,2000,1523680
2024F,TETCB,MA,2001,1507350
2024F,TETCB,MA,2002,1518565
2024F,TETCB,MA,2003,1486093
2024F,TETCB,MA,2004,1485410
2024F,TETCB,MA,2005,1491401
2024F,TETCB,MA,2006,1417140
2024F,TETCB,MA,2007,1447013
2024F,TETCB,MA,2008,1421299
2024F,TETCB,MA,2009,1360232
2024F,TETCB,MA,2010,1417485
2024F,TETCB,MA,2011,1389226
2024F,TETCB,MA,2012,1349982
2024F,TETCB,MA,2013,1414817
2024F,TETCB,MA,2014,1420593
2024F,TETCB,MA,2015,1436710
2024F,TETCB,MA,2016,1388616
2024F,TETCB,MA,2017,1387116
2024F,TETCB,MA,2018,1415812
2024F,TETCB,MA,2019,1414168
2024F,TETCB,MA,2020,1218446
2024F,TETCB,MA,2021,1281202
2024F,TETCB,MA,2022,1324255
2024F,TETCB,MA,2023,1281984
2024F,TETCB,MA,2024,1289504
2024F,TETCB,MD,1960,683608
2024F,TETCB,MD,1961,685585
2024F,TETCB,MD,1962,732721
2024F,TETCB,MD,1963,759786
2024F,TETCB,MD,1964,806747
2024F,TETCB,MD,1965,840691
2024F,TETCB,MD,1966,880371
2024F,TETCB,MD,1967,892165
2024F,TETCB,MD,1968,945236
2024F,TETCB,MD,1969,996742
2024F,TETCB,MD,1970,1039496
2024F,TETCB,MD,1971,1073435
2024F,TETCB,MD,1972,1092444
2024F,TETCB,MD,1973,1183548
2024F,TETCB,MD,1974,1089368
2024F,TETCB,MD,1975,1036139
2024F,TETCB,MD,1976,1115751
2024F,TETCB,MD,1977,1104355
2024F,TETCB,MD,1978,1122939
2024F,TETCB,MD,1979,1187270
2024F,TETCB,MD,1980,1124055
2024F,TETCB,MD,1981,1109788
2024F,TETCB,MD,1982,1064981
2024F,TETCB,MD,1983,1079271
2024F,TETCB,MD,1984,1153479
2024F,TETCB,MD,1985,1125401
2024F,TETCB,MD,1986,1144837
2024F,TETCB,MD,1987,1215720
2024F,TETCB,MD,1988,1258601
2024F,TETCB,MD,1989,1283006
2024F,TETCB,MD,1990,1251922
2024F,TETCB,MD,1991,1256583
2024F,TETCB,MD,1992,1246381
2024F,TETCB,MD,1993,1298604
2024F,TETCB,MD,1994,1304324
2024F,TETCB,MD,1995,1324983
2024F,TETCB,MD,1996,1348704
2024F,TETCB,MD,1997,1360692
2024F,TETCB,MD,1998,1367319
2024F,TETCB,MD,1999,1407012
2024F,TETCB,MD,2000,1443517
2024F,TETCB,MD,2001,1438122
2024F,TETCB,MD,2002,1514196
2024F,TETCB,MD,2003,1560860
2024F,TETCB,MD,2004,1544267
2024F,TETCB,MD,2005,1576776
2024F,TETCB,MD,2006,1460946
2024F,TETCB,MD,2007,1486507
2024F,TETCB,MD,2008,1443383
2024F,TETCB,MD,2009,1431461
2024F,TETCB,MD,2010,1462876
2024F,TETCB,MD,2011,1396047
2024F,TETCB,MD,2012,1358205
2024F,TETCB,MD,2013,1379424
2024F,TETCB,MD,2014,1391056
2024F,TETCB,MD,2015,1388386
2024F,TETCB,MD,2016,1346485
2024F,TETCB,MD,2017,1297897
2024F,TETCB,MD,2018,1342915
2024F,TETCB,MD,2019,1312030
2024F,TETCB,MD,2020,1164320
2024F,TETCB,MD,2021,1220620
2024F,TETCB,MD,2022,1207838
2024F,TETCB,MD,2023,1187258
2024F,TETCB,MD,2024,1201574
2024F,TETCB,ME,1960,221342
2024F,TETCB,ME,1961,234232
2024F,TETCB,ME,1962,227233
2024F,TETCB,ME,1963,230263
2024F,TETCB,ME,1964,232154
2024F,TETCB,ME,1965,221878
2024F,TETCB,ME,1966,233856
2024F,TETCB,ME,1967,245188
2024F,TETCB,ME,1968,259100
2024F,TETCB,ME,1969,275865
2024F,TETCB,ME,1970,289310
2024F,TETCB,ME,1971,340995
2024F,TETCB,ME,1972,367249
2024F,TETCB,ME,1973,365405
2024F,TETCB,ME,1974,340255
2024F,TETCB,ME,1975,310880
2024F,TETCB,ME,1976,365850
2024F,TETCB,ME,1977,383377
2024F,TETCB,ME,1978,370296
2024F,TETCB,ME,1979,348846
2024F,TETCB,ME,1980,367076
2024F,TETCB,ME,1981,366431
2024F,TETCB,ME,1982,410302
2024F,TETCB,ME,1983,374088
2024F,TETCB,ME,1984,401679
2024F,TETCB,ME,1985,407955
2024F,TETCB,ME,1986,428362
2024F,TETCB,ME,1987,418390
2024F,TETCB,ME,1988,470989
2024F,TETCB,ME,1989,461237
2024F,TETCB,ME,1990,408073
2024F,TETCB,ME,1991,414907
2024F,TETCB,ME,1992,429331
2024F,TETCB,ME,1993,433680
2024F,TETCB,ME,1994,443192
2024F,TETCB,ME,1995,409737
2024F,TETCB,ME,1996,435907
2024F,TETCB,ME,1997,418836
2024F,TETCB,ME,1998,395645
2024F,TETCB,ME,1999,408243
2024F,TETCB,ME,2000,443007
2024F,TETCB,ME,2001,412740
2024F,TETCB,ME,2002,418306
2024F,TETCB,ME,2003,414953
2024F,TETCB,ME,2004,428475
2024F,TETCB,ME,2005,429464
2024F,TETCB,ME,2006,407733
2024F,TETCB,ME,2007,429579
2024F,TETCB,ME,2008,429493
2024F,TETCB,ME,2009,389563
2024F,TETCB,ME,2010,395711
2024F,TETCB,ME,2011,393771
2024F,TETCB,ME,2012,376053
2024F,TETCB,ME,2013,390992
2024F,TETCB,ME,2014,389798
2024F,TETCB,ME,2015,399704
2024F,TETCB,ME,2016,368556
2024F,TETCB,ME,2017,355190
2024F,TETCB,ME,2018,356678
2024F,TETCB,ME,2019,350876
2024F,TETCB,ME,2020,323556
2024F,TETCB,ME,2021,333066
2024F,TETCB,ME,2022,330259
2024F,TETCB,ME,2023,327687
2024F,TETCB,ME,2024,333196
2024F,TETCB,MI,1960,1807087
2024F,TETCB,MI,1961,1832569
2024F,TETCB,MI,1962,1936398
2024F,TETCB,MI,1963,2024571
2024F,TETCB,MI,1964,2088875
2024F,TETCB,MI,1965,2220213
2024F,TETCB,MI,1966,2371476
2024F,TETCB,MI,1967,2424947
2024F,TETCB,MI,1968,2561233
2024F,TETCB,MI,1969,2660550
2024F,TETCB,MI,1970,2631714
2024F,TETCB,MI,1971,2720909
2024F,TETCB,MI,1972,2892779
2024F,TETCB,MI,1973,2982355
2024F,TETCB,MI,1974,2832773
2024F,TETCB,MI,1975,2786536
2024F,TETCB,MI,1976,2907725
2024F,TETCB,MI,1977,2813992
2024F,TETCB,MI,1978,2869501
2024F,TETCB,MI,1979,2852154
2024F,TETCB,MI,1980,2758218
2024F,TETCB,MI,1981,2611653
2024F,TETCB,MI,1982,2454460
2024F,TETCB,MI,1983,2442953
2024F,TETCB,MI,1984,2522093
2024F,TETCB,MI,1985,2568068
2024F,TETCB,MI,1986,2582748
2024F,TETCB,MI,1987,2580011
2024F,TETCB,MI,1988,2759585
2024F,TETCB,MI,1989,2782516
2024F,TETCB,MI,1990,2853863
2024F,TETCB,MI,1991,2789697
2024F,TETCB,MI,1992,2837833
2024F,TETCB,MI,1993,2836830
2024F,TETCB,MI,1994,2860192
2024F,TETCB,MI,1995,2989872
2024F,TETCB,MI,1996,3094114
2024F,TETCB,MI,1997,3094258
2024F,TETCB,MI,1998,3043942
2024F,TETCB,MI,1999,3209383
2024F,TETCB,MI,2000,3211610
2024F,TETCB,MI,2001,3092545
2024F,TETCB,MI,2002,3148731
2024F,TETCB,MI,2003,3187033
2024F,TETCB,MI,2004,3152951
2024F,TETCB,MI,2005,3203878
2024F,TETCB,MI,2006,3032895
2024F,TETCB,MI,2007,3013504
2024F,TETCB,MI,2008,2905605
2024F,TETCB,MI,2009,2679168
2024F,TETCB,MI,2010,2774643
2024F,TETCB,MI,2011,2811186
2024F,TETCB,MI,2012,2703554
2024F,TETCB,MI,2013,2843437
2024F,TETCB,MI,2014,2880765
2024F,TETCB,MI,2015,2793298
2024F,TETCB,MI,2016,2772026
2024F,TETCB,MI,2017,2760593
2024F,TETCB,MI,2018,2874333
2024F,TETCB,MI,2019,2842770
2024F,TETCB,MI,2020,2563136
2024F,TETCB,MI,2021,2661655
2024F,TETCB,MI,2022,2719636
2024F,TETCB,MI,2023,2544640
2024F,TETCB,MI,2024,2525936
2024F,TETCB,MN,1960,708144
2024F,TETCB,MN,1961,712762
2024F,TETCB,MN,1962,749533
2024F,TETCB,MN,1963,759016
2024F,TETCB,MN,1964,798302
2024F,TETCB,MN,1965,845723
2024F,TETCB,MN,1966,902125
2024F,TETCB,MN,1967,906385
2024F,TETCB,MN,1968,967720
2024F,TETCB,MN,1969,1054849
2024F,TETCB,MN,1970,1080497
2024F,TETCB,MN,1971,1119593
2024F,TETCB,MN,1972,1180510
2024F,TETCB,MN,1973,1228840
2024F,TETCB,MN,1974,1205489
2024F,TETCB,MN,1975,1212678
2024F,TETCB,MN,1976,1262619
2024F,TETCB,MN,1977,1233709
2024F,TETCB,MN,1978,1318580
2024F,TETCB,MN,1979,1317715
2024F,TETCB,MN,1980,1192251
2024F,TETCB,MN,1981,1145104
2024F,TETCB,MN,1982,1150235
2024F,TETCB,MN,1983,1149001
2024F,TETCB,MN,1984,1211934
2024F,TETCB,MN,1985,1223172
2024F,TETCB,MN,1986,1210175
2024F,TETCB,MN,1987,1219310
2024F,TETCB,MN,1988,1325608
2024F,TETCB,MN,1989,1356678
2024F,TETCB,MN,1990,1399749
2024F,TETCB,MN,1991,1423114
2024F,TETCB,MN,1992,1432163
2024F,TETCB,MN,1993,1476438
2024F,TETCB,MN,1994,1512190
2024F,TETCB,MN,1995,1601592
2024F,TETCB,MN,1996,1669382
2024F,TETCB,MN,1997,1638039
2024F,TETCB,MN,1998,1613948
2024F,TETCB,MN,1999,1682954
2024F,TETCB,MN,2000,1735761
2024F,TETCB,MN,2001,1706313
2024F,TETCB,MN,2002,1767476
2024F,TETCB,MN,2003,1843962
2024F,TETCB,MN,2004,1846595
2024F,TETCB,MN,2005,1851444
2024F,TETCB,MN,2006,1821508
2024F,TETCB,MN,2007,1869802
2024F,TETCB,MN,2008,1874372
2024F,TETCB,MN,2009,1742930
2024F,TETCB,MN,2010,1813527
2024F,TETCB,MN,2011,1792947
2024F,TETCB,MN,2012,1748077
2024F,TETCB,MN,2013,1821287
2024F,TETCB,MN,2014,1868758
2024F,TETCB,MN,2015,1745646
2024F,TETCB,MN,2016,1770218
2024F,TETCB,MN,2017,1779864
2024F,TETCB,MN,2018,1857732
2024F,TETCB,MN,2019,1822743
2024F,TETCB,MN,2020,1641082
2024F,TETCB,MN,2021,1722779
2024F,TETCB,MN,2022,1756803
2024F,TETCB,MN,2023,1687864
2024F,TETCB,MN,2024,1648756
2024F,TETCB,MO,1960,882051
2024F,TETCB,MO,1961,880518
2024F,TETCB,MO,1962,919709
2024F,TETCB,MO,1963,934347
2024F,TETCB,MO,1964,968096
2024F,TETCB,MO,1965,1019627
2024F,TETCB,MO,1966,1076732
2024F,TETCB,MO,1967,1103664
2024F,TETCB,MO,1968,1182279
2024F,TETCB,MO,1969,1233036
2024F,TETCB,MO,1970,1276655
2024F,TETCB,MO,1971,1291913
2024F,TETCB,MO,1972,1349056
2024F,TETCB,MO,1973,1384669
2024F,TETCB,MO,1974,1361033
2024F,TETCB,MO,1975,1372275
2024F,TETCB,MO,1976,1434811
2024F,TETCB,MO,1977,1476138
2024F,TETCB,MO,1978,1517527
2024F,TETCB,MO,1979,1491649
2024F,TETCB,MO,1980,1382603
2024F,TETCB,MO,1981,1327220
2024F,TETCB,MO,1982,1317373
2024F,TETCB,MO,1983,1314353
2024F,TETCB,MO,1984,1336767
2024F,TETCB,MO,1985,1365000
2024F,TETCB,MO,1986,1364511
2024F,TETCB,MO,1987,1393615
2024F,TETCB,MO,1988,1467533
2024F,TETCB,MO,1989,1471793
2024F,TETCB,MO,1990,1490887
2024F,TETCB,MO,1991,1531142
2024F,TETCB,MO,1992,1520209
2024F,TETCB,MO,1993,1619168
2024F,TETCB,MO,1994,1643126
2024F,TETCB,MO,1995,1702651
2024F,TETCB,MO,1996,1791633
2024F,TETCB,MO,1997,1789852
2024F,TETCB,MO,1998,1832896
2024F,TETCB,MO,1999,1875522
2024F,TETCB,MO,2000,1826062
2024F,TETCB,MO,2001,1856035
2024F,TETCB,MO,2002,1868202
2024F,TETCB,MO,2003,1879317
2024F,TETCB,MO,2004,1884851
2024F,TETCB,MO,2005,1974667
2024F,TETCB,MO,2006,1966264
2024F,TETCB,MO,2007,1977175
2024F,TETCB,MO,2008,1934242
2024F,TETCB,MO,2009,1830471
2024F,TETCB,MO,2010,1910066
2024F,TETCB,MO,2011,1854237
2024F,TETCB,MO,2012,1777191
2024F,TETCB,MO,2013,1837700
2024F,TETCB,MO,2014,1898566
2024F,TETCB,MO,2015,1812856
2024F,TETCB,MO,2016,1762092
2024F,TETCB,MO,2017,1723077
2024F,TETCB,MO,2018,1836775
2024F,TETCB,MO,2019,1772161
2024F,TETCB,MO,2020,1654404
2024F,TETCB,MO,2021,1696190
2024F,TETCB,MO,2022,1730077
2024F,TETCB,MO,2023,1678345
2024F,TETCB,MO,2024,1667243
2024F,TETCB,MS,1960,396572
2024F,TETCB,MS,1961,402528
2024F,TETCB,MS,1962,427940
2024F,TETCB,MS,1963,462800
2024F,TETCB,MS,1964,501790
2024F,TETCB,MS,1965,498462
2024F,TETCB,MS,1966,553102
2024F,TETCB,MS,1967,564500
2024F,TETCB,MS,1968,629570
2024F,TETCB,MS,1969,666632
2024F,TETCB,MS,1970,727934
2024F,TETCB,MS,1971,765301
2024F,TETCB,MS,1972,809594
2024F,TETCB,MS,1973,826443
2024F,TETCB,MS,1974,793510
2024F,TETCB,MS,1975,748989
2024F,TETCB,MS,1976,757338
2024F,TETCB,MS,1977,801880
2024F,TETCB,MS,1978,827464
2024F,TETCB,MS,1979,856438
2024F,TETCB,MS,1980,812052
2024F,TETCB,MS,1981,797416
2024F,TETCB,MS,1982,789869
2024F,TETCB,MS,1983,793376
2024F,TETCB,MS,1984,833356
2024F,TETCB,MS,1985,814503
2024F,TETCB,MS,1986,822593
2024F,TETCB,MS,1987,848586
2024F,TETCB,MS,1988,900034
2024F,TETCB,MS,1989,936818
2024F,TETCB,MS,1990,1015128
2024F,TETCB,MS,1991,1037042
2024F,TETCB,MS,1992,1062132
2024F,TETCB,MS,1993,1071986
2024F,TETCB,MS,1994,1089406
2024F,TETCB,MS,1995,1114962
2024F,TETCB,MS,1996,1137369
2024F,TETCB,MS,1997,1138146
2024F,TETCB,MS,1998,1136123
2024F,TETCB,MS,1999,1229948
2024F,TETCB,MS,2000,1242230
2024F,TETCB,MS,2001,1132668
2024F,TETCB,MS,2002,1170397
2024F,TETCB,MS,2003,1201624
2024F,TETCB,MS,2004,1206056
2024F,TETCB,MS,2005,1173361
2024F,TETCB,MS,2006,1209261
2024F,TETCB,MS,2007,1223586
2024F,TETCB,MS,2008,1163638
2024F,TETCB,MS,2009,1110149
2024F,TETCB,MS,2010,1153452
2024F,TETCB,MS,2011,1126510
2024F,TETCB,MS,2012,1112875
2024F,TETCB,MS,2013,1090056
2024F,TETCB,MS,2014,1102459
2024F,TETCB,MS,2015,1085203
2024F,TETCB,MS,2016,1071771
2024F,TETCB,MS,2017,1068007
2024F,TETCB,MS,2018,1104531
2024F,TETCB,MS,2019,1092244
2024F,TETCB,MS,2020,1035771
2024F,TETCB,MS,2021,1081517
2024F,TETCB,MS,2022,1099605
2024F,TETCB,MS,2023,1076469
2024F,TETCB,MS,2024,1069829
2024F,TETCB,MT,1960,220333
2024F,TETCB,MT,1961,234519
2024F,TETCB,MT,1962,240602
2024F,TETCB,MT,1963,245316
2024F,TETCB,MT,1964,256075
2024F,TETCB,MT,1965,250103
2024F,TETCB,MT,1966,266480
2024F,TETCB,MT,1967,250987
2024F,TETCB,MT,1968,270828
2024F,TETCB,MT,1969,302483
2024F,TETCB,MT,1970,311713
2024F,TETCB,MT,1971,322501
2024F,TETCB,MT,1972,331660
2024F,TETCB,MT,1973,338463
2024F,TETCB,MT,1974,340442
2024F,TETCB,MT,1975,334512
2024F,TETCB,MT,1976,354415
2024F,TETCB,MT,1977,353003
2024F,TETCB,MT,1978,372821
2024F,TETCB,MT,1979,386570
2024F,TETCB,MT,1980,350058
2024F,TETCB,MT,1981,327595
2024F,TETCB,MT,1982,306076
2024F,TETCB,MT,1983,312450
2024F,TETCB,MT,1984,345422
2024F,TETCB,MT,1985,358129
2024F,TETCB,MT,1986,340169
2024F,TETCB,MT,1987,320003
2024F,TETCB,MT,1988,333710
2024F,TETCB,MT,1989,341882
2024F,TETCB,MT,1990,310458
2024F,TETCB,MT,1991,313553
2024F,TETCB,MT,1992,318520
2024F,TETCB,MT,1993,329278
2024F,TETCB,MT,1994,340383
2024F,TETCB,MT,1995,350916
2024F,TETCB,MT,1996,345335
2024F,TETCB,MT,1997,327595
2024F,TETCB,MT,1998,351575
2024F,TETCB,MT,1999,353885
2024F,TETCB,MT,2000,372039
2024F,TETCB,MT,2001,335079
2024F,TETCB,MT,2002,347138
2024F,TETCB,MT,2003,349542
2024F,TETCB,MT,2004,371586
2024F,TETCB,MT,2005,389848
2024F,TETCB,MT,2006,405771
2024F,TETCB,MT,2007,433895
2024F,TETCB,MT,2008,419269
2024F,TETCB,MT,2009,389891
2024F,TETCB,MT,2010,373449
2024F,TETCB,MT,2011,362643
2024F,TETCB,MT,2012,357453
2024F,TETCB,MT,2013,369578
2024F,TETCB,MT,2014,364594
2024F,TETCB,MT,2015,368476
2024F,TETCB,MT,2016,369365
2024F,TETCB,MT,2017,382378
2024F,TETCB,MT,2018,393748
2024F,TETCB,MT,2019,406253
2024F,TETCB,MT,2020,370978
2024F,TETCB,MT,2021,380255
2024F,TETCB,MT,2022,389202
2024F,TETCB,MT,2023,382214
2024F,TETCB,MT,2024,369309
2024F,TETCB,NC,1960,799267
2024F,TETCB,NC,1961,830969
2024F,TETCB,NC,1962,871813
2024F,TETCB,NC,1963,899883
2024F,TETCB,NC,1964,933233
2024F,TETCB,NC,1965,964796
2024F,TETCB,NC,1966,1053561
2024F,TETCB,NC,1967,1095373
2024F,TETCB,NC,1968,1167204
2024F,TETCB,NC,1969,1230716
2024F,TETCB,NC,1970,1291421
2024F,TETCB,NC,1971,1347835
2024F,TETCB,NC,1972,1424361
2024F,TETCB,NC,1973,1493355
2024F,TETCB,NC,1974,1437788
2024F,TETCB,NC,1975,1395969
2024F,TETCB,NC,1976,1499019
2024F,TETCB,NC,1977,1586305
2024F,TETCB,NC,1978,1606288
2024F,TETCB,NC,1979,1671887
2024F,TETCB,NC,1980,1607409
2024F,TETCB,NC,1981,1572321
2024F,TETCB,NC,1982,1525783
2024F,TETCB,NC,1983,1594752
2024F,TETCB,NC,1984,1727564
2024F,TETCB,NC,1985,1733345
2024F,TETCB,NC,1986,1810587
2024F,TETCB,NC,1987,1904817
2024F,TETCB,NC,1988,1991109
2024F,TETCB,NC,1989,1997506
2024F,TETCB,NC,1990,2009568
2024F,TETCB,NC,1991,2005519
2024F,TETCB,NC,1992,2100066
2024F,TETCB,NC,1993,2194539
2024F,TETCB,NC,1994,2189090
2024F,TETCB,NC,1995,2318862
2024F,TETCB,NC,1996,2400141
2024F,TETCB,NC,1997,2384048
2024F,TETCB,NC,1998,2433538
2024F,TETCB,NC,1999,2462256
2024F,TETCB,NC,2000,2587711
2024F,TETCB,NC,2001,2529858
2024F,TETCB,NC,2002,2545210
2024F,TETCB,NC,2003,2542759
2024F,TETCB,NC,2004,2626745
2024F,TETCB,NC,2005,2661860
2024F,TETCB,NC,2006,2619752
2024F,TETCB,NC,2007,2661571
2024F,TETCB,NC,2008,2671034
2024F,TETCB,NC,2009,2513686
2024F,TETCB,NC,2010,2716056
2024F,TETCB,NC,2011,2587972
2024F,TETCB,NC,2012,2498580
2024F,TETCB,NC,2013,2502464
2024F,TETCB,NC,2014,2556575
2024F,TETCB,NC,2015,2547597
2024F,TETCB,NC,2016,2560409
2024F,TETCB,NC,2017,2506475
2024F,TETCB,NC,2018,2594470
2024F,TETCB,NC,2019,2565392
2024F,TETCB,NC,2020,2362733
2024F,TETCB,NC,2021,2519017
2024F,TETCB,NC,2022,2581430
2024F,TETCB,NC,2023,2472116
2024F,TETCB,NC,2024,2570343
2024F,TETCB,ND,1960,157619
2024F,TETCB,ND,1961,152928
2024F,TETCB,ND,1962,162869
2024F,TETCB,ND,1963,168646
2024F,TETCB,ND,1964,169931
2024F,TETCB,ND,1965,167116
2024F,TETCB,ND,1966,178017
2024F,TETCB,ND,1967,181987
2024F,TETCB,ND,1968,188870
2024F,TETCB,ND,1969,189103
2024F,TETCB,ND,1970,187555
2024F,TETCB,ND,1971,191459
2024F,TETCB,ND,1972,199729
2024F,TETCB,ND,1973,198105
2024F,TETCB,ND,1974,199613
2024F,TETCB,ND,1975,201994
2024F,TETCB,ND,1976,206149
2024F,TETCB,ND,1977,206944
2024F,TETCB,ND,1978,225184
2024F,TETCB,ND,1979,233000
2024F,TETCB,ND,1980,217515
2024F,TETCB,ND,1981,231283
2024F,TETCB,ND,1982,228322
2024F,TETCB,ND,1983,224044
2024F,TETCB,ND,1984,252723
2024F,TETCB,ND,1985,294248
2024F,TETCB,ND,1986,297764
2024F,TETCB,ND,1987,298035
2024F,TETCB,ND,1988,302110
2024F,TETCB,ND,1989,313743
2024F,TETCB,ND,1990,309734
2024F,TETCB,ND,1991,319574
2024F,TETCB,ND,1992,326186
2024F,TETCB,ND,1993,329622
2024F,TETCB,ND,1994,338628
2024F,TETCB,ND,1995,345525
2024F,TETCB,ND,1996,347336
2024F,TETCB,ND,1997,353277
2024F,TETCB,ND,1998,343412
2024F,TETCB,ND,1999,370208
2024F,TETCB,ND,2000,377163
2024F,TETCB,ND,2001,404329
2024F,TETCB,ND,2002,397570
2024F,TETCB,ND,2003,396611
2024F,TETCB,ND,2004,400176
2024F,TETCB,ND,2005,405595
2024F,TETCB,ND,2006,411170
2024F,TETCB,ND,2007,432847
2024F,TETCB,ND,2008,436772
2024F,TETCB,ND,2009,424254
2024F,TETCB,ND,2010,459313
2024F,TETCB,ND,2011,506247
2024F,TETCB,ND,2012,530007
2024F,TETCB,ND,2013,571370
2024F,TETCB,ND,2014,614510
2024F,TETCB,ND,2015,584323
2024F,TETCB,ND,2016,555651
2024F,TETCB,ND,2017,595433
2024F,TETCB,ND,2018,624394
2024F,TETCB,ND,2019,641433
2024F,TETCB,ND,2020,619378
2024F,TETCB,ND,2021,653498
2024F,TETCB,ND,2022,675554
2024F,TETCB,ND,2023,705370
2024F,TETCB,ND,2024,719487
2024F,TETCB,NE,1960,301500
2024F,TETCB,NE,1961,308179
2024F,TETCB,NE,1962,319984
2024F,TETCB,NE,1963,327610
2024F,TETCB,NE,1964,339293
2024F,TETCB,NE,1965,339976
2024F,TETCB,NE,1966,381090
2024F,TETCB,NE,1967,376563
2024F,TETCB,NE,1968,413164
2024F,TETCB,NE,1969,443915
2024F,TETCB,NE,1970,475135
2024F,TETCB,NE,1971,482962
2024F,TETCB,NE,1972,497611
2024F,TETCB,NE,1973,510150
2024F,TETCB,NE,1974,504806
2024F,TETCB,NE,1975,511589
2024F,TETCB,NE,1976,541770
2024F,TETCB,NE,1977,546830
2024F,TETCB,NE,1978,543846
2024F,TETCB,NE,1979,532397
2024F,TETCB,NE,1980,494171
2024F,TETCB,NE,1981,465352
2024F,TETCB,NE,1982,477177
2024F,TETCB,NE,1983,486000
2024F,TETCB,NE,1984,490603
2024F,TETCB,NE,1985,486078
2024F,TETCB,NE,1986,468296
2024F,TETCB,NE,1987,483697
2024F,TETCB,NE,1988,524318
2024F,TETCB,NE,1989,520576
2024F,TETCB,NE,1990,526493
2024F,TETCB,NE,1991,536262
2024F,TETCB,NE,1992,525031
2024F,TETCB,NE,1993,553948
2024F,TETCB,NE,1994,576203
2024F,TETCB,NE,1995,604571
2024F,TETCB,NE,1996,634831
2024F,TETCB,NE,1997,648029
2024F,TETCB,NE,1998,664539
2024F,TETCB,NE,1999,654753
2024F,TETCB,NE,2000,658506
2024F,TETCB,NE,2001,657462
2024F,TETCB,NE,2002,669254
2024F,TETCB,NE,2003,679281
2024F,TETCB,NE,2004,691976
2024F,TETCB,NE,2005,698718
2024F,TETCB,NE,2006,714178
2024F,TETCB,NE,2007,754246
2024F,TETCB,NE,2008,792458
2024F,TETCB,NE,2009,773922
2024F,TETCB,NE,2010,858036
2024F,TETCB,NE,2011,848412
2024F,TETCB,NE,2012,837578
2024F,TETCB,NE,2013,856159
2024F,TETCB,NE,2014,859082
2024F,TETCB,NE,2015,835601
2024F,TETCB,NE,2016,846600
2024F,TETCB,NE,2017,838453
2024F,TETCB,NE,2018,874007
2024F,TETCB,NE,2019,866776
2024F,TETCB,NE,2020,813133
2024F,TETCB,NE,2021,843982
2024F,TETCB,NE,2022,848203
2024F,TETCB,NE,2023,838213
2024F,TETCB,NE,2024,845742
2024F,TETCB,NH,1960,107928
2024F,TETCB,NH,1961,115890
2024F,TETCB,NH,1962,123905
2024F,TETCB,NH,1963,129305
2024F,TETCB,NH,1964,128888
2024F,TETCB,NH,1965,126838
2024F,TETCB,NH,1966,140294
2024F,TETCB,NH,1967,144456
2024F,TETCB,NH,1968,154293
2024F,TETCB,NH,1969,170493
2024F,TETCB,NH,1970,180712
2024F,TETCB,NH,1971,194757
2024F,TETCB,NH,1972,205749
2024F,TETCB,NH,1973,209977
2024F,TETCB,NH,1974,199251
2024F,TETCB,NH,1975,194707
2024F,TETCB,NH,1976,219987
2024F,TETCB,NH,1977,224652
2024F,TETCB,NH,1978,226432
2024F,TETCB,NH,1979,203952
2024F,TETCB,NH,1980,201554
2024F,TETCB,NH,1981,193876
2024F,TETCB,NH,1982,193836
2024F,TETCB,NH,1983,196403
2024F,TETCB,NH,1984,216320
2024F,TETCB,NH,1985,225858
2024F,TETCB,NH,1986,244164
2024F,TETCB,NH,1987,265948
2024F,TETCB,NH,1988,266934
2024F,TETCB,NH,1989,264689
2024F,TETCB,NH,1990,256611
2024F,TETCB,NH,1991,246331
2024F,TETCB,NH,1992,255293
2024F,TETCB,NH,1993,255507
2024F,TETCB,NH,1994,257447
2024F,TETCB,NH,1995,261569
2024F,TETCB,NH,1996,271947
2024F,TETCB,NH,1997,272487
2024F,TETCB,NH,1998,275386
2024F,TETCB,NH,1999,286067
2024F,TETCB,NH,2000,302941
2024F,TETCB,NH,2001,301533
2024F,TETCB,NH,2002,310926
2024F,TETCB,NH,2003,320333
2024F,TETCB,NH,2004,327923
2024F,TETCB,NH,2005,320450
2024F,TETCB,NH,2006,302739
2024F,TETCB,NH,2007,305098
2024F,TETCB,NH,2008,296396
2024F,TETCB,NH,2009,292087
2024F,TETCB,NH,2010,293964
2024F,TETCB,NH,2011,291086
2024F,TETCB,NH,2012,282430
2024F,TETCB,NH,2013,299577
2024F,TETCB,NH,2014,307879
2024F,TETCB,NH,2015,310707
2024F,TETCB,NH,2016,301511
2024F,TETCB,NH,2017,310352
2024F,TETCB,NH,2018,318225
2024F,TETCB,NH,2019,312477
2024F,TETCB,NH,2020,284877
2024F,TETCB,NH,2021,292601
2024F,TETCB,NH,2022,297991
2024F,TETCB,NH,2023,294621
2024F,TETCB,NH,2024,297767
2024F,TETCB,NJ,1960,1274609
2024F,TETCB,NJ,1961,1332548
2024F,TETCB,NJ,1962,1428980
2024F,TETCB,NJ,1963,1470211
2024F,TETCB,NJ,1964,1505162
2024F,TETCB,NJ,1965,1532604
2024F,TETCB,NJ,1966,1630216
2024F,TETCB,NJ,1967,1725549
2024F,TETCB,NJ,1968,1798696
2024F,TETCB,NJ,1969,1848209
2024F,TETCB,NJ,1970,1929599
2024F,TETCB,NJ,1971,1919350
2024F,TETCB,NJ,1972,2029139
2024F,TETCB,NJ,1973,2071090
2024F,TETCB,NJ,1974,1926195
2024F,TETCB,NJ,1975,1831450
2024F,TETCB,NJ,1976,2021898
2024F,TETCB,NJ,1977,1968184
2024F,TETCB,NJ,1978,1973434
2024F,TETCB,NJ,1979,1986355
2024F,TETCB,NJ,1980,1995676
2024F,TETCB,NJ,1981,1982663
2024F,TETCB,NJ,1982,2013148
2024F,TETCB,NJ,1983,2030471
2024F,TETCB,NJ,1984,2131621
2024F,TETCB,NJ,1985,2089931
2024F,TETCB,NJ,1986,2150686
2024F,TETCB,NJ,1987,2232310
2024F,TETCB,NJ,1988,2255080
2024F,TETCB,NJ,1989,2306618
2024F,TETCB,NJ,1990,2249404
2024F,TETCB,NJ,1991,2277391
2024F,TETCB,NJ,1992,2362094
2024F,TETCB,NJ,1993,2372788
2024F,TETCB,NJ,1994,2482511
2024F,TETCB,NJ,1995,2474928
2024F,TETCB,NJ,1996,2456095
2024F,TETCB,NJ,1997,2472747
2024F,TETCB,NJ,1998,2451070
2024F,TETCB,NJ,1999,2561343
2024F,TETCB,NJ,2000,2477618
2024F,TETCB,NJ,2001,2452615
2024F,TETCB,NJ,2002,2479729
2024F,TETCB,NJ,2003,2507742
2024F,TETCB,NJ,2004,2551491
2024F,TETCB,NJ,2005,2647662
2024F,TETCB,NJ,2006,2531346
2024F,TETCB,NJ,2007,2655233
2024F,TETCB,NJ,2008,2581953
2024F,TETCB,NJ,2009,2360786
2024F,TETCB,NJ,2010,2278254
2024F,TETCB,NJ,2011,2261785
2024F,TETCB,NJ,2012,2155343
2024F,TETCB,NJ,2013,2198977
2024F,TETCB,NJ,2014,2212723
2024F,TETCB,NJ,2015,2167326
2024F,TETCB,NJ,2016,2125385
2024F,TETCB,NJ,2017,2071414
2024F,TETCB,NJ,2018,2172173
2024F,TETCB,NJ,2019,2075118
2024F,TETCB,NJ,2020,1862424
2024F,TETCB,NJ,2021,1965578
2024F,TETCB,NJ,2022,2024571
2024F,TETCB,NJ,2023,1984101
2024F,TETCB,NJ,2024,1977184
2024F,TETCB,NM,1960,323169
2024F,TETCB,NM,1961,334528
2024F,TETCB,NM,1962,369973
2024F,TETCB,NM,1963,364506
2024F,TETCB,NM,1964,359398
2024F,TETCB,NM,1965,347785
2024F,TETCB,NM,1966,370504
2024F,TETCB,NM,1967,401452
2024F,TETCB,NM,1968,430120
2024F,TETCB,NM,1969,422128
2024F,TETCB,NM,1970,451606
2024F,TETCB,NM,1971,461632
2024F,TETCB,NM,1972,493785
2024F,TETCB,NM,1973,469880
2024F,TETCB,NM,1974,467620
2024F,TETCB,NM,1975,451285
2024F,TETCB,NM,1976,501068
2024F,TETCB,NM,1977,467093
2024F,TETCB,NM,1978,467297
2024F,TETCB,NM,1979,472433
2024F,TETCB,NM,1980,472378
2024F,TETCB,NM,1981,464979
2024F,TETCB,NM,1982,455822
2024F,TETCB,NM,1983,462862
2024F,TETCB,NM,1984,463457
2024F,TETCB,NM,1985,455983
2024F,TETCB,NM,1986,444217
2024F,TETCB,NM,1987,476333
2024F,TETCB,NM,1988,502383
2024F,TETCB,NM,1989,524849
2024F,TETCB,NM,1990,596714
2024F,TETCB,NM,1991,589783
2024F,TETCB,NM,1992,586608
2024F,TETCB,NM,1993,601669
2024F,TETCB,NM,1994,590170
2024F,TETCB,NM,1995,581611
2024F,TETCB,NM,1996,604479
2024F,TETCB,NM,1997,643472
2024F,TETCB,NM,1998,635425
2024F,TETCB,NM,1999,639172
2024F,TETCB,NM,2000,661807
2024F,TETCB,NM,2001,660774
2024F,TETCB,NM,2002,658663
2024F,TETCB,NM,2003,659610
2024F,TETCB,NM,2004,682293
2024F,TETCB,NM,2005,681623
2024F,TETCB,NM,2006,686722
2024F,TETCB,NM,2007,708988
2024F,TETCB,NM,2008,669937
2024F,TETCB,NM,2009,637573
2024F,TETCB,NM,2010,644653
2024F,TETCB,NM,2011,661414
2024F,TETCB,NM,2012,657195
2024F,TETCB,NM,2013,660878
2024F,TETCB,NM,2014,667471
2024F,TETCB,NM,2015,667414
2024F,TETCB,NM,2016,652870
2024F,TETCB,NM,2017,657867
2024F,TETCB,NM,2018,668033
2024F,TETCB,NM,2019,702127
2024F,TETCB,NM,2020,655114
2024F,TETCB,NM,2021,680615
2024F,TETCB,NM,2022,683812
2024F,TETCB,NM,2023,678007
2024F,TETCB,NM,2024,684005
2024F,TETCB,NV,1960,87617
2024F,TETCB,NV,1961,100725
2024F,TETCB,NV,1962,108573
2024F,TETCB,NV,1963,118670
2024F,TETCB,NV,1964,128628
2024F,TETCB,NV,1965,125061
2024F,TETCB,NV,1966,139218
2024F,TETCB,NV,1967,144122
2024F,TETCB,NV,1968,157238
2024F,TETCB,NV,1969,169732
2024F,TETCB,NV,1970,182916
2024F,TETCB,NV,1971,193870
2024F,TETCB,NV,1972,209569
2024F,TETCB,NV,1973,225133
2024F,TETCB,NV,1974,224082
2024F,TETCB,NV,1975,228785
2024F,TETCB,NV,1976,241868
2024F,TETCB,NV,1977,250217
2024F,TETCB,NV,1978,273496
2024F,TETCB,NV,1979,286643
2024F,TETCB,NV,1980,281546
2024F,TETCB,NV,1981,277180
2024F,TETCB,NV,1982,278926
2024F,TETCB,NV,1983,288937
2024F,TETCB,NV,1984,289442
2024F,TETCB,NV,1985,292696
2024F,TETCB,NV,1986,292872
2024F,TETCB,NV,1987,321094
2024F,TETCB,NV,1988,344745
2024F,TETCB,NV,1989,377634
2024F,TETCB,NV,1990,394592
2024F,TETCB,NV,1991,402012
2024F,TETCB,NV,1992,417828
2024F,TETCB,NV,1993,439144
2024F,TETCB,NV,1994,478446
2024F,TETCB,NV,1995,491511
2024F,TETCB,NV,1996,535413
2024F,TETCB,NV,1997,537352
2024F,TETCB,NV,1998,554912
2024F,TETCB,NV,1999,578338
2024F,TETCB,NV,2000,603315
2024F,TETCB,NV,2001,609458
2024F,TETCB,NV,2002,603491
2024F,TETCB,NV,2003,633191
2024F,TETCB,NV,2004,667681
2024F,TETCB,NV,2005,687650
2024F,TETCB,NV,2006,719850
2024F,TETCB,NV,2007,709143
2024F,TETCB,NV,2008,674324
2024F,TETCB,NV,2009,624799
2024F,TETCB,NV,2010,670000
2024F,TETCB,NV,2011,656377
2024F,TETCB,NV,2012,651257
2024F,TETCB,NV,2013,665382
2024F,TETCB,NV,2014,667765
2024F,TETCB,NV,2015,654285
2024F,TETCB,NV,2016,676961
2024F,TETCB,NV,2017,699397
2024F,TETCB,NV,2018,714838
2024F,TETCB,NV,2019,715066
2024F,TETCB,NV,2020,643726
2024F,TETCB,NV,2021,687648
2024F,TETCB,NV,2022,706678
2024F,TETCB,NV,2023,686412
2024F,TETCB,NV,2024,693569
2024F,TETCB,NY,1960,2914062
2024F,TETCB,NY,1961,3016727
2024F,TETCB,NY,1962,3150784
2024F,TETCB,NY,1963,3221952
2024F,TETCB,NY,1964,3294366
2024F,TETCB,NY,1965,3568359
2024F,TETCB,NY,1966,3772403
2024F,TETCB,NY,1967,3849083
2024F,TETCB,NY,1968,3949912
2024F,TETCB,NY,1969,4086229
2024F,TETCB,NY,1970,4190449
2024F,TETCB,NY,1971,4133363
2024F,TETCB,NY,1972,4155515
2024F,TETCB,NY,1973,4305711
2024F,TETCB,NY,1974,4005848
2024F,TETCB,NY,1975,3807220
2024F,TETCB,NY,1976,4116948
2024F,TETCB,NY,1977,4111550
2024F,TETCB,NY,1978,4093007
2024F,TETCB,NY,1979,3871143
2024F,TETCB,NY,1980,3762828
2024F,TETCB,NY,1981,3577832
2024F,TETCB,NY,1982,3415363
2024F,TETCB,NY,1983,3229532
2024F,TETCB,NY,1984,3288883
2024F,TETCB,NY,1985,3407622
2024F,TETCB,NY,1986,3450061
2024F,TETCB,NY,1987,3568406
2024F,TETCB,NY,1988,3668613
2024F,TETCB,NY,1989,3672818
2024F,TETCB,NY,1990,3568067
2024F,TETCB,NY,1991,3508914
2024F,TETCB,NY,1992,3588577
2024F,TETCB,NY,1993,3604951
2024F,TETCB,NY,1994,3557921
2024F,TETCB,NY,1995,3609870
2024F,TETCB,NY,1996,3735534
2024F,TETCB,NY,1997,3799956
2024F,TETCB,NY,1998,3738533
2024F,TETCB,NY,1999,3887014
2024F,TETCB,NY,2000,3966053
2024F,TETCB,NY,2001,3859806
2024F,TETCB,NY,2002,3854372
2024F,TETCB,NY,2003,3992726
2024F,TETCB,NY,2004,4094407
2024F,TETCB,NY,2005,3977272
2024F,TETCB,NY,2006,3687714
2024F,TETCB,NY,2007,3785871
2024F,TETCB,NY,2008,3691737
2024F,TETCB,NY,2009,3503947
2024F,TETCB,NY,2010,3691186
2024F,TETCB,NY,2011,3558051
2024F,TETCB,NY,2012,3412990
2024F,TETCB,NY,2013,3543978
2024F,TETCB,NY,2014,3652396
2024F,TETCB,NY,2015,3656195
2024F,TETCB,NY,2016,3579084
2024F,TETCB,NY,2017,3559863
2024F,TETCB,NY,2018,3733607
2024F,TETCB,NY,2019,3630938
2024F,TETCB,NY,2020,3140594
2024F,TETCB,NY,2021,3345022
2024F,TETCB,NY,2022,3458594
2024F,TETCB,NY,2023,3429313
2024F,TETCB,NY,2024,3396261
2024F,TETCB,OH,1960,2904700
2024F,TETCB,OH,1961,2809331
2024F,TETCB,OH,1962,2941625
2024F,TETCB,OH,1963,3023875
2024F,TETCB,OH,1964,3123375
2024F,TETCB,OH,1965,3273340
2024F,TETCB,OH,1966,3449182
2024F,TETCB,OH,1967,3441912
2024F,TETCB,OH,1968,3609850
2024F,TETCB,OH,1969,3745443
2024F,TETCB,OH,1970,3824828
2024F,TETCB,OH,1971,3756896
2024F,TETCB,OH,1972,4008084
2024F,TETCB,OH,1973,4098228
2024F,TETCB,OH,1974,4064582
2024F,TETCB,OH,1975,3853767
2024F,TETCB,OH,1976,4087540
2024F,TETCB,OH,1977,4101157
2024F,TETCB,OH,1978,4159091
2024F,TETCB,OH,1979,4146177
2024F,TETCB,OH,1980,3845609
2024F,TETCB,OH,1981,3749271
2024F,TETCB,OH,1982,3399416
2024F,TETCB,OH,1983,3324778
2024F,TETCB,OH,1984,3523339
2024F,TETCB,OH,1985,3512900
2024F,TETCB,OH,1986,3480380
2024F,TETCB,OH,1987,3611227
2024F,TETCB,OH,1988,3760180
2024F,TETCB,OH,1989,3846114
2024F,TETCB,OH,1990,3807991
2024F,TETCB,OH,1991,3806874
2024F,TETCB,OH,1992,3853846
2024F,TETCB,OH,1993,3904883
2024F,TETCB,OH,1994,4011173
2024F,TETCB,OH,1995,4091597
2024F,TETCB,OH,1996,4164743
2024F,TETCB,OH,1997,4145594
2024F,TETCB,OH,1998,4065311
2024F,TETCB,OH,1999,4218414
2024F,TETCB,OH,2000,4259607
2024F,TETCB,OH,2001,3999662
2024F,TETCB,OH,2002,3939151
2024F,TETCB,OH,2003,4007179
2024F,TETCB,OH,2004,4039591
2024F,TETCB,OH,2005,4069541
2024F,TETCB,OH,2006,3911618
2024F,TETCB,OH,2007,4037709
2024F,TETCB,OH,2008,3987333
2024F,TETCB,OH,2009,3651766
2024F,TETCB,OH,2010,3774549
2024F,TETCB,OH,2011,3729133
2024F,TETCB,OH,2012,3580325
2024F,TETCB,OH,2013,3657338
2024F,TETCB,OH,2014,3761753
2024F,TETCB,OH,2015,3659377
2024F,TETCB,OH,2016,3611003
2024F,TETCB,OH,2017,3556786
2024F,TETCB,OH,2018,3697556
2024F,TETCB,OH,2019,3570278
2024F,TETCB,OH,2020,3346090
2024F,TETCB,OH,2021,3492261
2024F,TETCB,OH,2022,3516554
2024F,TETCB,OH,2023,3390080
2024F,TETCB,OH,2024,3431919
2024F,TETCB,OK,1960,570253
2024F,TETCB,OK,1961,571668
2024F,TETCB,OK,1962,679452
2024F,TETCB,OK,1963,755827
2024F,TETCB,OK,1964,789094
2024F,TETCB,OK,1965,759172
2024F,TETCB,OK,1966,729559
2024F,TETCB,OK,1967,746296
2024F,TETCB,OK,1968,826054
2024F,TETCB,OK,1969,866037
2024F,TETCB,OK,1970,918230
2024F,TETCB,OK,1971,942838
2024F,TETCB,OK,1972,994638
2024F,TETCB,OK,1973,999851
2024F,TETCB,OK,1974,1035404
2024F,TETCB,OK,1975,1041759
2024F,TETCB,OK,1976,1136324
2024F,TETCB,OK,1977,1203198
2024F,TETCB,OK,1978,1238677
2024F,TETCB,OK,1979,1294922
2024F,TETCB,OK,1980,1184801
2024F,TETCB,OK,1981,1218882
2024F,TETCB,OK,1982,1280027
2024F,TETCB,OK,1983,1275509
2024F,TETCB,OK,1984,1286192
2024F,TETCB,OK,1985,1265482
2024F,TETCB,OK,1986,1171141
2024F,TETCB,OK,1987,1229995
2024F,TETCB,OK,1988,1267959
2024F,TETCB,OK,1989,1296947
2024F,TETCB,OK,1990,1373988
2024F,TETCB,OK,1991,1309387
2024F,TETCB,OK,1992,1318460
2024F,TETCB,OK,1993,1371540
2024F,TETCB,OK,1994,1386250
2024F,TETCB,OK,1995,1359274
2024F,TETCB,OK,1996,1424141
2024F,TETCB,OK,1997,1425632
2024F,TETCB,OK,1998,1426637
2024F,TETCB,OK,1999,1411593
2024F,TETCB,OK,2000,1471342
2024F,TETCB,OK,2001,1492091
2024F,TETCB,OK,2002,1446109
2024F,TETCB,OK,2003,1477033
2024F,TETCB,OK,2004,1455534
2024F,TETCB,OK,2005,1507364
2024F,TETCB,OK,2006,1553651
2024F,TETCB,OK,2007,1546213
2024F,TETCB,OK,2008,1550694
2024F,TETCB,OK,2009,1460984
2024F,TETCB,OK,2010,1542321
2024F,TETCB,OK,2011,1538033
2024F,TETCB,OK,2012,1515591
2024F,TETCB,OK,2013,1542950
2024F,TETCB,OK,2014,1604219
2024F,TETCB,OK,2015,1538219
2024F,TETCB,OK,2016,1512241
2024F,TETCB,OK,2017,1514869
2024F,TETCB,OK,2018,1582766
2024F,TETCB,OK,2019,1541357
2024F,TETCB,OK,2020,1444172
2024F,TETCB,OK,2021,1490774
2024F,TETCB,OK,2022,1522858
2024F,TETCB,OK,2023,1513828
2024F,TETCB,OK,2024,1535488
2024F,TETCB,OR,1960,448836
2024F,TETCB,OR,1961,462845
2024F,TETCB,OR,1962,485305
2024F,TETCB,OR,1963,504524
2024F,TETCB,OR,1964,553155
2024F,TETCB,OR,1965,564303
2024F,TETCB,OR,1966,603370
2024F,TETCB,OR,1967,615524
2024F,TETCB,OR,1968,661493
2024F,TETCB,OR,1969,699391
2024F,TETCB,OR,1970,719933
2024F,TETCB,OR,1971,761404
2024F,TETCB,OR,1972,803933
2024F,TETCB,OR,1973,821882
2024F,TETCB,OR,1974,798882
2024F,TETCB,OR,1975,826807
2024F,TETCB,OR,1976,847915
2024F,TETCB,OR,1977,857121
2024F,TETCB,OR,1978,915806
2024F,TETCB,OR,1979,940450
2024F,TETCB,OR,1980,909316
2024F,TETCB,OR,1981,905885
2024F,TETCB,OR,1982,868760
2024F,TETCB,OR,1983,830013
2024F,TETCB,OR,1984,897725
2024F,TETCB,OR,1985,882005
2024F,TETCB,OR,1986,863838
2024F,TETCB,OR,1987,912212
2024F,TETCB,OR,1988,966215
2024F,TETCB,OR,1989,967840
2024F,TETCB,OR,1990,724030
2024F,TETCB,OR,1991,737561
2024F,TETCB,OR,1992,797636
2024F,TETCB,OR,1993,788803
2024F,TETCB,OR,1994,834131
2024F,TETCB,OR,1995,776033
2024F,TETCB,OR,1996,791719
2024F,TETCB,OR,1997,796072
2024F,TETCB,OR,1998,854246
2024F,TETCB,OR,1999,861362
2024F,TETCB,OR,2000,875026
2024F,TETCB,OR,2001,843152
2024F,TETCB,OR,2002,802635
2024F,TETCB,OR,2003,790533
2024F,TETCB,OR,2004,802333
2024F,TETCB,OR,2005,833558
2024F,TETCB,OR,2006,825499
2024F,TETCB,OR,2007,848545
2024F,TETCB,OR,2008,833313
2024F,TETCB,OR,2009,802266
2024F,TETCB,OR,2010,786358
2024F,TETCB,OR,2011,758048
2024F,TETCB,OR,2012,750566
2024F,TETCB,OR,2013,785005
2024F,TETCB,OR,2014,773530
2024F,TETCB,OR,2015,782317
2024F,TETCB,OR,2016,785987
2024F,TETCB,OR,2017,823583
2024F,TETCB,OR,2018,820264
2024F,TETCB,OR,2019,851039
2024F,TETCB,OR,2020,783051
2024F,TETCB,OR,2021,832054
2024F,TETCB,OR,2022,848954
2024F,TETCB,OR,2023,880570
2024F,TETCB,OR,2024,893648
2024F,TETCB,PA,1960,3191998
2024F,TETCB,PA,1961,3083666
2024F,TETCB,PA,1962,3188394
2024F,TETCB,PA,1963,3326333
2024F,TETCB,PA,1964,3519260
2024F,TETCB,PA,1965,3655092
2024F,TETCB,PA,1966,3755282
2024F,TETCB,PA,1967,3730077
2024F,TETCB,PA,1968,3873388
2024F,TETCB,PA,1969,3885484
2024F,TETCB,PA,1970,4011161
2024F,TETCB,PA,1971,3943812
2024F,TETCB,PA,1972,4087324
2024F,TETCB,PA,1973,4193580
2024F,TETCB,PA,1974,4011866
2024F,TETCB,PA,1975,3807038
2024F,TETCB,PA,1976,4064560
2024F,TETCB,PA,1977,4049871
2024F,TETCB,PA,1978,4032978
2024F,TETCB,PA,1979,4153792
2024F,TETCB,PA,1980,3902697
2024F,TETCB,PA,1981,3721527
2024F,TETCB,PA,1982,3262803
2024F,TETCB,PA,1983,3268853
2024F,TETCB,PA,1984,3501839
2024F,TETCB,PA,1985,3345824
2024F,TETCB,PA,1986,3286424
2024F,TETCB,PA,1987,3472305
2024F,TETCB,PA,1988,3643313
2024F,TETCB,PA,1989,3652258
2024F,TETCB,PA,1990,3632889
2024F,TETCB,PA,1991,3574762
2024F,TETCB,PA,1992,3672203
2024F,TETCB,PA,1993,3743720
2024F,TETCB,PA,1994,3815840
2024F,TETCB,PA,1995,3878039
2024F,TETCB,PA,1996,3908529
2024F,TETCB,PA,1997,3878568
2024F,TETCB,PA,1998,3718943
2024F,TETCB,PA,1999,3761268
2024F,TETCB,PA,2000,3930803
2024F,TETCB,PA,2001,3841084
2024F,TETCB,PA,2002,3899649
2024F,TETCB,PA,2003,3943918
2024F,TETCB,PA,2004,3991628
2024F,TETCB,PA,2005,4022884
2024F,TETCB,PA,2006,3892981
2024F,TETCB,PA,2007,3949447
2024F,TETCB,PA,2008,3926058
2024F,TETCB,PA,2009,3608128
2024F,TETCB,PA,2010,3736054
2024F,TETCB,PA,2011,3727635
2024F,TETCB,PA,2012,3623869
2024F,TETCB,PA,2013,3832199
2024F,TETCB,PA,2014,3958080
2024F,TETCB,PA,2015,3873568
2024F,TETCB,PA,2016,3738684
2024F,TETCB,PA,2017,3738826
2024F,TETCB,PA,2018,3899981
2024F,TETCB,PA,2019,3793398
2024F,TETCB,PA,2020,3388304
2024F,TETCB,PA,2021,3615328
2024F,TETCB,PA,2022,3743995
2024F,TETCB,PA,2023,3606065
2024F,TETCB,PA,2024,3612264
2024F,TETCB,RI,1960,184099
2024F,TETCB,RI,1961,169743
2024F,TETCB,RI,1962,177427
2024F,TETCB,RI,1963,177326
2024F,TETCB,RI,1964,174692
2024F,TETCB,RI,1965,169622
2024F,TETCB,RI,1966,171467
2024F,TETCB,RI,1967,189080
2024F,TETCB,RI,1968,193507
2024F,TETCB,RI,1969,205740
2024F,TETCB,RI,1970,217567
2024F,TETCB,RI,1971,230069
2024F,TETCB,RI,1972,231335
2024F,TETCB,RI,1973,226512
2024F,TETCB,RI,1974,209842
2024F,TETCB,RI,1975,200800
2024F,TETCB,RI,1976,210284
2024F,TETCB,RI,1977,219239
2024F,TETCB,RI,1978,207772
2024F,TETCB,RI,1979,196506
2024F,TETCB,RI,1980,180800
2024F,TETCB,RI,1981,170799
2024F,TETCB,RI,1982,169678
2024F,TETCB,RI,1983,175193
2024F,TETCB,RI,1984,186785
2024F,TETCB,RI,1985,199491
2024F,TETCB,RI,1986,201135
2024F,TETCB,RI,1987,211443
2024F,TETCB,RI,1988,219388
2024F,TETCB,RI,1989,212031
2024F,TETCB,RI,1990,212245
2024F,TETCB,RI,1991,218425
2024F,TETCB,RI,1992,245916
2024F,TETCB,RI,1993,202097
2024F,TETCB,RI,1994,240772
2024F,TETCB,RI,1995,229566
2024F,TETCB,RI,1996,220082
2024F,TETCB,RI,1997,217849
2024F,TETCB,RI,1998,226630
2024F,TETCB,RI,1999,226772
2024F,TETCB,RI,2000,205560
2024F,TETCB,RI,2001,204139
2024F,TETCB,RI,2002,203331
2024F,TETCB,RI,2003,217784
2024F,TETCB,RI,2004,215376
2024F,TETCB,RI,2005,209035
2024F,TETCB,RI,2006,199951
2024F,TETCB,RI,2007,197786
2024F,TETCB,RI,2008,194056
2024F,TETCB,RI,2009,194769
2024F,TETCB,RI,2010,195329
2024F,TETCB,RI,2011,185475
2024F,TETCB,RI,2012,183410
2024F,TETCB,RI,2013,195495
2024F,TETCB,RI,2014,202368
2024F,TETCB,RI,2015,201693
2024F,TETCB,RI,2016,183576
2024F,TETCB,RI,2017,180781
2024F,TETCB,RI,2018,193939
2024F,TETCB,RI,2019,187844
2024F,TETCB,RI,2020,172619
2024F,TETCB,RI,2021,183460
2024F,TETCB,RI,2022,188301
2024F,TETCB,RI,2023,183971
2024F,TETCB,RI,2024,187859
2024F,TETCB,SC,1960,470644
2024F,TETCB,SC,1961,486981
2024F,TETCB,SC,1962,518785
2024F,TETCB,SC,1963,540390
2024F,TETCB,SC,1964,538601
2024F,TETCB,SC,1965,533177
2024F,TETCB,SC,1966,572958
2024F,TETCB,SC,1967,579648
2024F,TETCB,SC,1968,630476
2024F,TETCB,SC,1969,672012
2024F,TETCB,SC,1970,718023
2024F,TETCB,SC,1971,749231
2024F,TETCB,SC,1972,801954
2024F,TETCB,SC,1973,852344
2024F,TETCB,SC,1974,821219
2024F,TETCB,SC,1975,804343
2024F,TETCB,SC,1976,929387
2024F,TETCB,SC,1977,972082
2024F,TETCB,SC,1978,959296
2024F,TETCB,SC,1979,950123
2024F,TETCB,SC,1980,962593
2024F,TETCB,SC,1981,967265
2024F,TETCB,SC,1982,929981
2024F,TETCB,SC,1983,959336
2024F,TETCB,SC,1984,1023171
2024F,TETCB,SC,1985,1035203
2024F,TETCB,SC,1986,1097582
2024F,TETCB,SC,1987,1139526
2024F,TETCB,SC,1988,1201940
2024F,TETCB,SC,1989,1202893
2024F,TETCB,SC,1990,1250119
2024F,TETCB,SC,1991,1275640
2024F,TETCB,SC,1992,1291013
2024F,TETCB,SC,1993,1351188
2024F,TETCB,SC,1994,1350728
2024F,TETCB,SC,1995,1405544
2024F,TETCB,SC,1996,1445918
2024F,TETCB,SC,1997,1495020
2024F,TETCB,SC,1998,1538769
2024F,TETCB,SC,1999,1557091
2024F,TETCB,SC,2000,1604585
2024F,TETCB,SC,2001,1555221
2024F,TETCB,SC,2002,1593685
2024F,TETCB,SC,2003,1585456
2024F,TETCB,SC,2004,1697642
2024F,TETCB,SC,2005,1667434
2024F,TETCB,SC,2006,1683303
2024F,TETCB,SC,2007,1662874
2024F,TETCB,SC,2008,1631932
2024F,TETCB,SC,2009,1561124
2024F,TETCB,SC,2010,1653024
2024F,TETCB,SC,2011,1612776
2024F,TETCB,SC,2012,1565619
2024F,TETCB,SC,2013,1585960
2024F,TETCB,SC,2014,1630759
2024F,TETCB,SC,2015,1650054
2024F,TETCB,SC,2016,1646983
2024F,TETCB,SC,2017,1637359
2024F,TETCB,SC,2018,1656847
2024F,TETCB,SC,2019,1621809
2024F,TETCB,SC,2020,1507583
2024F,TETCB,SC,2021,1604553
2024F,TETCB,SC,2022,1636096
2024F,TETCB,SC,2023,1613309
2024F,TETCB,SC,2024,1645081
2024F,TETCB,SD,1960,126329
2024F,TETCB,SD,1961,128938
2024F,TETCB,SD,1962,133739
2024F,TETCB,SD,1963,137535
2024F,TETCB,SD,1964,140792
2024F,TETCB,SD,1965,136825
2024F,TETCB,SD,1966,143217
2024F,TETCB,SD,1967,142214
2024F,TETCB,SD,1968,149953
2024F,TETCB,SD,1969,156092
2024F,TETCB,SD,1970,164997
2024F,TETCB,SD,1971,166139
2024F,TETCB,SD,1972,175091
2024F,TETCB,SD,1973,172844
2024F,TETCB,SD,1974,168036
2024F,TETCB,SD,1975,176753
2024F,TETCB,SD,1976,190485
2024F,TETCB,SD,1977,193013
2024F,TETCB,SD,1978,200780
2024F,TETCB,SD,1979,199907
2024F,TETCB,SD,1980,185695
2024F,TETCB,SD,1981,174195
2024F,TETCB,SD,1982,185559
2024F,TETCB,SD,1983,179181
2024F,TETCB,SD,1984,182857
2024F,TETCB,SD,1985,189618
2024F,TETCB,SD,1986,189724
2024F,TETCB,SD,1987,190735
2024F,TETCB,SD,1988,201296
2024F,TETCB,SD,1989,209498
2024F,TETCB,SD,1990,192425
2024F,TETCB,SD,1991,189426
2024F,TETCB,SD,1992,194272
2024F,TETCB,SD,1993,214317
2024F,TETCB,SD,1994,204684
2024F,TETCB,SD,1995,204588
2024F,TETCB,SD,1996,209718
2024F,TETCB,SD,1997,204290
2024F,TETCB,SD,1998,206384
2024F,TETCB,SD,1999,212078
2024F,TETCB,SD,2000,226359
2024F,TETCB,SD,2001,231498
2024F,TETCB,SD,2002,244625
2024F,TETCB,SD,2003,249667
2024F,TETCB,SD,2004,262850
2024F,TETCB,SD,2005,283354
2024F,TETCB,SD,2006,286489
2024F,TETCB,SD,2007,308666
2024F,TETCB,SD,2008,330909
2024F,TETCB,SD,2009,330443
2024F,TETCB,SD,2010,334585
2024F,TETCB,SD,2011,319202
2024F,TETCB,SD,2012,324164
2024F,TETCB,SD,2013,347198
2024F,TETCB,SD,2014,344667
2024F,TETCB,SD,2015,344475
2024F,TETCB,SD,2016,337513
2024F,TETCB,SD,2017,344608
2024F,TETCB,SD,2018,354090
2024F,TETCB,SD,2019,351244
2024F,TETCB,SD,2020,339057
2024F,TETCB,SD,2021,348459
2024F,TETCB,SD,2022,354014
2024F,TETCB,SD,2023,349547
2024F,TETCB,SD,2024,346813
2024F,TETCB,TN,1960,901868
2024F,TETCB,TN,1961,918819
2024F,TETCB,TN,1962,952585
2024F,TETCB,TN,1963,1002040
2024F,TETCB,TN,1964,1027256
2024F,TETCB,TN,1965,1073130
2024F,TETCB,TN,1966,1169002
2024F,TETCB,TN,1967,1168508
2024F,TETCB,TN,1968,1222239
2024F,TETCB,TN,1969,1272904
2024F,TETCB,TN,1970,1299734
2024F,TETCB,TN,1971,1304583
2024F,TETCB,TN,1972,1407370
2024F,TETCB,TN,1973,1544553
2024F,TETCB,TN,1974,1500823
2024F,TETCB,TN,1975,1530956
2024F,TETCB,TN,1976,1641347
2024F,TETCB,TN,1977,1718508
2024F,TETCB,TN,1978,1692164
2024F,TETCB,TN,1979,1730672
2024F,TETCB,TN,1980,1656048
2024F,TETCB,TN,1981,1630754
2024F,TETCB,TN,1982,1541882
2024F,TETCB,TN,1983,1582505
2024F,TETCB,TN,1984,1664445
2024F,TETCB,TN,1985,1650687
2024F,TETCB,TN,1986,1639259
2024F,TETCB,TN,1987,1660819
2024F,TETCB,TN,1988,1731416
2024F,TETCB,TN,1989,1772389
2024F,TETCB,TN,1990,1730495
2024F,TETCB,TN,1991,1722162
2024F,TETCB,TN,1992,1775827
2024F,TETCB,TN,1993,1815778
2024F,TETCB,TN,1994,1845442
2024F,TETCB,TN,1995,1882763
2024F,TETCB,TN,1996,1974588
2024F,TETCB,TN,1997,1960857
2024F,TETCB,TN,1998,2043128
2024F,TETCB,TN,1999,2103753
2024F,TETCB,TN,2000,2150751
2024F,TETCB,TN,2001,2158909
2024F,TETCB,TN,2002,2174381
2024F,TETCB,TN,2003,2165119
2024F,TETCB,TN,2004,2208080
2024F,TETCB,TN,2005,2272899
2024F,TETCB,TN,2006,2273635
2024F,TETCB,TN,2007,2303132
2024F,TETCB,TN,2008,2235386
2024F,TETCB,TN,2009,2010131
2024F,TETCB,TN,2010,2185117
2024F,TETCB,TN,2011,2116100
2024F,TETCB,TN,2012,2010894
2024F,TETCB,TN,2013,2042401
2024F,TETCB,TN,2014,2127976
2024F,TETCB,TN,2015,2099072
2024F,TETCB,TN,2016,2140902
2024F,TETCB,TN,2017,2068889
2024F,TETCB,TN,2018,2144103
2024F,TETCB,TN,2019,2094297
2024F,TETCB,TN,2020,1941206
2024F,TETCB,TN,2021,2101684
2024F,TETCB,TN,2022,2109856
2024F,TETCB,TN,2023,2057422
2024F,TETCB,TN,2024,2092383
2024F,TETCB,TX,1960,4360558
2024F,TETCB,TX,1961,4390700
2024F,TETCB,TX,1962,4574179
2024F,TETCB,TX,1963,4826435
2024F,TETCB,TX,1964,4940057
2024F,TETCB,TX,1965,5130088
2024F,TETCB,TX,1966,5473345
2024F,TETCB,TX,1967,5780021
2024F,TETCB,TX,1968,6168197
2024F,TETCB,TX,1969,6536713
2024F,TETCB,TX,1970,6800662
2024F,TETCB,TX,1971,7100513
2024F,TETCB,TX,1972,7484526
2024F,TETCB,TX,1973,8104240
2024F,TETCB,TX,1974,7935781
2024F,TETCB,TX,1975,7353715
2024F,TETCB,TX,1976,7688266
2024F,TETCB,TX,1977,8351949
2024F,TETCB,TX,1978,8780868
2024F,TETCB,TX,1979,9148063
2024F,TETCB,TX,1980,9217160
2024F,TETCB,TX,1981,8985609
2024F,TETCB,TX,1982,8273319
2024F,TETCB,TX,1983,8192171
2024F,TETCB,TX,1984,8735160
2024F,TETCB,TX,1985,8824053
2024F,TETCB,TX,1986,8816504
2024F,TETCB,TX,1987,9079399
2024F,TETCB,TX,1988,9671414
2024F,TETCB,TX,1989,9919203
2024F,TETCB,TX,1990,10079993
2024F,TETCB,TX,1991,10080020
2024F,TETCB,TX,1992,10236320
2024F,TETCB,TX,1993,10339357
2024F,TETCB,TX,1994,10653346
2024F,TETCB,TX,1995,10800158
2024F,TETCB,TX,1996,11572187
2024F,TETCB,TX,1997,11972410
2024F,TETCB,TX,1998,12151583
2024F,TETCB,TX,1999,11778877
2024F,TETCB,TX,2000,12133169
2024F,TETCB,TX,2001,11927025
2024F,TETCB,TX,2002,12216726
2024F,TETCB,TX,2003,12006763
2024F,TETCB,TX,2004,12047529
2024F,TETCB,TX,2005,11505194
2024F,TETCB,TX,2006,11632230
2024F,TETCB,TX,2007,11711410
2024F,TETCB,TX,2008,11153070
2024F,TETCB,TX,2009,10745559
2024F,TETCB,TX,2010,11419098
2024F,TETCB,TX,2011,11624313
2024F,TETCB,TX,2012,11651252
2024F,TETCB,TX,2013,12390011
2024F,TETCB,TX,2014,12356868
2024F,TETCB,TX,2015,12470311
2024F,TETCB,TX,2016,12618418
2024F,TETCB,TX,2017,12740600
2024F,TETCB,TX,2018,13540565
2024F,TETCB,TX,2019,13723614
2024F,TETCB,TX,2020,12982203
2024F,TETCB,TX,2021,13721691
2024F,TETCB,TX,2022,13835706
2024F,TETCB,TX,2023,14149656
2024F,TETCB,TX,2024,14536890
2024F,TETCB,US,1960,43935276
2024F,TETCB,US,1961,44557699
2024F,TETCB,US,1962,46543126
2024F,TETCB,US,1963,48409682
2024F,TETCB,US,1964,50494169
2024F,TETCB,US,1965,52577565
2024F,TETCB,US,1966,55573431
2024F,TETCB,US,1967,57335511
2024F,TETCB,US,1968,60820699
2024F,TETCB,US,1969,63791447
2024F,TETCB,US,1970,65939114
2024F,TETCB,US,1971,67255613
2024F,TETCB,US,1972,70744691
2024F,TETCB,US,1973,73788463
2024F,TETCB,US,1974,71758674
2024F,TETCB,US,1975,69810078
2024F,TETCB,US,1976,73944199
2024F,TETCB,US,1977,76351470
2024F,TETCB,US,1978,77987575
2024F,TETCB,US,1979,78844092
2024F,TETCB,US,1980,76064555
2024F,TETCB,US,1981,74195857
2024F,TETCB,US,1982,70772226
2024F,TETCB,US,1983,70452934
2024F,TETCB,US,1984,74177235
2024F,TETCB,US,1985,74340863
2024F,TETCB,US,1986,74451441
2024F,TETCB,US,1987,77112925
2024F,TETCB,US,1988,81077213
2024F,TETCB,US,1989,82703379
2024F,TETCB,US,1990,82277974
2024F,TETCB,US,1991,82212657
2024F,TETCB,US,1992,83842847
2024F,TETCB,US,1993,85220279
2024F,TETCB,US,1994,87080163
2024F,TETCB,US,1995,88732046
2024F,TETCB,US,1996,91474194
2024F,TETCB,US,1997,92105715
2024F,TETCB,US,1998,92614839
2024F,TETCB,US,1999,94212808
2024F,TETCB,US,2000,96686060
2024F,TETCB,US,2001,94391208
2024F,TETCB,US,2002,95582476
2024F,TETCB,US,2003,95806580
2024F,TETCB,US,2004,98044608
2024F,TETCB,US,2005,98108764
2024F,TETCB,US,2006,97231383
2024F,TETCB,US,2007,98987749
2024F,TETCB,US,2008,96657598
2024F,TETCB,US,2009,91630574
2024F,TETCB,US,2010,95129103
2024F,TETCB,US,2011,93969435
2024F,TETCB,US,2012,91664394
2024F,TETCB,US,2013,94234417
2024F,TETCB,US,2014,95322209
2024F,TETCB,US,2015,94462877
2024F,TETCB,US,2016,94072893
2024F,TETCB,US,2017,93892854
2024F,TETCB,US,2018,97391985
2024F,TETCB,US,2019,96564778
2024F,TETCB,US,2020,88856912
2024F,TETCB,US,2021,93348743
2024F,TETCB,US,2022,94937305
2024F,TETCB,US,2023,93699729
2024F,TETCB,US,2024,94543438
2024F,TETCB,UT,1960,297816
2024F,TETCB,UT,1961,295102
2024F,TETCB,UT,1962,304207
2024F,TETCB,UT,1963,305867
2024F,TETCB,UT,1964,328529
2024F,TETCB,UT,1965,334068
2024F,TETCB,UT,1966,345393
2024F,TETCB,UT,1967,339353
2024F,TETCB,UT,1968,359857
2024F,TETCB,UT,1969,389180
2024F,TETCB,UT,1970,390387
2024F,TETCB,UT,1971,408040
2024F,TETCB,UT,1972,420848
2024F,TETCB,UT,1973,450046
2024F,TETCB,UT,1974,464636
2024F,TETCB,UT,1975,471087
2024F,TETCB,UT,1976,501641
2024F,TETCB,UT,1977,478962
2024F,TETCB,UT,1978,501158
2024F,TETCB,UT,1979,516471
2024F,TETCB,UT,1980,494529
2024F,TETCB,UT,1981,467798
2024F,TETCB,UT,1982,454466
2024F,TETCB,UT,1983,477021
2024F,TETCB,UT,1984,491118
2024F,TETCB,UT,1985,488948
2024F,TETCB,UT,1986,459147
2024F,TETCB,UT,1987,452427
2024F,TETCB,UT,1988,517229
2024F,TETCB,UT,1989,526248
2024F,TETCB,UT,1990,535789
2024F,TETCB,UT,1991,564864
2024F,TETCB,UT,1992,551440
2024F,TETCB,UT,1993,575833
2024F,TETCB,UT,1994,586381
2024F,TETCB,UT,1995,635710
2024F,TETCB,UT,1996,664944
2024F,TETCB,UT,1997,678299
2024F,TETCB,UT,1998,701774
2024F,TETCB,UT,1999,693588
2024F,TETCB,UT,2000,740298
2024F,TETCB,UT,2001,710796
2024F,TETCB,UT,2002,690668
2024F,TETCB,UT,2003,701636
2024F,TETCB,UT,2004,732464
2024F,TETCB,UT,2005,757644
2024F,TETCB,UT,2006,775083
2024F,TETCB,UT,2007,778099
2024F,TETCB,UT,2008,764169
2024F,TETCB,UT,2009,736713
2024F,TETCB,UT,2010,746684
2024F,TETCB,UT,2011,780574
2024F,TETCB,UT,2012,777304
2024F,TETCB,UT,2013,816066
2024F,TETCB,UT,2014,786880
2024F,TETCB,UT,2015,789786
2024F,TETCB,UT,2016,791541
2024F,TETCB,UT,2017,801222
2024F,TETCB,UT,2018,821393
2024F,TETCB,UT,2019,833627
2024F,TETCB,UT,2020,804018
2024F,TETCB,UT,2021,822993
2024F,TETCB,UT,2022,851481
2024F,TETCB,UT,2023,847097
2024F,TETCB,UT,2024,856628
2024F,TETCB,VA,1960,832709
2024F,TETCB,VA,1961,834806
2024F,TETCB,VA,1962,861694
2024F,TETCB,VA,1963,917827
2024F,TETCB,VA,1964,945535
2024F,TETCB,VA,1965,1018832
2024F,TETCB,VA,1966,1089208
2024F,TETCB,VA,1967,1105033
2024F,TETCB,VA,1968,1164157
2024F,TETCB,VA,1969,1198647
2024F,TETCB,VA,1970,1241013
2024F,TETCB,VA,1971,1281610
2024F,TETCB,VA,1972,1334357
2024F,TETCB,VA,1973,1392677
2024F,TETCB,VA,1974,1334947
2024F,TETCB,VA,1975,1310844
2024F,TETCB,VA,1976,1397442
2024F,TETCB,VA,1977,1450021
2024F,TETCB,VA,1978,1470097
2024F,TETCB,VA,1979,1523603
2024F,TETCB,VA,1980,1485275
2024F,TETCB,VA,1981,1469642
2024F,TETCB,VA,1982,1446464
2024F,TETCB,VA,1983,1498929
2024F,TETCB,VA,1984,1580295
2024F,TETCB,VA,1985,1619492
2024F,TETCB,VA,1986,1700064
2024F,TETCB,VA,1987,1797316
2024F,TETCB,VA,1988,1877896
2024F,TETCB,VA,1989,1909264
2024F,TETCB,VA,1990,1947533
2024F,TETCB,VA,1991,1953955
2024F,TETCB,VA,1992,1982330
2024F,TETCB,VA,1993,2056463
2024F,TETCB,VA,1994,2081090
2024F,TETCB,VA,1995,2146979
2024F,TETCB,VA,1996,2185166
2024F,TETCB,VA,1997,2186090
2024F,TETCB,VA,1998,2224990
2024F,TETCB,VA,1999,2286540
2024F,TETCB,VA,2000,2392470
2024F,TETCB,VA,2001,2322159
2024F,TETCB,VA,2002,2345733
2024F,TETCB,VA,2003,2414114
2024F,TETCB,VA,2004,2540898
2024F,TETCB,VA,2005,2616525
2024F,TETCB,VA,2006,2555818
2024F,TETCB,VA,2007,2616980
2024F,TETCB,VA,2008,2514658
2024F,TETCB,VA,2009,2396260
2024F,TETCB,VA,2010,2497786
2024F,TETCB,VA,2011,2378365
2024F,TETCB,VA,2012,2318891
2024F,TETCB,VA,2013,2389742
2024F,TETCB,VA,2014,2445382
2024F,TETCB,VA,2015,2407022
2024F,TETCB,VA,2016,2385410
2024F,TETCB,VA,2017,2362642
2024F,TETCB,VA,2018,2454026
2024F,TETCB,VA,2019,2422113
2024F,TETCB,VA,2020,2239403
2024F,TETCB,VA,2021,2388472
2024F,TETCB,VA,2022,2453014
2024F,TETCB,VA,2023,2447496
2024F,TETCB,VA,2024,2471179
2024F,TETCB,VT,1960,66721
2024F,TETCB,VT,1961,70058
2024F,TETCB,VT,1962,72746
2024F,TETCB,VT,1963,72658
2024F,TETCB,VT,1964,70042
2024F,TETCB,VT,1965,80804
2024F,TETCB,VT,1966,88469
2024F,TETCB,VT,1967,91481
2024F,TETCB,VT,1968,97423
2024F,TETCB,VT,1969,102983
2024F,TETCB,VT,1970,109479
2024F,TETCB,VT,1971,112832
2024F,TETCB,VT,1972,119600
2024F,TETCB,VT,1973,122307
2024F,TETCB,VT,1974,112344
2024F,TETCB,VT,1975,110238
2024F,TETCB,VT,1976,127498
2024F,TETCB,VT,1977,126197
2024F,TETCB,VT,1978,130588
2024F,TETCB,VT,1979,127700
2024F,TETCB,VT,1980,121597
2024F,TETCB,VT,1981,116913
2024F,TETCB,VT,1982,110606
2024F,TETCB,VT,1983,118391
2024F,TETCB,VT,1984,128061
2024F,TETCB,VT,1985,130508
2024F,TETCB,VT,1986,124431
2024F,TETCB,VT,1987,133973
2024F,TETCB,VT,1988,141384
2024F,TETCB,VT,1989,138924
2024F,TETCB,VT,1990,120223
2024F,TETCB,VT,1991,128363
2024F,TETCB,VT,1992,134610
2024F,TETCB,VT,1993,132284
2024F,TETCB,VT,1994,132305
2024F,TETCB,VT,1995,129962
2024F,TETCB,VT,1996,135643
2024F,TETCB,VT,1997,141458
2024F,TETCB,VT,1998,131927
2024F,TETCB,VT,1999,131361
2024F,TETCB,VT,2000,143500
2024F,TETCB,VT,2001,144411
2024F,TETCB,VT,2002,143803
2024F,TETCB,VT,2003,146619
2024F,TETCB,VT,2004,155954
2024F,TETCB,VT,2005,154552
2024F,TETCB,VT,2006,151182
2024F,TETCB,VT,2007,151660
2024F,TETCB,VT,2008,140092
2024F,TETCB,VT,2009,151042
2024F,TETCB,VT,2010,150072
2024F,TETCB,VT,2011,145883
2024F,TETCB,VT,2012,126970
2024F,TETCB,VT,2013,134426
2024F,TETCB,VT,2014,137334
2024F,TETCB,VT,2015,136391
2024F,TETCB,VT,2016,130518
2024F,TETCB,VT,2017,129119
2024F,TETCB,VT,2018,133257
2024F,TETCB,VT,2019,132786
2024F,TETCB,VT,2020,112651
2024F,TETCB,VT,2021,115539
2024F,TETCB,VT,2022,116256
2024F,TETCB,VT,2023,112979
2024F,TETCB,VT,2024,114172
2024F,TETCB,WA,1960,765416
2024F,TETCB,WA,1961,781340
2024F,TETCB,WA,1962,815155
2024F,TETCB,WA,1963,856629
2024F,TETCB,WA,1964,914648
2024F,TETCB,WA,1965,946205
2024F,TETCB,WA,1966,1009305
2024F,TETCB,WA,1967,1055494
2024F,TETCB,WA,1968,1154184
2024F,TETCB,WA,1969,1230966
2024F,TETCB,WA,1970,1232959
2024F,TETCB,WA,1971,1257977
2024F,TETCB,WA,1972,1393380
2024F,TETCB,WA,1973,1434372
2024F,TETCB,WA,1974,1418747
2024F,TETCB,WA,1975,1387483
2024F,TETCB,WA,1976,1439846
2024F,TETCB,WA,1977,1475954
2024F,TETCB,WA,1978,1551259
2024F,TETCB,WA,1979,1601513
2024F,TETCB,WA,1980,1570553
2024F,TETCB,WA,1981,1690429
2024F,TETCB,WA,1982,1586643
2024F,TETCB,WA,1983,1538460
2024F,TETCB,WA,1984,1644647
2024F,TETCB,WA,1985,1656516
2024F,TETCB,WA,1986,1690106
2024F,TETCB,WA,1987,1752210
2024F,TETCB,WA,1988,1893773
2024F,TETCB,WA,1989,1945568
2024F,TETCB,WA,1990,1469535
2024F,TETCB,WA,1991,1455784
2024F,TETCB,WA,1992,1629613
2024F,TETCB,WA,1993,1636746
2024F,TETCB,WA,1994,1639485
2024F,TETCB,WA,1995,1584581
2024F,TETCB,WA,1996,1580328
2024F,TETCB,WA,1997,1588049
2024F,TETCB,WA,1998,1687210
2024F,TETCB,WA,1999,1702632
2024F,TETCB,WA,2000,1702888
2024F,TETCB,WA,2001,1647875
2024F,TETCB,WA,2002,1439872
2024F,TETCB,WA,2003,1455598
2024F,TETCB,WA,2004,1506656
2024F,TETCB,WA,2005,1531850
2024F,TETCB,WA,2006,1573356
2024F,TETCB,WA,2007,1581440
2024F,TETCB,WA,2008,1566324
2024F,TETCB,WA,2009,1549202
2024F,TETCB,WA,2010,1544121
2024F,TETCB,WA,2011,1478974
2024F,TETCB,WA,2012,1487413
2024F,TETCB,WA,2013,1552338
2024F,TETCB,WA,2014,1530727
2024F,TETCB,WA,2015,1564101
2024F,TETCB,WA,2016,1636703
2024F,TETCB,WA,2017,1635888
2024F,TETCB,WA,2018,1627512
2024F,TETCB,WA,2019,1702540
2024F,TETCB,WA,2020,1419802
2024F,TETCB,WA,2021,1525776
2024F,TETCB,WA,2022,1571958
2024F,TETCB,WA,2023,1598228
2024F,TETCB,WA,2024,1606278
2024F,TETCB,WI,1960,832218
2024F,TETCB,WI,1961,854807
2024F,TETCB,WI,1962,894005
2024F,TETCB,WI,1963,917225
2024F,TETCB,WI,1964,950639
2024F,TETCB,WI,1965,1003599
2024F,TETCB,WI,1966,1065011
2024F,TETCB,WI,1967,1106590
2024F,TETCB,WI,1968,1153728
2024F,TETCB,WI,1969,1214670
2024F,TETCB,WI,1970,1255789
2024F,TETCB,WI,1971,1257505
2024F,TETCB,WI,1972,1252105
2024F,TETCB,WI,1973,1318780
2024F,TETCB,WI,1974,1301845
2024F,TETCB,WI,1975,1301982
2024F,TETCB,WI,1976,1335863
2024F,TETCB,WI,1977,1408203
2024F,TETCB,WI,1978,1464421
2024F,TETCB,WI,1979,1432035
2024F,TETCB,WI,1980,1427550
2024F,TETCB,WI,1981,1386192
2024F,TETCB,WI,1982,1362563
2024F,TETCB,WI,1983,1374286
2024F,TETCB,WI,1984,1440496
2024F,TETCB,WI,1985,1459152
2024F,TETCB,WI,1986,1381904
2024F,TETCB,WI,1987,1368835
2024F,TETCB,WI,1988,1478397
2024F,TETCB,WI,1989,1478803
2024F,TETCB,WI,1990,1468337
2024F,TETCB,WI,1991,1505945
2024F,TETCB,WI,1992,1505076
2024F,TETCB,WI,1993,1567464
2024F,TETCB,WI,1994,1614589
2024F,TETCB,WI,1995,1677031
2024F,TETCB,WI,1996,1736202
2024F,TETCB,WI,1997,1741271
2024F,TETCB,WI,1998,1734589
2024F,TETCB,WI,1999,1825284
2024F,TETCB,WI,2000,1861007
2024F,TETCB,WI,2001,1835152
2024F,TETCB,WI,2002,1869261
2024F,TETCB,WI,2003,1849371
2024F,TETCB,WI,2004,1872654
2024F,TETCB,WI,2005,1940762
2024F,TETCB,WI,2006,1849964
2024F,TETCB,WI,2007,1884986
2024F,TETCB,WI,2008,1874261
2024F,TETCB,WI,2009,1741700
2024F,TETCB,WI,2010,1783907
2024F,TETCB,WI,2011,1767662
2024F,TETCB,WI,2012,1710324
2024F,TETCB,WI,2013,1804527
2024F,TETCB,WI,2014,1853190
2024F,TETCB,WI,2015,1785037
2024F,TETCB,WI,2016,1766219
2024F,TETCB,WI,2017,1782766
2024F,TETCB,WI,2018,1862142
2024F,TETCB,WI,2019,1812971
2024F,TETCB,WI,2020,1660363
2024F,TETCB,WI,2021,1721496
2024F,TETCB,WI,2022,1770418
2024F,TETCB,WI,2023,1692421
2024F,TETCB,WI,2024,1644143
2024F,TETCB,WV,1960,600357
2024F,TETCB,WV,1961,630635
2024F,TETCB,WV,1962,636728
2024F,TETCB,WV,1963,671815
2024F,TETCB,WV,1964,709893
2024F,TETCB,WV,1965,733287
2024F,TETCB,WV,1966,752206
2024F,TETCB,WV,1967,717477
2024F,TETCB,WV,1968,785300
2024F,TETCB,WV,1969,772288
2024F,TETCB,WV,1970,772652
2024F,TETCB,WV,1971,755096
2024F,TETCB,WV,1972,804673
2024F,TETCB,WV,1973,821736
2024F,TETCB,WV,1974,814750
2024F,TETCB,WV,1975,765574
2024F,TETCB,WV,1976,802869
2024F,TETCB,WV,1977,800616
2024F,TETCB,WV,1978,785151
2024F,TETCB,WV,1979,799019
2024F,TETCB,WV,1980,763814
2024F,TETCB,WV,1981,745647
2024F,TETCB,WV,1982,686216
2024F,TETCB,WV,1983,653467
2024F,TETCB,WV,1984,691602
2024F,TETCB,WV,1985,642175
2024F,TETCB,WV,1986,645031
2024F,TETCB,WV,1987,660813
2024F,TETCB,WV,1988,707825
2024F,TETCB,WV,1989,727047
2024F,TETCB,WV,1990,696077
2024F,TETCB,WV,1991,666303
2024F,TETCB,WV,1992,679096
2024F,TETCB,WV,1993,702357
2024F,TETCB,WV,1994,728995
2024F,TETCB,WV,1995,731109
2024F,TETCB,WV,1996,702811
2024F,TETCB,WV,1997,702526
2024F,TETCB,WV,1998,729892
2024F,TETCB,WV,1999,713456
2024F,TETCB,WV,2000,732445
2024F,TETCB,WV,2001,726547
2024F,TETCB,WV,2002,751113
2024F,TETCB,WV,2003,705288
2024F,TETCB,WV,2004,728468
2024F,TETCB,WV,2005,731143
2024F,TETCB,WV,2006,754206
2024F,TETCB,WV,2007,784759
2024F,TETCB,WV,2008,770619
2024F,TETCB,WV,2009,697144
2024F,TETCB,WV,2010,743427
2024F,TETCB,WV,2011,729552
2024F,TETCB,WV,2012,721767
2024F,TETCB,WV,2013,740619
2024F,TETCB,WV,2014,772016
2024F,TETCB,WV,2015,759008
2024F,TETCB,WV,2016,752502
2024F,TETCB,WV,2017,742118
2024F,TETCB,WV,2018,818410
2024F,TETCB,WV,2019,817772
2024F,TETCB,WV,2020,786371
2024F,TETCB,WV,2021,835906
2024F,TETCB,WV,2022,830068
2024F,TETCB,WV,2023,833616
2024F,TETCB,WV,2024,835433
2024F,TETCB,WY,1960,140236
2024F,TETCB,WY,1961,153279
2024F,TETCB,WY,1962,171561
2024F,TETCB,WY,1963,161170
2024F,TETCB,WY,1964,161238
2024F,TETCB,WY,1965,169369
2024F,TETCB,WY,1966,176810
2024F,TETCB,WY,1967,200843
2024F,TETCB,WY,1968,221358
2024F,TETCB,WY,1969,245717
2024F,TETCB,WY,1970,251486
2024F,TETCB,WY,1971,264193
2024F,TETCB,WY,1972,282588
2024F,TETCB,WY,1973,279112
2024F,TETCB,WY,1974,273615
2024F,TETCB,WY,1975,271784
2024F,TETCB,WY,1976,295007
2024F,TETCB,WY,1977,320906
2024F,TETCB,WY,1978,348783
2024F,TETCB,WY,1979,371915
2024F,TETCB,WY,1980,355525
2024F,TETCB,WY,1981,346244
2024F,TETCB,WY,1982,354790
2024F,TETCB,WY,1983,319981
2024F,TETCB,WY,1984,341363
2024F,TETCB,WY,1985,348098
2024F,TETCB,WY,1986,327001
2024F,TETCB,WY,1987,356005
2024F,TETCB,WY,1988,363842
2024F,TETCB,WY,1989,373500
2024F,TETCB,WY,1990,397940
2024F,TETCB,WY,1991,386520
2024F,TETCB,WY,1992,420166
2024F,TETCB,WY,1993,405233
2024F,TETCB,WY,1994,406194
2024F,TETCB,WY,1995,401562
2024F,TETCB,WY,1996,412595
2024F,TETCB,WY,1997,411936
2024F,TETCB,WY,1998,418381
2024F,TETCB,WY,1999,422871
2024F,TETCB,WY,2000,425392
2024F,TETCB,WY,2001,435687
2024F,TETCB,WY,2002,436429
2024F,TETCB,WY,2003,459188
2024F,TETCB,WY,2004,448135
2024F,TETCB,WY,2005,453595
2024F,TETCB,WY,2006,474497
2024F,TETCB,WY,2007,520180
2024F,TETCB,WY,2008,533990
2024F,TETCB,WY,2009,516461
2024F,TETCB,WY,2010,530525
2024F,TETCB,WY,2011,543357
2024F,TETCB,WY,2012,539288
2024F,TETCB,WY,2013,529131
2024F,TETCB,WY,2014,524526
2024F,TETCB,WY,2015,496974
2024F,TETCB,WY,2016,493130
2024F,TETCB,WY,2017,522832
2024F,TETCB,WY,2018,546559
2024F,TETCB,WY,2019,534437
2024F,TETCB,WY,2020,483972
2024F,TETCB,WY,2021,481378
2024F,TETCB,WY,2022,494391
2024F,TETCB,WY,2023,500326
2024F,TETCB,WY,2024,507065
